displayName,userPrincipalName,userType,onPremisesSyncEnabled,companyName,creationType,department
007legalidad,007legalidad_gmail.com#EXT#@icavecommx0.onmicrosoft.com,Guest,,,Invitation,
202360373,202360373_UCC.MX#EXT#@icavecommx0.onmicrosoft.com,Guest,,,Invitation,
a20190469,a20190469_utem.edu.mx#EXT#@icavecommx0.onmicrosoft.com,Guest,,,Invitation,
aainsa,aainsa_parker-russell.com#EXT#@icavecommx0.onmicrosoft.com,Guest,,,Invitation,
aalbury,aalbury_bahamasstriping.com#EXT#@icavecommx0.onmicrosoft.com,Guest,,,Invitation,
Aaron Reyna,areyna@ppc.com.pa,Member,TRUE,Panama Ports Company,,Operaciones
Abdiel Batista,abatista@ppc.com.pa,Member,TRUE,Panama Ports Company,,Operaciones
Abdiel Cruz,acruz@ppc.com.pa,Member,TRUE,Panama Ports Company,,Planificación y Presupuesto
Abdiel Gonzalez,agonzalez@ppc.com.pa,Member,TRUE,Panama Ports Company,,Servicios Comerciales
Abdiel Lopez,alopez@ppc.com.pa,Member,TRUE,Panama Ports Company,,Operaciones
Abel Uscanga Muñoz,uscanga.abel@tnghph.com.mx,Member,TRUE,Hutchison Ports TNG,,Integrated Management System
Abhijeet Kumar,Kumar.Abhijeet@fcpbahamas.com,Member,TRUE,Freeport Container Port,,FCP Engineering Department
abigail,abigail_abogados-ola.com.mx#EXT#@icavecommx0.onmicrosoft.com,Guest,,,Invitation,
Abigail Honorato,abigail.honorato_caaarem.mx#EXT#@icavecommx0.onmicrosoft.com,Guest,,,Invitation,
Abigail Mendez Cortez,mendez.abigail@timsamx.com,Member,TRUE,Hutchison Ports TIMSA,,Salud Ocupacional
Abigail Valencia,avalencia@ppc.com.pa,Member,TRUE,Panama Ports Company,,Operaciones
Abilene Sarahi Rivas Ortiz,rivas.abilene@enseit.com,Member,TRUE,Hutchison Ports EIT,,Finanzas
abogados.laborales,abogados.laborales@icavecommx0.onmicrosoft.com,Member,,,,
abogadosmanzanillo,abogadosmanzanillo_hotmail.com#EXT#@icavecommx0.onmicrosoft.com,Guest,,,Invitation,
Abraham Alejandro Olivares Garcia,olivares.abraham@icave.com.mx,Member,TRUE,Hutchison Ports ICAVE,,Gerencia de Operaciones
Abraham Guevara Ocampo,guevara.abraham@lctpc.com.mx,Member,TRUE,Hutchison Ports LCT,,Jefatura de Riesgos
"Abraham Gutierrez (IT, Practicante)",agutierrez@ppc.com.pa,Member,TRUE,Panama Ports Company,,Tecnología de Información
Abraham Jafet Vargas Jaramillo,vargas.abraham@lctpc.com.mx,Member,TRUE,Hutchison Ports LCT,,Jefatura de Salud Ocupacional y Segurida
Abraham Trigeros,abraham_ehecatl.com.mx#EXT#@icavecommx0.onmicrosoft.com,Guest,,Ehecatl,Invitation,
ACastroR,ACastroR_cpkcm.mx#EXT#@icavecommx0.onmicrosoft.com,Guest,,,Invitation,
Acceso Aplicaciones OCR y RPA,rpa@icave.com.mx,Member,TRUE,Hutchison Ports ICAVE,,Subgerencia de Sistemas
acevedodominguezjose,acevedodominguezjose_gmail.com#EXT#@icavecommx0.onmicrosoft.com,Guest,,,Invitation,
Actualizate,actualizate@ppc.com.pa,Member,TRUE,Panama Ports Company,,Recursos Humanos
Adalberto Barcelata Medina,barcelata.adalberto@tilh.com.mx,Member,TRUE,Hutchison Ports TILH,,Gerencia de Operaciones
adalberto.asprilla@maersk.com,adalberto.asprilla_maersk.com#EXT#@icavecommx0.onmicrosoft.com,Guest,,,Invitation,
Adan Ortega,aortega@ppc.com.pa,Member,TRUE,Panama Ports Company,,Ingeniería
Adela Lizeth Barro Acevedo,barro.adela@tnghph.com.mx,Member,TRUE,Hutchison Ports TNG,,Human Resources Submanagement
Adela Villa Urieta,villa.adela@lctpc.com.mx,Member,TRUE,Hutchison Ports LCT,,Subgerencia de Planeacion
Adele Johnson,Johnson.Adele@FHCBAHAMAS.COM,Member,TRUE,Freeport Harbour Company,,FHC Security Department
Adhara Gomez Corona,gomez.adhara@timsamx.com,Member,TRUE,Hutchison Ports TIMSA,,Mantenimiento
Adhara Lizette Campos Flores,campos.adhara@timsamx.com,Member,TRUE,Hutchison Ports TIMSA,,Subgerencia de Sistemas
Adhara Suhail Sarabia Alvarado,sarabia.adhara@icave.com.mx,Member,TRUE,Hutchison Ports ICAVE,,"Mejora, Desarrollo e Innovacion"
Adiel Israel Hernandez Villegas,hernandez.adiel@hutchisonports.com.mx,Member,TRUE,Hutchison Ports ICAVE,,Planning Center
Admin Azure FCP,azure.fcpbahamas@hutchisonports.com.mx,Member,,,,
Admin Azure PPC,azure.ppc@hutchisonports.com.mx,Member,,,,
admin contpaq eit,admincontpaq.eit@icavecommx0.onmicrosoft.com,Member,TRUE,Hutchison Ports EIT,,Servicios de TI
adminiisdeveit,_admin.iisdeveit@icavecommx0.onmicrosoft.com,Member,TRUE,Hutchison Ports EIT,,Tecnologias de la Información
administracion,administracion_maxrey.com.mx#EXT#@icavecommx0.onmicrosoft.com,Guest,,,Invitation,
Administrador de cuentas LCTPC,admon.cuentas@lctpc.com.mx,Member,,,,
Administrador de Manageengine,patchadmin@icave.com.mx,Member,TRUE,Hutchison Ports ICAVE,,
Administrador de Sistemas Operativos,adminso@icavecommx0.onmicrosoft.com,Member,TRUE,Hutchison Ports TILH,,Jefatura de Infraestructura
Administrador Dynamics O365,dynamics.admin@icavecommx0.onmicrosoft.com,Member,TRUE,,,
Administrador ICAVE,adminicave@icavecommx0.onmicrosoft.com,Member,TRUE,,,
adminprtgeit,adminprtgeit@icavecommx0.onmicrosoft.com,Member,TRUE,Hutchison Ports EIT,,Sistemas
Adolfo Carvajal Ruiz,carvajal.adolfo@timsamx.com,Member,TRUE,Hutchison Ports TIMSA,,Almacen de Refacciones
Adolfo Morán de Villeda,analista.timsangen@timsamx.com,Member,TRUE,Allied Consulting,,Subgerencia de Sistemas
Adolfo Olivier Carrillo,Olivierc.Adolfo@lctpc.com.mx,Member,TRUE,Hutchison Ports LCT,,Infraestructura
Adolfo Olivier Carrillo LCMT,olivier.adolfomt@lcmt.mx,Member,FALSE,Hutchison Ports LCMT,,
Adolfo Sanchez Rebolledo,sanchez.adolfo@icave.com.mx,Member,TRUE,Hutchison Ports ICAVE,,Mantenimiento Mecanico
Adonis Herrera,aherrera@ppc.com.pa,Member,TRUE,Panama Ports Company,,Seguridad Industrial
"Adrian Albaez (IT, Contractor)",aalbaez@ppc.com.pa,Member,TRUE,Panama Ports Company,,Tecnología de Información
Adrian Aranda,aaranda@ppc.com.pa,Member,TRUE,Panama Ports Company,,Tecnología de Información
Adrian Dawidziuk,a.dawidziuk_gct.pl#EXT#@icavecommx0.onmicrosoft.com,Guest,,,Invitation,
Adriana Carolina Perez Verde,perez.adriana@timsamx.com,Member,TRUE,Hutchison Ports TIMSA,,Comercializacion
Adriana Echegaray Sosa,echegaray.adriana@enseit.com,Member,TRUE,Hutchison Ports EIT,,Recursos Humanos
Adriana Elizabeth Rodriguez Flores,rodriguez.adriana@tnghph.com.mx,Member,TRUE,Hutchison Ports TNG,,Legal
Adriana Isabel Celestino Raya,celestino.adriana@timsamx.com,Member,TRUE,Hutchison Ports TIMSA,,Facturación
Adriana Mendez,adriana.mendez_maersk.com#EXT#@icavecommx0.onmicrosoft.com,Guest,,,Invitation,
Adriana Mendoza Gudiño,amendoza@enseit.com,Member,TRUE,Hutchison Ports EIT,,Patio
Adriana Socorro Juárez Benitez,juarez.adriana@lctpc.com.mx,Member,TRUE,Hutchison Ports LCT,,Subgerencia de Planeacion
Adriana Soto Gil,soto.adriana@lctpc.com.mx,Member,TRUE,Hutchison Ports LCT,,Seguridad Portuaria
Adriana Vianey Vazquez Tamayo,vazquez.adriana@enseit.com,Member,TRUE,Hutchison Ports EIT,,Facturación
ADS,ADS_NOREPLY@FCPBAHAMAS.COM,Member,TRUE,,,
"Afshan Ahsan (CKHH - HWEL - Assistant Manager, GMS)",Afshan.Ahsan_hwleurope.com#EXT#@icavecommx0.onmicrosoft.com,Guest,,Hutchison Whampoa (Europe) Limited,Invitation,
Agente ServiceDesk,agente.servicedesk@icave.com.mx,Member,TRUE,Hutchison Ports ICAVE,,Gerencia de Administración
Agnes Smith,smith.agnes@fhcbahamas.com,Member,TRUE,Freeport Harbour Company,,FHC Security Department
agregadosatm,agregadosatm_hotmail.com#EXT#@icavecommx0.onmicrosoft.com,Guest,,,Invitation,
Aguedo Hernandez,ahernandez@ppc.com.pa,Member,TRUE,Panama Ports Company,,Recursos Humanos
AGUILAR SANDERS Sergio,saguilar_freyssinet.com.mx#EXT#@icavecommx0.onmicrosoft.com,Guest,,,Invitation,
Agustin Abraham Alfonseca Melendez,alfonseca.agustin@icave.com.mx,Member,TRUE,Hutchison Ports ICAVE,,Gerencia de Operaciones
Agustín Bolaños Acevedo,bolanos.agustin@icave.com.mx,Member,TRUE,Hutchison Ports ICAVE,,Gerencia de Operaciones
Agustin Lara Sarmiento,lara.agustin@hutchisonports.com.mx,Member,TRUE,Hutchison Ports ICAVE,,Planning Center
Agustin Mancisidor Alaves,mancisidor.agustin@tnghph.com.mx,Member,TRUE,Hutchison Ports TNG,,Production & Maintenance
Agustín Ramírez Lazcano,ramirez.agustin@tnghph.com.mx,Member,TRUE,Hutchison Ports TNG,,"Environment, Health & Safety"
Aida Fabiola Ruiz Domínguez,ruiz.aida@hutchisonports.com.mx,Member,TRUE,Hutchison Ports ICAVE,,Gerencia de Administración
Aimee Sweeting,Sweeting.Aimee@Fcpbahamas.com,Member,TRUE,Freeport Container Port,,FCP Finance Department
ainsaa,ainsaa_parkerrussell.com.mx#EXT#@icavecommx0.onmicrosoft.com,Guest,,,Invitation,
Aisha Bernal,abernal@ppc.com.pa,Member,TRUE,Panama Ports Company,,Cadena de Abastecimiento
Aixa Alonso,aalonso@ppc.com.pa,Member,TRUE,Panama Ports Company,,Finanzas
Aiyanna Ferguson,Ferguson.Aiyanna@fcpbahamas.com,Member,TRUE,Freeport Container Port,,Information Technology Department
"Akerboom, Willemien",willemien.akerboom_ect.nl#EXT#@icavecommx0.onmicrosoft.com,Guest,,,Invitation,
Akisha Lightbourn,Lightbourn.Akisha@fcpbahamas.com,Member,TRUE,Freeport Container Port,,FCP Engineering Department
Alan Camarena,acamarena@ppc.com.pa,Member,TRUE,Panama Ports Company,,Operaciones
Alan Centurion Gonzalez,centurion.alan@tnghph.com.mx,Member,TRUE,Hutchison Ports TNG,,Inspection and Testing Control
Alan David Albarrán Ventura,albarran.alan@enseit.com,Member,TRUE,Hutchison Ports EIT,,Proyecto nGEN
Alan Domínguez Mata,dominguez.alan@tnghph.com.mx,Member,TRUE,Hutchison Ports TNG,,Production & Maintenance
Alan Dominguez Mata,sup.fabricacion@tnghph.com.mx,Member,TRUE,Hutchison Ports TNG,,Production & Maintenance
Alan Joshua Flores Olvera,flores.alan@enseit.com,Member,TRUE,Hutchison Ports EIT,,Proyecto nGEN
Alan Josue Perez Utrera,soporte.ti@tnghph.com.mx,Member,TRUE,Asesoria Técnica,,Information Technology
Alan Miguel Lopez Diaz,lopez.alan@lctpc.com.mx,Member,TRUE,Hutchison Ports LCT,,Subgerencia de Planeacion
Alan Segura Lagunes,segural.alan@icave.com.mx,Member,TRUE,Hutchison Ports ICAVE,,Subestaciones Eléctricas
Alarice Johnson,Johnson.Alarice@fcpbahamas.com,Member,TRUE,Freeport Container Port,,FCP Finance Department
alarmfeedback@maersk.com,alarmfeedback_maersk.com#EXT#@icavecommx0.onmicrosoft.com,Guest,,,Invitation,
Alba Dennise Mora Sánchez,mora.alba@icave.com.mx,Member,TRUE,Hutchison Ports México,,Dirección de Operaciones
"Alberto Garcia (SEC, Contractor)",algarcia@ppc.com.pa,Member,TRUE,Panama Ports Company,,Proteccion y Seguridad
Alberto Garcia Villalobos,garcia.alberto@tnghph.com.mx,Member,TRUE,Hutchison Ports TNG,,Project
Alberto Gómez Silva,gomez.alberto@icave.com.mx,Member,TRUE,Hutchison Ports ICAVE,,Control Tower
Alberto Granda,agranda@ppc.com.pa,Member,TRUE,Panama Ports Company,,Operaciones
"Alberto Guijarro Rodriguez (Hutchison Ports, OPERATIONS)",guijarror.alberto_hutchisonports.com#EXT#@icavecommx0.onmicrosoft.com,Guest,,,Invitation,
Alberto Hamilton,ahamilton@ppc.com.pa,Member,TRUE,Panama Ports Company,,Operaciones
Alberto Lara Campos,lara.alberto@icave.com.mx,Member,TRUE,Hutchison Ports México,,Gerencia de Administración
Alberto Ortiz Raya,alberto.ortiz_brivesoluciones.com#EXT#@icavecommx0.onmicrosoft.com,Guest,,,Invitation,
Alberto Pompa Covarrubias,pompa.alberto@lctpc.com.mx,Member,TRUE,Hutchison Ports LCT,,Subgerencia de Mantenimiento
Alberto Ramirez del Villar,analista.progeit01@enseit.com,Member,TRUE,Asesoría Técnica - Ehecatl,,Sistemas
Alberto Saavedra,asaavedra@ppc.com.pa,Member,TRUE,Panama Ports Company,,Operaciones
albertosandoval05,albertosandoval05_gmail.com#EXT#@icavecommx0.onmicrosoft.com,Guest,,,Invitation,
Aldo Alonso Dueñas Crisci,aduenasc@enseit.com,Member,TRUE,Hutchison Ports EIT,,Almacen
Aldo Andre Lopez Reyes,lopez.aldo@tnghph.com.mx,Member,TRUE,Hutchison Ports TNG,,Production & Maintenance
Aldo Francisco Montejano Velasco,montejano.aldo@enseit.com,Member,TRUE,Hutchison Ports EIT,,Ingeniería y Desarrollo
Aldo Jair Contreras Rosales,contreras.aldo@enseit.com,Member,TRUE,Hutchison Ports EIT,,Facturación
Aldo Moroz,moroz.aldo@hutchisonports.com.mx,Member,TRUE,Hutchison Ports México,,
Aldo Rodríguez Vargas,rodriguez.aldo@tilh.com.mx,Member,TRUE,Hutchison Ports TILH,,Jefatura de Desarrollo y Aplicaciones
Aldo Treviño Fonseca,trevino.aldo@enseit.com,Member,TRUE,Hutchison Ports EIT,,Proyecto nGEN
Alejandra Matadamaz Ibarra,matadamaz.alejandra@icave.com.mx,Member,TRUE,Hutchison Ports México,,Dirección de Operaciones
Alejandrina Montero Hernandez,montero.alejandrina@tnghph.com.mx,Member,TRUE,Hutchison Ports TNG,,Project
Alejandro Adalid Gutierrez Lopez,gutierrez.alejandro@lctpc.com.mx,Member,TRUE,Hutchison Ports LCT,,Subgerencia  de Compras y Servicios
Alejandro Alfonseca Aburto,alfonseca.alejandro@tilh.com.mx,Member,TRUE,Hutchison Ports TILH,,Coordinación de Logistica
Alejandro Alfredo Plascencia Vela,plascencia.alejandro@hutchisonports.com.mx,Member,TRUE,Hutchison Ports México,,Dirección de Finanzas y Administración
Alejandro Blandino,ablandino@ppc.com.pa,Member,TRUE,Panama Ports Company,,Operaciones
Alejandro Díaz Espinoza,diaz.alejandro@hutchisonlogistics.com.mx,Member,TRUE,Hutchison Ports Logistics México,,Comercial
Alejandro Hinojosa Couturier,ahinojosa@enseit.com,Member,TRUE,Hutchison Ports EIT,,Sistemas
Alejandro Iñaki Mantilla Salas,soporte.desarrollo2@tnghph.com.mx,Member,TRUE,Consultoría Técnica - TICSD,,Information Technology
Alejandro Jair Martinez Lepe,lepe.alejandro@timsamx.com,Member,TRUE,Hutchison Ports TIMSA,,Subgerencia de Sistemas
Alejandro Montes,alejandro.montes_ecrubio.com#EXT#@icavecommx0.onmicrosoft.com,Guest,,,Invitation,
Alejandro Morales Ameca,morales.alejandro@hutchisonports.com.mx,Member,TRUE,Hutchison Ports México,,Desarrollo de Operaciones
Alejandro Orta Iñiguez,orta.alejandro@lctpc.com.mx,Member,TRUE,Hutchison Ports LCT,,Jefatura de Sosypa
Alejandro Ortega Morales,ortega.alejandro@icave.com.mx,Member,TRUE,Hutchison Ports ICAVE,,Gerencia de Operaciones
Alejandro Pérez García,perez.alejandro@icave.com.mx,Member,TRUE,Hutchison Ports ICAVE,,Gerencia de Administración
Alejandro Rampie,arampie@ppc.com.pa,Member,TRUE,Panama Ports Company,,Operaciones
Alejandro Ruiz Guzman,ruiz.alejandro@tnghph.com.mx,Member,TRUE,Hutchison Ports TNG,,Operative Engineering
Alejandro Sosa Mariano,sosa.alejandro@icave.com.mx,Member,TRUE,Hutchison Ports México,,Dirección de Operaciones
Alejandro Soto Quiñonez,soto.alejandro@enseit.com,Member,TRUE,Hutchison Ports EIT,,Torre de control
Alejandro Tapia Monroy,admon.compras@tilh.com.mx,Member,TRUE,Hutchison Ports TILH,,Compras y Servicios
Alejandro Trujillo Martinez,trujillo.alejandro@hutchisonports.com.mx,Member,TRUE,Hutchison Ports ICAVE,,Planning Center
Alejandro Ulloa Noguerola,ulloa.alejandro@lctpc.com.mx,Member,TRUE,Hutchison Ports LCT,,Jefatura de Telecomunicaciones
Alejandro Urincho Tafolla,urincho.alejandro@lctpc.com.mx,Member,TRUE,Hutchison Ports LCT,,Gerencia Comercial
Alejandro Valles,alejandro.valles_ecrubio.com#EXT#@icavecommx0.onmicrosoft.com,Guest,,,Invitation,
Alejandro Vargas Parra,vargas.alejandro@hutchisonports.com.mx,Member,TRUE,Hutchison Ports México,,Gerencia de Administración
Alekxa Fernanda Figueroa Barreras,figueroa.alekxa@hutchisonports.com.mx,Member,TRUE,Hutchison Ports ICAVE,,Almacen
Alerlogs,tng.alerlogs@tnghph.com.mx,Member,TRUE,Hutchison Ports TNG,,Information Technology
Alerts | Hutchison Ports,alertshp@hutchisonports.com.mx,Member,,,,
Alethia Guadalupe Alcantara Mavil,alcantara.alethia@lctpc.com.mx,Member,TRUE,Hutchison Ports LCT,,Jefatura de Salud Ocupacional y Segurida
Alex Chacon Rosales,chacon.alex@tnghph.com.mx,Member,TRUE,Hutchison Ports TNG,,Engineering and Operational Development
Alex Gonzalez,algonzalez@ppc.com.pa,Member,TRUE,Panama Ports Company,,Ingeniería
Alex Martinez,amartinez@ppc.com.pa,Member,TRUE,Panama Ports Company,,Operaciones
Alex Paz,apaz@ppc.com.pa,Member,TRUE,Panama Ports Company,,Operaciones
"Alex Sinclair (CKHH - HWEL – Manager, GMS)",Alex.Sinclair_hwleurope.com#EXT#@icavecommx0.onmicrosoft.com,Guest,,Hutchison Whampoa (Europe) Limited,Invitation,
Alex Tsang,atsang@ppc.com.pa,Member,TRUE,Panama Ports Company,,Finanzas
alex.diaz7102,alex.diaz7102_yahoo.com.mx#EXT#@icavecommx0.onmicrosoft.com,Guest,,,Invitation,
Alexander Laing,laing.alex@fcpbahamas.com,Member,TRUE,Freeport Container Port,,Information Technology Department
Alexander León Rodríguez,leon.alexander@icave.com.mx,Member,TRUE,Hutchison Ports ICAVE,,Gerencia de Operaciones
Alexander Piña Bautista,pina.alexander@enseit.com,Member,TRUE,Hutchison Ports EIT,,SOSYPA EIT
Alexander Sanjur,asanjur@ppc.com.pa,Member,TRUE,Panama Ports Company,,Operaciones
"Alexander Yau (FINANCE, Contractor)",yau.alexanderch_hutchisonports.com#EXT#@icavecommx0.onmicrosoft.com,Guest,,,Invitation,
Alexandra Carvajal Martinez,carvajal.alexandra@icave.com.mx,Member,TRUE,Hutchison Ports ICAVE,,Seguridad y Salud Ocupacional
"Alexandra Pinto (SEC, Contractor)",apinto@ppc.com.pa,Member,TRUE,Panama Ports Company,,Protección y Seguridad
"Alexia Balarezo (SEC, Contractor)",abalarezo@ppc.com.pa,Member,TRUE,Panama Ports Company,,Protección Portuaria
Alexina Williams,Williams.Alexina@fhcbahamas.com,Member,TRUE,Freeport Harbour Company,,FHC Cargo Department
Alexis Efrain Baltazar Pablo,baltazar.alexis@lctpc.com.mx,Member,TRUE,Hutchison Ports LCT,,Subgerencia de Planeacion
Alexis Espino,aespino@ppc.com.pa,Member,TRUE,Panama Ports Company,,Proteccion Y Seguridad
Alexis Hepburn,hepburn.alexis@fcpbahamas.com,Member,TRUE,Freeport Container Port,,Bahamas Customs
Alexis Lara Sarmiento,insesst1@icave.com.mx,Member,TRUE,Asesoría Técnica - Ehecatl,,Gerencia de Administración
Alexis Martinez Espejo,martinez.alexis@icave.com.mx,Member,TRUE,Hutchison Ports ICAVE,,ICA-Control Aduanero
Alexis Ospina,aospina@ppc.com.pa,Member,TRUE,Panama Ports Company,,Operaciones
Alfonso Agustin Martinez Herrera,martinez.alfonso@tnghph.com.mx,Member,TRUE,Hutchison Ports TNG,,"Environment, Health & Safety"
Alfonso Ladron de Guevara Bravil,ladron.alfonso@icave.com.mx,Member,TRUE,Hutchison Ports México,,Gerencia Senior de Mantenimiento de Equipos
Alfonso Lira Díaz,lira.alfonso@lctpc.com.mx,Member,TRUE,Hutchison Ports LCT,,Jefatura de Vacios
"Alfred Leung (Hutchison Ports, FINANCE)",leung.alfredwk_hutchisonports.com#EXT#@icavecommx0.onmicrosoft.com,Guest,,,Invitation,
Alfredo Pérez Sarmiento,perez.alfredo@icave.com.mx,Member,TRUE,Hutchison Ports ICAVE,,Gerencia General
Alfredo Rene Aguilar Padilla,aaguilar@enseit.com,Member,TRUE,Hutchison Ports EIT,,Sistemas
Alfredo René Vázquez Contreras,vazquez.rene@timsamx.com,Member,TRUE,Hutchison Ports TIMSA,,Ingenieria y Desarrollo
Alfredo Rivera Lopez,analista.progecv01@enseit.com,Member,TRUE,Asesoría Técnica - Grupo CODA,,Subgerencia de TI
Alfredo Vicente Rojas Fernández,rojas.alfredo@icave.com.mx,Member,TRUE,Hutchison Ports ICAVE,,Gerencia de Operaciones
Alhdo Raul Lizarraga Machado,lizarraga.alhdo@enseit.com,Member,TRUE,Hutchison Ports EIT,,Mantenimiento Mecánico
Ali Pinder,Pinder.Ali@fcpbahamas.com,Member,TRUE,Freeport Container Port,,FCP Operations Department
Alicia Villagomez Ferreira,villagomez.alicia@timsamx.com,Member,TRUE,Hutchison Ports TIMSA,,"Tim-Compras, Adquisiciones y Servicios"
Aline Chavez Vazquez,chavez.aline@tilh.com.mx,Member,TRUE,Hutchison Ports TILH,,Gestión Integral
Alis Chiru,achiru@ppc.com.pa,Member,TRUE,Panama Ports Company,,Finanzas
Alisa Stubbs,stubbs.alisa@fcpbahamas.com,Member,TRUE,Freeport Container Port,,FCP Finance Department
Alison Grant,Grant.Alison@FHCBAHAMAS.COM,Member,TRUE,Freeport Harbour Company,,FHC Cargo Department
Alistaire Pinder Jr,pinder.alistaire@fcpbahamas.com,Member,TRUE,Freeport Container Port,,FCP Finance Department
Alix Adriana Zavariz Romero,zavariz.alix@enseit.com,Member,TRUE,Hutchison Ports ECV,,Relaciones Públicas
Allan Prosper,Prosper.Allan@fcpbahamas.com,Member,TRUE,Freeport Container Port,,FCP Operations Department
Allan Requenez,arequenez@ppc.com.pa,Member,TRUE,Panama Ports Company,,Operaciones
Allan Russell,Russell.Allan@FHCBAHAMAS.COM,Member,TRUE,Freeport Harbour Company,,FHC Cargo Department
Allan Silva Montalvo,silva.allan@tnghph.com.mx,Member,TRUE,Hutchison Ports TNG,,Production & Maintenance
Allard D. Mott Jr.,mott.allard@fcpbahamas.com,Member,TRUE,,,Information Technology Department
"Allen Zeng (IT, contractor)",zeng.allen_hutchisonports.com#EXT#@icavecommx0.onmicrosoft.com,Guest,,,Invitation,
Alma Adalid Carbajal Pineda,carbajal.alma@lctpc.com.mx,Member,TRUE,Hutchison Ports LCMT,,Jefatura de Facturacion
Alma Adalid Carbajal Pineda LCMT,asist.fact09@lcmt.mx,Member,FALSE,Hutchison Ports LCMT,,Facturacion
Alma Adalid Lopez Gomez,lopez.alma@tnghph.com.mx,Member,TRUE,Hutchison Ports TNG,,Project
Alma Berenice Retana Jaimez,Retana.alma@lctpc.com.mx,Member,TRUE,Hutchison Ports LCT,,Gerencia General
Alma Berenice Retana Jaimez LCMT,retana.almamt@lcmt.mx,Member,FALSE,Hutchison Ports LCMT,,
Alma Gabriela Ibarra Roman,Aibarra@enseit.com,Member,TRUE,Hutchison Ports EIT,,Patio
Alma Guadalupe Samano Martínez,samano.alma@tnghph.com.mx,Member,TRUE,Hutchison Ports TNG,,Integrated Management System
Alma Iris Maciel Hernandez,maciel.alma@lctpc.com.mx,Member,TRUE,Hutchison Ports LCT,,Jefatura de Facturacion
Alma Iris Maciel Hernandez LCMT,asist.fact02@lcmt.mx,Member,FALSE,Hutchison Ports LCMT,,Jefatura de Facturacion
Alma Itzel Vilchis Santillan,control.accesos032@lctpc.com.mx,Member,TRUE,Hutchison Ports LCT,,Jefatura de Proteccion Portuaria
Alma Itzel Vilchis Santillan,vilchis.alma@lctpc.com.mx,Member,TRUE,Hutchison Ports LCT,,Jefatura de Proteccion Portuaria
Alma Ivette Lepe Jimenez,lepe.alma@timsamx.com,Member,TRUE,Hutchison Ports TIMSA,,Comercializacion
Alma Leticia Guzman Cardenas,guzman.alma@timsamx.com,Member,TRUE,Hutchison Ports TIMSA,,Ingresos y Control Aduanero
Alma Lilia Silva Macias,silva.alma@timsamx.com,Member,TRUE,Hutchison Ports TIMSA,,Comercializacion
Alma Rosa Sonda Sandoval,asonda@enseit.com,Member,TRUE,Hutchison Ports EIT,,Finanzas y Productividad
Alma Yesenia Reyes Isidro,reyes.alma@timsamx.com,Member,TRUE,Hutchison Ports TIMSA,,Almacen y Previos
Almacén Partes T1,Almacenpartes@lctpc.com.mx,Member,TRUE,Hutchison Ports LCT,,Jefatura de Almacen de Refacciones
Almacén Partes T2,almacen.turnost2@lctpc.com.mx,Member,TRUE,Hutchison Ports LCT,,Jefatura de Almacen de Refacciones
Almacenistas de Almacen de Refacciones,hernandezl.jose@timsamx.com,Member,TRUE,Hutchison Ports TIMSA,,Contabilidad
Almir de Jesus Cortes Cruz,soporte.ti3@tnghph.com.mx,Member,TRUE,Asesoría Técnica,,Information Technology
Alondra Martinez Bustamante,martinez.alondra@icavecommx0.onmicrosoft.com,Member,TRUE,Hutchison Ports LCT,,Jefatura de Control y Equipo
Alphaues Penn,Penn.Alphaues@fcpbahamas.com,Member,TRUE,Freeport Container Port,,FCP Operations Department
Alvaro Castorena Monroy,castorena.alvaro@tilh.com.mx,Member,TRUE,Hutchison Ports TILH,,Jefatura de Recursos Humanos
alvaro_rivero_oloarte,alvaro_rivero_oloarte_yahoo.com.mx#EXT#@icavecommx0.onmicrosoft.com,Guest,,,Invitation,
Amairani Marin Lopez,marin.amairani@lctpc.com.mx,Member,TRUE,Hutchison Ports LCT,,Jefatura de Fiscal
Amairany Mont Gonzalez,mont.amairany@tnghph.com.mx,Member,TRUE,Hutchison Ports TNG,,Engineering and Operational Development
Amalio Quintero,aquintero@ppc.com.pa,Member,TRUE,Panama Ports Company,,Operaciones
Amanda Rosario Martínez Meléndez,pp.veronica@icave.com.mx,Member,TRUE,Practicante,,Dirección de Finanzas y Administración
Amauri Arturo Cabrera Garcia,cabrera.amauri@timsamx.com,Member,TRUE,Hutchison Ports TIMSA,,PATIO
Amaury Mitchell,amitchell@ppc.com.pa,Member,TRUE,Panama Ports Company,,Operaciones
Amber Hunt,Hunt.Amber@fcpbahamas.com,Member,TRUE,Freeport Container Port,,Information Technology Department
America Alexandra Suriano Ruiz,suriano.america@tnghph.com.mx,Member,TRUE,Hutchison Ports TNG,,Project
America Kristal Garibo Rodriguez,garibo.america@lctpc.com.mx,Member,TRUE,Hutchison Ports LCT,,Jefatura de Proteccion Portuaria
America Kristal Garibo Rodriguez,control.accesos022@lctpc.com.mx,Member,TRUE,Hutchison Ports LCT,,Jefatura de Proteccion Portuaria
Amilcar Nunez,anunez@ppc.com.pa,Member,TRUE,Panama Ports Company,,Operaciones
Aminta Guadalupe Cruz Carmona,analista.compras@icave.com.mx,Member,TRUE,Asesoría Técnica,,Dirección de Finanzas y Administración
Amoy Lockhart,Lockhart.Amoy@fhcbahamas.com,Member,TRUE,Freeport Harbour Company,,FHC Finance Department
Amparo Sanchez Chico,sanchez.amparo@enseit.com,Member,TRUE,Hutchison Ports EIT,,Seguridad y Proteccion EIT
Amy Lilian Reyes Rojas,reyes.amy@enseit.com,Member,TRUE,Hutchison Ports EIT,,Almacen CFS
Ana Aguilar,anaaguilar@ppc.com.pa,Member,TRUE,Panama Ports Company,,Operaciones
Ana Alejandra Domínguez Mendoza,dominguez.alejandra@icave.com.mx,Member,TRUE,Hutchison Ports México,,Gerencia de Administración
Ana Alejandra Zacarias Moreno,analista.si@icave.com.mx,Member,TRUE,"Research and Development, Corporation (R",,Gerencia de Administración
Ana Claudia Sarmiento Cervantes,sarmiento.ana@icave.com.mx,Member,TRUE,Hutchison Ports ICAVE,,Gerencia de Administración
Ana Cristina Mancilla Vargas,mancilla.ana@lctpc.com.mx,Member,TRUE,Hutchison Ports LCT,,Subgerencia de Planeacion
Ana Cristina Piza Agustiniano,piza.ana@lctpc.com.mx,Member,TRUE,Hutchison Ports LCT,,Subgerencia de Servicios a la Carga
Ana Fernanda Osornio Granados,atencion.clientes3@tilh.com.mx,Member,TRUE,Asesoria Tecnica,,Comercial
Ana Gabriela Garcia Gomez,garcia.ana@timsamx.com,Member,TRUE,Hutchison Ports TIMSA,,Torre de Control
Ana Gabriela Maldonado Cabrera,maldonado.ana@enseit.com,Member,TRUE,Hutchison Ports EIT,,Impuestos
Ana Guadalupe Guzman Guevara,guzman.ana@icave.com.mx,Member,TRUE,Hutchison Ports ICAVE,,Servicio al Cliente
Ana Karen Sanchez Contreras (MX),ana.sanchez.contreras_pwc.com#EXT#@icavecommx0.onmicrosoft.com,Guest,,,Invitation,
Ana Karen Zuluaga Cayetano,zuluaga.ana@timsamx.com,Member,TRUE,Hutchison Ports TIMSA,,FERROCARRIL
Ana Karla Hernández Gazca,hernandez.ana@lctpc.com.mx,Member,TRUE,Hutchison Ports LCT,,Jefatura de Sosypa
Ana Laura Aciano Mendoza,aciano.ana@tilh.com.mx,Member,TRUE,Hutchison Ports TILH,,Contabilidad y Fiscal
Ana Laura Garcia Islas,a.laura_digammacsi.com.mx#EXT#@icavecommx0.onmicrosoft.com,Guest,,,Invitation,
Ana Laura Hernandez Vargas,asist.capacitacion@lctpc.com.mx,Member,TRUE,Hutchison Ports LCT,,Subgerencia de Recursos Humanos
Ana Lilia Mariscal Amaro,mariscal.ana@timsamx.com,Member,TRUE,Hutchison Ports TIMSA,,Control Tower
Ana Lorena Moreno,moreno.ana@timsamx.com,Member,TRUE,Hutchison Ports TIMSA,,Juridico
Ana Lorena Sosa Blanco,aux.mantto@icave.com.mx,Member,TRUE,"Smart Administracion Y Soporte, S. A. De C.V",,Dirección de Operaciones
Ana María Ochoa Ruíz,ochoa.ana@icave.com.mx,Member,TRUE,Hutchison Ports ICAVE,,Gerencia de Administración
Ana Maria Villavicencio Tamayo,villavicencio.ana@enseit.com,Member,TRUE,Hutchison Ports EIT,,"Compras, Adquisiciones y Servicios"
"Ana Mosquera (FIN, Contractor)",amosquera@ppc.com.pa,Member,TRUE,Panama Ports Company,,Finanzas
Ana Pilar Rojas Pérez,rojas.ana@icave.com.mx,Member,TRUE,Hutchison Ports ICAVE,,Almacen CFS
Ana Polette Peralta Dorado,peralta.ana@enseit.com,Member,TRUE,Hutchison Ports EIT,,Recursos Humanos
Ana Silvia Barrera Soto,barrera.ana@tnghph.com.mx,Member,TRUE,Hutchison Ports TNG,,General Management
Ana Sofia Mercado Cabral,mercado.ana@tnghph.com.mx,Member,TRUE,Hutchison Ports TNG,,Legal
"Ana Soto (SEC, Contractor)",asoto@ppc.com.pa,Member,TRUE,Panama Ports Company,,Protección y Seguridad
Ana Torres,atorres@ppc.com.pa,Member,TRUE,Panama Ports Company,,Tecnología de Información
Ana Virginia López Pérez,lopez.ana@icave.com.mx,Member,TRUE,Hutchison Ports México,,Planeación Financiera
ana.magalhaes@tilgroup.com,ana.magalhaes_tilgroup.com#EXT#@icavecommx0.onmicrosoft.com,Guest,,,Invitation,
anakaren.rodriguez,anakaren.rodriguez_lpver.com#EXT#@icavecommx0.onmicrosoft.com,Guest,,,Invitation,
Analista lctngen,analista.lctngen@lctpc.com.mx,Member,TRUE,Hutchison Ports LCT,,Jefatura de Sistemas Portuarios
anasofiacortinasosa2,anasofiacortinasosa2_gmail.com#EXT#@icavecommx0.onmicrosoft.com,Guest,,,Invitation,
Anastacio Gutiérrez Cisneros,gutierrez.anastacio@icave.com.mx,Member,TRUE,Hutchison Ports ICAVE,,Gerencia de Operaciones
Anbarasan Parasuraman,parasuraman.anbarasan@fcpbahamas.com,Member,TRUE,,,Consultant
Ancyluris Murray,amurray@ppc.com.pa,Member,TRUE,Panama Ports Company,,Operaciones
Andre Dean Jr,dean.andre@fcpbahamas.com,Member,TRUE,Freeport Container Port,,FCP Finance Department
Andrea Guadalupe López Castañeda,lopez.andrea@lctpc.com.mx,Member,TRUE,Hutchison Ports LCT,,Jefatura de Fiscal
Andrea Moss,moss.andrea@fcpbahamas.com,Member,TRUE,Freeport Container Port,,FCP Engineering Department
andrea.torres1@maersk.com,andrea.torres1_maersk.com#EXT#@icavecommx0.onmicrosoft.com,Guest,,,Invitation,
Andree Wildgoose,Wildgoose.Andree@fcpbahamas.com,Member,TRUE,Freeport Container Port,,FCP Operations Department
Andrei Miranda García,miranda.andrei@icave.com.mx,Member,TRUE,Hutchison Ports México,,Dirección Ejecutiva HPH México
Andrés Andrade Alarcón,andradea.andres@icave.com.mx,Member,TRUE,Hutchison Ports ICAVE,,Gerencia de Operaciones
Andres Andrade Avila,aandradea@enseit.com,Member,TRUE,Hutchison Ports EIT,,Operacion Vacios
andres.guillen,andres.guillen_msc.com#EXT#@icavecommx0.onmicrosoft.com,Guest,,,Invitation,
Anette Paulina Orranti Urrutia,orranti.anette@enseit.com,Member,TRUE,Hutchison Ports ECV,,Relaciones Publicas
Angel Alejandro Velazquez Hernandez,angel.velazquez_cybolt.com#EXT#@icavecommx0.onmicrosoft.com,Guest,,,Invitation,
Angel Armando Coronel Martinez,coronel.angel@timsamx.com,Member,TRUE,Hutchison Ports TIMSA,,Vacios
Angel Augusto Montoya Parra,montoya.angel@icave.com.mx,Member,TRUE,Hutchison Ports ICAVE,,Relaciones Laborales
Angel Bethancourt,abethancourt@ppc.com.pa,Member,TRUE,Panama Ports Company,,Almacén
"Angel Chiu (Hutchison Ports, FINANCE)",Chiu.AngelOK_hutchisonports.com#EXT#@icavecommx0.onmicrosoft.com,Guest,,,Invitation,
Ángel Daniel Martínez Alvarado,integrador@icave.com.mx,Member,TRUE,Asesoría Técnica - Grupo Kantesa,,Gerencia de Operaciones
Angel de Jesus Bravo Murillo,bravo.angel@tnghph.com.mx,Member,TRUE,Hutchison Ports TNG,,Maintenance
Angel de Jesus Espinoza Velasco,consultor.ia@hutchisonports.com.mx,Member,TRUE,Asesoría Técnica,,Transformacion Digital para Clientes
Angel De Jesus Hernandez Vargas,hernandez.angel@tnghph.com.mx,Member,TRUE,Hutchison Ports TNG,,Integrated Management System
Ángel de Jesús Reyes Mosqueda,reyes.angel@icave.com.mx,Member,TRUE,Hutchison Ports ICAVE,,Gerencia de Operaciones
Angel Eduardo Medina Peñaloza,soporte.apps01@lctpc.com.mx,Member,TRUE,Hutchison Ports LCT,,Jefatura de Sistemas Portuarios
Angel Emanuel Fajardo Chan,angel.fajardoc_imss.gob.mx#EXT#@icavecommx0.onmicrosoft.com,Guest,,,Invitation,
Angel Flores Rodarte,aflores@enseit.com,Member,TRUE,Hutchison Ports EIT,,Compras
Angel Francisco Valdovinos Chavez,valdovinos.angel@timsamx.com,Member,TRUE,Hutchison Ports TIMSA,,Ingresos y Control Aduanero
Angel Gabriel Barajas Huerta,barajas.angel@enseit.com,Member,TRUE,Hutchison Ports EIT,,Planeación
Ángel Gabriel Duran Aragón,duran.angel@enseit.com,Member,TRUE,Hutchison Ports EIT,,Vacios EIT
"Angel Garcia (SEC, Contractor)",angarcia@ppc.com.pa,Member,TRUE,Panama Ports Company,,Proteccion y Seguridad
Angel Geraldine Fabela Guzman,fabela.angel@lctpc.com.mx,Member,TRUE,Hutchison Ports LCT,,Gerencia de Operaciones
Angel Gilberto Benitez Carbajal,benitez.angel@lctpc.com.mx,Member,TRUE,Hutchison Ports LCT,,Jefatura de Infraestructura y Proyectos
Angel Jacome Gomez,ingeniero.infra@icave.com.mx,Member,TRUE,Asesoría Técnica - Ehecatl,,Gerencia de Administración
Angel Martin Gomez Luna,gomez.angel@enseit.com,Member,TRUE,Hutchison Ports EIT,,Mantenimiento
Angel Martinez Martinez,martinez.angel@tilh.com.mx,Member,TRUE,Hutchison Ports TILH,,Jefatura de Patio y FFCC
Angel Neider Cruz Trujillo,cruz.angel@lctpc.com.mx,Member,TRUE,Hutchison Ports LCT,,Jefatura de Facturación
Angel Omar Miguel Lopez,lopez.angel@lctpc.com.mx,Member,TRUE,Hutchison Ports LCT,,Jefatura de Muelle
Angel Padilla Martinez,padilla.angel@enseit.com,Member,TRUE,Hutchison Ports EIT,,Muelle
Angel Roberto Palomares Zamorano,palomares.angel@timsamx.com,Member,TRUE,Hutchison Ports TIMSA,,Sistema Integrado de Gestión
angel.barrientos,angel.barrientos_capstechnology.co#EXT#@icavecommx0.onmicrosoft.com,Guest,,,Invitation,
angel_rergis,angel_rergis_hotmail.com#EXT#@icavecommx0.onmicrosoft.com,Guest,,,Invitation,
"Angela Choi (CKHH - Manager - Group Management Services, GMS)",AngelaC_ckh.com.hk#EXT#@icavecommx0.onmicrosoft.com,Guest,,,Invitation,
Angela Deveaux,Deveaux.Angela@fcpbahamas.com,Member,TRUE,Freeport Container Port,,FCP Finance Department
Angeles Yareli Carbajal Iñarrito,carbajal.angeles@timsamx.com,Member,TRUE,Hutchison Ports TIMSA,,Gerencia de Operaciones
Angelica Borja,Angelica.Borja_kaleris.com#EXT#@icavecommx0.onmicrosoft.com,Guest,,,Invitation,
Angelica Garces,agarces@ppc.com.pa,Member,TRUE,Panama Ports Company,,Recursos Humanos
Angélica Marín Romero,marin.angelica@icave.com.mx,Member,TRUE,Hutchison Ports ICAVE,,Gerencia de Operaciones
angelicafloresgodinez,angelicafloresgodinez_gmail.com#EXT#@icavecommx0.onmicrosoft.com,Guest,,,Invitation,
Angelo Lockhart,Lockhart.Angelo@fcpbahamas.com,Member,TRUE,Freeport Container Port,,FCP Facilities Department
Angie Abrego,aabrego@ppc.com.pa,Member,TRUE,Panama Ports Company,,Dirección Ejecutiva
Aníbal Valencia Pineda,valencia.anibal@lctpc.com.mx,Member,TRUE,Hutchison Ports LCT,,Subgerencia de Mantenimiento
ANIBAL.BAEZ.CITISERVICEMX,ANIBAL.BAEZ.CITISERVICEMX_citi.com#EXT#@icavecommx0.onmicrosoft.com,Guest,,,Invitation,
Anil Dutta,dutta.anil@fcpbahamas.com,Member,TRUE,,,Consultant
Anneth Monteza,amonteza@ppc.com.pa,Member,TRUE,Panama Ports Company,,Servicios Comerciales
Anthonia Cooper,cooper.anthonia@fcpbahamas.com,Member,TRUE,Freeport Container Port,,FCP Operations Department
Anton Forde,forde.anton@fcpbahamas.com,Member,TRUE,Freeport Container Port,,FCP Finance Department
Antonia Johnson,johnson.antonia@fcpbahamas.com,Member,TRUE,Freeport Container Port,,FCP Operations Department
antonia_j1996,antonia_j1996_hotmail.com#EXT#@icavecommx0.onmicrosoft.com,Guest,,,Invitation,
Antonio Alfredo Torres Mendoza,torres.antonio@icave.com.mx,Member,TRUE,Hutchison Ports ICAVE,,Gerencia de Operaciones
Antonio Ayala Colin,ayala.antonio@lctpc.com.mx,Member,TRUE,Hutchison Ports LCT,,Subgerencia de Planeacion
Antonio Campos Hernandez,campos.antonio@lctpc.com.mx,Member,TRUE,Hutchison Ports LCT,,Jefatura de Muelle
Antonio Flores Garcia,flores.antonio@tnghph.com.mx,Member,TRUE,Hutchison Ports TNG,,Project
Antonio Fowler,Fowler.Antonio@fcpbahamas.com,Member,TRUE,Freeport Container Port,,Information Technology Department
Antonio Junior Camacho Hernandez,camacho.antonio@lctpc.com.mx,Member,TRUE,Hutchison Ports LCT,,Subgerencia de Planeacion
Antonio Lopez Jacome,lopez.antonio@icave.com.mx,Member,TRUE,Hutchison Ports ICAVE,,Almacen de Refacciones
Antonio Moreno Andrade,morenoa.antonio@tnghph.com.mx,Member,TRUE,Hutchison Ports TNG,,Operative Engineering
Antonio Palacios Villalvazo,palacios.antonio@tnghph.com.mx,Member,TRUE,Hutchison Ports TNG,,Maintenance
Antonio Rodriguez,rodriguez.antonio@fcpbahamas.com,Member,TRUE,,,
Antonio Suazo Castillo,suazo.antonio@lctpc.com.mx,Member,TRUE,Hutchison Ports LCT,,Subgerencia  de Compras y Servicios
Antonio Suazo Castillo LCMT,suazo.antoniomt@lcmt.mx,Member,FALSE,Hutchison Ports LCMT,,
Antonio Tonatihu Cervantes Alcala,asistente.innovacion@timsamx.com,Member,TRUE,Hutchison Ports TIMSA,,
Antonnesia Moxey,moxey.antonnesia@fcpbahamas.com,Member,TRUE,Freeport Container Port,,FCP Safety Department
anwar.mendez,anwar.mendez_csimexico.com#EXT#@icavecommx0.onmicrosoft.com,Guest,,,Invitation,
Api store Data Lake,adminshireit@icavecommx0.onmicrosoft.com,Member,TRUE,,,
aplicativos bi,aplicativos.bi@lctpc.com.mx,Member,TRUE,Hutchison Ports LCT,,Subgerencia de Sistemas
Araceli Cruz Olivar,cruz.araceli@lctpc.com.mx,Member,TRUE,Hutchison Ports LCT,,Jefatura de Facturación
Araceli Cruz Olivar LCMT,asist.fact05@lcmt.mx,Member,FALSE,Hutchison Ports LCT,,Jefatura de Facturacion
Arcelio Zuniga,azuniga@ppc.com.pa,Member,TRUE,Panama Ports Company,,Operaciones
architects_engineers,architects_engineers_yahoo.com#EXT#@icavecommx0.onmicrosoft.com,Guest,,,Invitation,
Areli Lissette Sanchez Villanueva,sanchez.areli@lctpc.com.mx,Member,TRUE,Hutchison Ports LCT,,Gerencia Comercial
Arelis Ariza,aariza@ppc.com.pa,Member,TRUE,Panama Ports Company,,Proyectos e Infraestructura
Arely Monserrat Mendoza de la Cruz,mendoza.arely@timsamx.com,Member,TRUE,Hutchison Ports TIMSA,,Recursos Humanos
Argel Martínez González.,martinez.argel@enseit.com,Member,TRUE,Hutchison Ports EIT,,Operaciones
Argelia Gonzalez de los Santos,gonzalez.argelia_maersk.com#EXT#@icavecommx0.onmicrosoft.com,Guest,,,Invitation,
Argelis Perez,arperez@ppc.com.pa,Member,TRUE,Panama Ports Company,,Dirección de Finanzas
Ariadna Gonzalez Ceseña,gonzalez.ariadna@enseit.com,Member,TRUE,Hutchison Ports EIT,,Contabilidad
Ariadna Guadalupe Galvan Morales,galvan.ariadna@enseit.com,Member,TRUE,Hutchison Ports ECV,,Relaciones Publicas
Ariadna Selene Mendoza Garcia,mendoza.ariadna@timsamx.com,Member,TRUE,Hutchison Ports TIMSA,,Sistema Integrado de Gestion
Arianna Cruz Castillo,cruz.arianna@tilh.com.mx,Member,TRUE,Hutchison Ports TILH,,Jefatura de Ingenieria y Desarrollo
Ariel Colebrook,colebrook.ariel@fcpbahamas.com,Member,TRUE,Freeport Container Port,,FCP Operations Department
arielmw,arielmw_prodigy.net.mx#EXT#@icavecommx0.onmicrosoft.com,Guest,,,Invitation,
Aristides Cortes,acortes@ppc.com.pa,Member,TRUE,Panama Ports Company,,Operaciones
Arlecha Campbell,campbell.arlecha@fcpbahamas.com,Member,TRUE,,,FCP Operations Department
Arleth Monserrat Martínez Escobar,pp.administracion@icave.com.mx,Member,TRUE,Hutchison Ports México,,Dirección de Finanzas y Administración
Armando Antonio Gutierrez Montilla,consultor.eam02@icavecommx0.onmicrosoft.com,Member,TRUE,Asesoria Técnica,,Subgerencia de Sistemas
Armando Chiru,archiru@ppc.com.pa,Member,TRUE,Panama Ports Company,,Ingeniería
Armando Gutierrez,agutierrez_nifersa.com.mx#EXT#@icavecommx0.onmicrosoft.com,Guest,,,Invitation,
Armando Mora Prado,mora.armando@enseit.com,Member,TRUE,Hutchison Ports EIT,,Patio
Armando Peñaloza Reyes,penaloza.armando@lctpc.com.mx,Member,TRUE,Hutchison Ports LCT,,Jefatura de Muelle
Armando Rodriguez,arodriguez@ppc.com.pa,Member,TRUE,Panama Ports Company,,Almacén
Armin Virgilio Ortega,virgilio.armin@timsamx.com,Member,TRUE,Hutchison Ports TIMSA,,Almacen y Previos
Arnulfo Layna Hernández,layna.arnulfo@icave.com.mx,Member,TRUE,Hutchison Ports ICAVE,,Almacén de Refacciones
Arquimedes Acevedo,aacevedo@ppc.com.pa,Member,TRUE,Panama Ports Company,,Operaciones
Arthur Saunders,saunders.arthur@fcpbahamas.com,Member,TRUE,Freeport Container Port,,FCP Operations Department
Arturo Azamar Dominguez,aazamar@enseit.com,Member,TRUE,Hutchison Ports EIT,,Recursos Humanos
Arturo Campos,acampos@ppc.com.pa,Member,TRUE,Panama Ports Company,,Proyectos e infraestructura
Arturo Fuentes Godínez,fuentes.arturo@icave.com.mx,Member,TRUE,Hutchison Ports ICAVE,,Gerencia de Operaciones
Arturo García Monroy,garcia.arturo@icave.com.mx,Member,TRUE,Hutchison Ports ICAVE,,Eficiencia y Control de Costos
Arturo Hernández Yépez,jefe.segcorp@icave.com.mx,Member,TRUE,Hutchison Ports ICAVE,,Seguridad Corporativa
Arturo Mena de la Rosa,mena.arturo@icave.com.mx,Member,TRUE,Hutchison Ports ICAVE,,Area de Previos
Arturo Ramirez Hernandez,ramirez.arturo@tilh.com.mx,Member,TRUE,Hutchison Ports TILH,,Jefatura de Desarrollo y Aplicaciones
Arturo Renteral Meza,renteral.arturo@hutchisonports.com.mx,Member,TRUE,Hutchison Ports México,,"Subgerencia de Compras, Servicios y Digitalización"
Arturo Riquer Razo,riquer.arturo@icave.com.mx,Member,TRUE,Hutchison Ports ICAVE,,Gerencia General
Arturo Solano Martinez,solano.arturo@enseit.com,Member,TRUE,Hutchison Ports EIT,,Innovación
Arturo Solís Morales,solis.arturo@icave.com.mx,Member,TRUE,Hutchison Ports ICAVE,,Gerencia de Administración
Asesor Laboral,asesor.laboral@hutchisonports.com.mx,Member,TRUE,Hutchison Ports México,,Dirección de Finanzas y Administración
Ashley Sands,sands.ashley@fcpbahamas.com,Member,TRUE,Freeport Container Port,,FCP Operations Department
asilva,asilva_parker-russell.com#EXT#@icavecommx0.onmicrosoft.com,Guest,,,Invitation,
Asistente de Facturacion 01 LCMT,asist.fact01@lcmt.mx,Member,FALSE,Hutchison Ports LCMT,,Jefatura de Facturacion
Asistente Proyectos,asistenteproyectos@ppc.com.pa,Member,TRUE,Panama Ports Company,,Proyectos e Infraestructura
asistentereefgc@serviestibasa.com,asistentereefgc_serviestibasa.com#EXT#@icavecommx0.onmicrosoft.com,Guest,,,Invitation,
Asley Yoshira Gutierrez Ponce,gutierrez.asley@lctpc.com.mx,Member,TRUE,Hutchison Ports LCT,,Controlador de Vacios
Aspirantes,aspirantes.ppc@ppc.com.pa,Member,,,,
Astrid.Karam.Enriquez,Astrid.Karam.Enriquez_marsh.com#EXT#@icavecommx0.onmicrosoft.com,Guest,,,Invitation,
asurie18,asurie18_gmail.com#EXT#@icavecommx0.onmicrosoft.com,Guest,,,Invitation,
Atanacio Robles Monroy,robles.atanacio@timsamx.com,Member,TRUE,Hutchison Ports TIMSA,,Patio de Vacios
Atencion COP,atencion.cop@icave.com.mx,Member,TRUE,Hutchison Ports ICAVE,,Gerencia de Operaciones
Atencion SPF LCTPC,atencion.spf@lctpc.com.mx,Member,TRUE,Hutchison Ports LCT,,Gerencia Comercial
Atrayo Williams,Williams.Atrayo@fcpbahamas.com,Member,TRUE,Freeport Container Port,,FCP Operations Department
Atziri Athenea Madrigal Gutierrez,madrigal.atziri@lctpc.com.mx,Member,TRUE,Hutchison Ports LCT,,Jefatura de Patio
Audreymae Newbold,newbold.audreymae@fcpbahamas.com,Member,TRUE,Freeport Continer Port,,FCP Operations Department
Augusto Rafael Ponce Velazquez,ponce.augusto@enseit.com,Member,TRUE,Hutchison Ports EIT,,Muelle
Aureliano Johnson,ajohnson@ppc.com.pa,Member,TRUE,Panama Ports Company,,Operaciones
autoresponse,autoresponse@tnghph.com.mx,Member,TRUE,Hutchison Ports TNG,,Information Technology
Autos Planeación,autos.planeacion@tilh.com.mx,Member,TRUE,Hutchison Ports TILH,,Planeacion
autos.asistente,autos.asistente_joaseguros.com#EXT#@icavecommx0.onmicrosoft.com,Guest,,,Invitation,
autosise,autosise_gmail.com#EXT#@icavecommx0.onmicrosoft.com,Guest,,,Invitation,
auxcontrol5,auxcontrol5_puertodeveracruz.com.mx#EXT#@icavecommx0.onmicrosoft.com,Guest,,,Invitation,
Auxiliar Compras y Servicios,auxiliar.compras@tilh.com.mx,Member,TRUE,Hutchison Ports TILH,,Jefatura de Compras
Auxiliar del Sistema Integrado  de Gestión,auxiliar.sig2@tnghph.com.mx,Member,TRUE,Hutchison Ports TNG,,Integrated Management System
Auxiliar Marketing,auxiliar.marketing@tnghph.com.mx,Member,TRUE,Hutchison Ports TNG,,Customer Service and Customer Satisfaction
Axel Jarquin Morga,cfswms.user@icavecommx0.onmicrosoft.com,Member,TRUE,Asesoría Técnica,,Innovación
Axel Ricardo Martinez Rosas,martinez.axel@tnghph.com.mx,Member,TRUE,Hutchison Ports TNG,,Purchasing
Axel Satillan Cisneros,axel.santillan_cybolt.com#EXT#@icavecommx0.onmicrosoft.com,Guest,,,Invitation,
Aylin  Watson,awatson@ppc.com.pa,Member,TRUE,Panama Ports Company,,Proteccion y Seguridad
ayrton.rivera,ayrton.rivera_msc.com#EXT#@icavecommx0.onmicrosoft.com,Guest,,,Invitation,
Backup Exec,BackupExec@fcpbahamas.com,Member,TRUE,,,
Balboa Caja,caja@ppc.com.pa,Member,TRUE,Panama Ports Company,,Operaciones
Balboa Radios - Tablets,rbalboa@ppc.com.pa,Member,TRUE,Panama Ports Company,,Operaciones
Barbara Samantha De Dios Godinez,dedios.barbara@timsamx.com,Member,TRUE,Hutchison Ports TIMSA,,Vacios
barbara.suarez,barbara.suarez_lns.maersk.com#EXT#@icavecommx0.onmicrosoft.com,Guest,,,Invitation,
Barea Fyne,Fyne.Barea@fcpbahamas.com,Member,TRUE,Freeport Container Port,,FCP Finance Department
bartvanpopering,bartvanpopering_yahoo.com#EXT#@icavecommx0.onmicrosoft.com,Guest,,,Invitation,
Bastien Violle (TIL Group),bastien.violle_tilgroup.com#EXT#@icavecommx0.onmicrosoft.com,Guest,,,Invitation,
Beatriz Ferat Zárate,ferat.beatriz@icave.com.mx,Member,TRUE,Hutchison Ports ICAVE,,Gerencia de Administración
Belen Stephany Ramirez Morales,ramirez.belen@enseit.com,Member,TRUE,Hutchison Ports EIT,,Proyecto NGEN
Benilda Acosta,bacosta@ppc.com.pa,Member,TRUE,Panama Ports Company,,Control Interno y Riesgo Gerencial
Benito Chiari,bchiari@ppc.com.pa,Member,TRUE,Panama Ports Company,,Direccion de Operaciones
Benito Escobar,bescobar@ppc.com.pa,Member,TRUE,Panama Ports Company,,Carga General
Benito Lili Reyes,lili.benito@icave.com.mx,Member,TRUE,Hutchison Ports ICAVE,,Gerencia de Operaciones
Benito Mendez Colin,bmendez@enseit.com,Member,TRUE,Hutchison Ports EIT,,Operacion Vacios
Benjamin Cardenas Capetillo,cardenas.benjamin@timsamx.com,Member,TRUE,Hutchison Ports TIMSA,,BUQUE
Berisimo Castillo,bcastillo@ppc.com.pa,Member,TRUE,Panama Ports Company,,Direccion de Operaciones
Berlice Lightbourne-Pintard,Lightbourne.Berlice@fcpbahamas.com,Member,TRUE,Freeport Container Port,,FCP Legal Department
Bernardo Corrons Fernandez,corrons.bernardo@tnghph.com.mx,Member,TRUE,Hutchison Ports TNG,,Infrastructure
Bernardo Javier Vera Hernandez,vera.bernardo@enseit.com,Member,TRUE,Hutchison Ports EIT,,EIT - Planeación
Berta Arosemena,barosemena@ppc.com.pa,Member,TRUE,Panama Ports Company,,Operaciones
Bethuel Gómez Rivas,Gomez.Bethuel@lctpc.com.mx,Member,TRUE,Hutchison Ports LCT,,Jefatura de Puerta de Salida
Betty Campos,bcampos@ppc.com.pa,Member,TRUE,Panama Ports Company,,Tecnología de Información
Betty Milfort,Milfort.Betty@fcpbahamas.com,Member,TRUE,Freeport Container Port,,FCP Finance Department
Betzabel Belloso,bbelloso@ppc.com.pa,Member,TRUE,Panama Ports Company,,Operaciones
"Betzy Martinez (OP, Practicante)",bmartinez@ppc.com.pa,Member,TRUE,Panama Ports Company,,Operaciones
Bladimir Lopez Cortes,lopez.bladimir@lctpc.com.mx,Member,TRUE,Hutchison Ports LCT,,Salud Ocupacional y Seguridad
Blanca Iris Huerta Molina,huerta.blanca@lctpc.com.mx,Member,TRUE,Hutchison Ports LCT,,Subgerencia de Mantenimiento
blb-documentation,Blb-Documentation@ppc.com.pa,Member,TRUE,Panama Ports Company,,Operaciones
blb_reefers_technician,blb_reefers_tech@ppc.com.pa,Member,TRUE,Panama Ports Company,,Operaciones
blb_security_office,blb_security_office@ppc.com.pa,Member,TRUE,Panama Ports Company,,Proteccion y Seguridad
bma.nsales,bma.nsales_cma-cgm.com#EXT#@icavecommx0.onmicrosoft.com,Guest,,,Invitation,
bmiller5060,bmiller5060_yahoo.com#EXT#@icavecommx0.onmicrosoft.com,Guest,,,Invitation,
Board Room,BoardRoom@fhcbahamas.com,Member,,,,
Bolivar Rios,brios@ppc.com.pa,Member,TRUE,Panama Ports Company,,Finanzas
Booking,Booking@icavecommx0.onmicrosoft.com,Member,,,,
Boris Ortega,bortega@ppc.com.pa,Member,TRUE,Panama Ports Company,,Ingeniería
Bradley Dean,Dean.Bradley@fcpbahamas.com,Member,TRUE,Freeport Container Port,,Information Technology Department
Bradley McDonald,McDonald.Bradley@FHCBAHAMAS.COM,Member,TRUE,Freeport Harbour Company,,FHC Projects and Development
Braian Sebastián Marino Sonora,auxiliar.infra04@lctpc.com.mx,Member,TRUE,INDECOM,,Jefatura de Telecomunicaciones
brandenburg.guido,brandenburg.guido_glarbitraje.com#EXT#@icavecommx0.onmicrosoft.com,Guest,,,Invitation,
Brandon Israel Ruiz Guerrero,aux.bd@enseit.com,Member,TRUE,Asesoría Técnica – Ehecatl,,Sistemas
Brandon Lopez Azcoaga,lopez.brandon@hutchisonports.com.mx,Member,TRUE,Hutchison Ports ICAVE,,Almacen
Brandon McQuay,McQuay.Brandon@fcpbahamas.com,Member,TRUE,Freeport Container Port,,FCP Operations Department
Brandon Medina Mancilla,soporte.ds04@lctpc.com.mx,Member,TRUE,Hutchison Ports LCT,,Jefatura de Sistemas Portuarios
Brandon Medina Mancilla,medina.brandon@lctpc.com.mx,Member,TRUE,Hutchison Ports LCT,,Jefatura de Sistemas Portuarios
Brandon Rios Alvarez,rios.brandon@timsamx.com,Member,TRUE,Hutchison Ports TIMSA,,Servicios a la Carga/COP
Brandon Rogerio Aguirre Mendoza,soporte.servicedesk@icave.com.mx,Member,TRUE,Asesoría Técnica - Ehecatl,,Jefatura de Infraestructura
Brayan Martinez Ramirez,martinez.brayan@enseit.com,Member,TRUE,Hutchison Ports EIT,,Control de Equipo
Breily Vassel,bvassel@ppc.com.pa,Member,TRUE,Panama Ports Company,,Ingeniería
Brenda Garcia Hernandez,garcia.brenda@hutchisonlogistics.com.mx,Member,TRUE,Hutchison Ports Logistics México,,Finanzas
Brenda Gonzalez,gonzalez.brenda_allied.com.mx#EXT#@icavecommx0.onmicrosoft.com,Guest,,,Invitation,
Brenda Paola Soto Huazo,atencion.clientes@tilh.com.mx,Member,TRUE,Kelly Services,,Subgerencia de Comercializacion
Brenda Scarlett Leon Montes de Oca,leon.brenda@timsamx.com,Member,TRUE,Hutchison Ports TIMSA,,Ingresos y Control Aduanero
Brenda Zambrano,bzambrano@ppc.com.pa,Member,TRUE,Panama Ports Company,,Ingeniería
brenda.santiago,brenda.santiago_mex.pilship.com#EXT#@icavecommx0.onmicrosoft.com,Guest,,,Invitation,
Brent Bethel,Bethel.Brent@fcpbahamas.com,Member,TRUE,Freeport Container Port,,FCP Finance Department
brent.bethel,brent.bethel_gmail.com#EXT#@icavecommx0.onmicrosoft.com,Guest,,,Invitation,
Brett Neely,Neely.Brett@fcpbahamas.com,Member,TRUE,Freeport Container Port,,FCP Operations Department
Brian Bautista Vallejo,sup.impuestos@icave.com.mx,Member,TRUE,Asesoría Técnica,,Fiscal
Bruno Parker,Parker.Bruno@fcpbahamas.com,Member,TRUE,Freeport Container Port,,FCP Finance Department
Bryan Alvarado Ocampo,operador2.redes@icave.com.mx,Member,TRUE,Asesoría Técnica - Ehecatl,,Gerencia de Administración
Bryan Israel Reyes Guerrero,reyes.bryan@timsamx.com,Member,TRUE,Hutchison Ports TIMSA,,Ingeniería y desarrollo.
bsilvera.frecon,bsilvera.frecon_gmail.com#EXT#@icavecommx0.onmicrosoft.com,Guest,,,Invitation,
buenosaires.claims,buenosaires.claims_ttclub.com#EXT#@icavecommx0.onmicrosoft.com,Guest,,,Invitation,
Bulmaro Mendoza Villegas,mendoza.bulmaro@hutchisonports.com.mx,Member,TRUE,Hutchison Ports ICAVE,,Gerencia de Operaciones
businessanalysthph,businessanalysthph_gmail.com#EXT#@icavecommx0.onmicrosoft.com,Guest,,,Invitation,
Buzón RPA,buzon@hutchisonports.com.mx,Member,TRUE,Hutchison Ports ICAVE,,Gerencia de Administración
cadinanos,cadinanos_hotmail.com#EXT#@icavecommx0.onmicrosoft.com,Guest,,,Invitation,
Caja de Ahorro HPH,contacto@cajadeahorrohph.com.mx,Member,TRUE,Hutchison Ports México,,Dirección de Finanzas y Administración
Callum O'Brien,callum_obrienscs.com#EXT#@icavecommx0.onmicrosoft.com,Guest,,,Invitation,
Camilo Aguayo Gallardo,aguayo.camilo@icave.com.mx,Member,TRUE,Hutchison Ports México,,Dirección Ejecutiva HPH México
Camilo Castro,ccastro_dexfreight.io#EXT#@icavecommx0.onmicrosoft.com,Guest,,,Invitation,
Camilo Rodriguez,camrodriguez@ppc.com.pa,Member,TRUE,Panama Ports Company,,Operaciones
Camilo Torres | Dexfreight,ctorres_dexfreight.io#EXT#@icavecommx0.onmicrosoft.com,Guest,,Dexfreight,Invitation,
Cancelaciones CFDI,cfdicancelado@icave.com.mx,Member,TRUE,Hutchison Ports ICAVE,,Dirección de Finanzas y Administración
Candice Koo,koo.candice@hutchisonports.com.mx,Member,,,,Commercial Management
Capataz Ctrl Equipo,capatazctrlequipo@ppc.com.pa,Member,TRUE,Panama Ports Company,,Operaciones
CapPlanning,CapPlanning@icave.com.mx,Member,TRUE,Hutchison Ports ICAVE,,Gerencia de Operaciones
Captain Orlando Forbes,Forbes.Orlando@FHCBAHAMAS.COM,Member,TRUE,Freeport Harbour Company,,FHC Executive Office
cardra,cardra_spartanbahamas.com#EXT#@icavecommx0.onmicrosoft.com,Guest,,,Invitation,
Cargo Admin,cargoadmin@FCPBS.COM,Member,TRUE,,,
cargocounter@fhcbahamas.com,cargocounter@fhcbahamas.com,Member,,,,
Carl Nottage,nottage.carl@fcpbahamas.com,Member,TRUE,Freeport Container Port,,FCP Operations Department
Carl Walters,carl.walters_konecranes.com#EXT#@icavecommx0.onmicrosoft.com,Guest,,,,
Carla Cecilia Oropeza Zorrilla,oropeza.carla@hutchisonports.com.mx,Member,TRUE,Hutchison Ports ICAVE,,Controlaría General
Carla Daniela Bobadilla Chavez,bobadilla.carla@timsamx.com,Member,TRUE,Hutchison Ports TIMSA,,Contabilidad
Carla Estrella Rueda Gutierrez,rueda.carla@enseit.com,Member,TRUE,Hutchison Ports ECV,,Operación Cruceros
Carlo Magno Peraza Mora,analista.progeit02@enseit.com,Member,TRUE,ALLIED,,Subgerencia de TI
Carlos Abiel Retana Jaimez,retana.carlos@lctpc.com.mx,Member,TRUE,Hutchison Ports LCT,,Jefatura de Proteccion Portuaria
Carlos Adrian Mosqueda Montes de Oca,mosqueda.carlos@timsamx.com,Member,TRUE,Hutchison Ports TIMSA,,Vacios
Carlos Aguilar Torres,aguilar.carlos@icave.com.mx,Member,TRUE,Hutchison Ports ICAVE,,Mantenimiento de Equipo Menor
Carlos Alberto Machorro Marín,machorro.carlos@hutchisonports.com.mx,Member,TRUE,Hutchison Ports México,,Dirección de Comercialización
Carlos Alberto Perez Gonzalez,perezg.carlos@timsamx.com,Member,TRUE,Hutchison Ports TIMSA,,Ingenieria y Desarrollo
Carlos Alberto Sandoval Herrera,sandoval.carlos@lctpc.com.mx,Member,TRUE,Hutchison Ports LCT,,Jefatura de Sistemas Portuarios
Carlos Alberto Santos Gamiño,santos.carlos@lctpc.com.mx,Member,TRUE,Hutchison Ports LCT,,Jefatura de Muelle
Carlos Alejandro Odreman Moreno,consultor.eam01@icavecommx0.onmicrosoft.com,Member,TRUE,Asesoria Técnica,,Subgerencia de Sistemas
Carlos Analco Morales,analco.carlos@lctpc.com.mx,Member,TRUE,Hutchison Ports LCT,,Subgerencia de Mantenimiento
Carlos Andres Perez Campos,perez.carlos@icave.com.mx,Member,TRUE,Hutchison Ports ICAVE,,Almacen de Partes
Carlos Angel Hernandez Morfin,hernandezm.carlos@lctpc.com.mx,Member,TRUE,Hutchison Ports LCT,,Jefatura de Almacen de Refacciones
Carlos Antonio Hernández Reyna,hernandez.carlos@icave.com.mx,Member,TRUE,Hutchison Ports ICAVE,,Base de Datos y Seguridad de la Informacion
Carlos Antonio Ortiz Rivera,ortiz.carlos@icave.com.mx,Member,TRUE,Hutchison Ports ICAVE,,Mantenimiento Electrico
Carlos Augusto Muñoz Prieto,munoz.carlos@lctpc.com.mx,Member,TRUE,Hutchison Ports LCT,,Jefatura de Patio
Carlos Colin Alvarez,colin.carlos@lctpc.com.mx,Member,TRUE,Hutchison Ports LCT,,Jefatura de Salud Ocupacional y Segurida
Carlos Culmer,Culmer.Carlos@fhcbahamas.com,Member,TRUE,Freeport Harbour Company,,FHC Cargo Department
Carlos Daniel Orozco Bravo,orozco.carlos@enseit.com,Member,TRUE,Hutchison Ports EIT,,Sistemas
Carlos David Gomez Gomez,gomez.carlos@icave.com.mx,Member,TRUE,Asesoría Técnica,,Gerencia de Operaciones
Carlos Del Castillo,delcastillo.carlos@icave.com.mx,Member,TRUE,Hutchison Ports México,,Dirección de Operaciones
Carlos Eduardo Rivera Sanchez,rivera.carlos@icave.com.mx,Member,TRUE,Hutchison Ports ICAVE,,Operaciones
Carlos Emmanuel Zapata Rivera,zapata.carlos@tnghph.com.mx,Member,TRUE,Hutchison Ports TNG,,Maintenance
Carlos Enrique Mora Ramírez,mora.carlos@lctpc.com.mx,Member,TRUE,Hutchison Ports LCT,,Jefatura  de Administracion del Personal
Carlos Enrique Ungo,cungo@ppc.com.pa,Member,TRUE,Panama Ports Company,,Tecnología de Información
Carlos Fernando Álvarez Velasco,alvarez.carlos@icave.com.mx,Member,TRUE,Hutchison Ports ICAVE,,Gerencia de Administración
Carlos Garibaldo,cgaribaldo@ppc.com.pa,Member,TRUE,Panama Ports Company,,Seguridad Industrial
Carlos Gerardo Pérez Villa,perez.gerardo@lctpc.com.mx,Member,TRUE,Hutchison Ports LCT,,Jefatura de Vacios
Carlos Heriberto Rodriguez Sahagun,rodriguez.carlos@timsamx.com,Member,TRUE,Hutchison Ports TIMSA,,Planeacion
Carlos Hutchinson,chutchinson@ppc.com.pa,Member,TRUE,Panama Ports Company,,Ingeniería
Carlos Ivan Reyes Gonzalez,aprog7@icave.com.mx,Member,TRUE,Asesoría Técnica - Grupo CODA,,Gerencia de Administración
Carlos Javier García Mejía,garcia.carlos@icave.com.mx,Member,TRUE,Hutchison Ports ICAVE,,Mantenimiento
Carlos Magaña,carlos.magana_grupoindi.com#EXT#@icavecommx0.onmicrosoft.com,Guest,,,Invitation,
Carlos Manzano Martinez,manzano.carlos@hutchisonports.com.mx,Member,TRUE,Hutchison Ports México,,Gerencia Senior de Contratos de Líneas Navieras
Carlos Marin,cmarin@ppc.com.pa,Member,TRUE,Panama Ports Company,,Tecnología de Información
Carlos Mijangos Vieyra,mijangos.carlos@tilh.com.mx,Member,TRUE,Hutchison Ports TILH,,Jefatura de Ingenieria y Desarrollo
Carlos Myrie,cmyrie@ppc.com.pa,Member,TRUE,Panama Ports Company,,Ingeniería
Carlos Padilla Gonzalez,padilla.carlos@icave.com.mx,Member,TRUE,Hutchison Ports ICAVE,,Gerencia de Administración
Carlos Piza Agustiniano,piza.carlos@lctpc.com.mx,Member,TRUE,Hutchison Ports LCT,,Subgerencia de Servicios a la Carga
Carlos Ramón Figueroa Hernández,figueroa.carlos@lctpc.com.mx,Member,TRUE,Hutchison Ports LCT,,Jefatura de Patio
Carlos Ravelo Ortega,ravelo.carlos@icave.com.mx,Member,TRUE,Asesoría Técnica,,Gerencia de Operaciones
Carlos Rodriguez,crodriguez@ppc.com.pa,Member,TRUE,Panama Ports Company,,Operaciones
Carlos Santibanez Reyna,santibanez.carlos@tnghph.com.mx,Member,TRUE,Hutchison Ports TNG,,Production & Maintenance
Carlos Singh,csingh@ppc.com.pa,Member,TRUE,Panama Ports Company,,Operaciones
Carlos Vazquez Peña,vazquez.carlos@icave.com.mx,Member,TRUE,Hutchison Ports ICAVE,,Operaciones
Carlos Vázquez R. CAPS,carlos.vazquez_capstechnology.co#EXT#@icavecommx0.onmicrosoft.com,Guest,,,Invitation,
Carlos Visbal,cvisbal_dexfreight.io#EXT#@icavecommx0.onmicrosoft.com,Guest,,Dexfreight,Invitation,
carlos.penaloza,carlos.penaloza_msc.com#EXT#@icavecommx0.onmicrosoft.com,Guest,,,Invitation,
Carmen Andrea Morales Osorio,auxiliar.fiscal@tilh.com.mx,Member,TRUE,Kelly Services,,"Contabilidad, Fiscal y Planeación financiera"
Carolina Baltazar Vera,baltazar.carolina@icave.com.mx,Member,TRUE,Hutchison Ports México,,Dirección de Finanzas y Administración
Carolina Gonzalez Lopez,gonzalez.carolina@enseit.com,Member,TRUE,Hutchison Ports EIT,,Gerencia de Operaciones
Carolina Jiménez Luna,jimenez.carolina@hutchisonports.com.mx,Member,TRUE,Hutchison Ports México,,Gerencia de Administración
Carolina Romero Santillan,romero.carolina@lctpc.com.mx,Member,TRUE,Hutchison Ports LCT,,Jefatura de Proyectos e Innovacion
Carolina Ruiz Rincón,ruiz.carolina@icave.com.mx,Member,TRUE,Hutchison Ports ICAVE,,Gerencia de Comercialización ICAVE
Caroline Centeno,ccenteno@ppc.com.pa,Member,TRUE,Panama Ports Company,,Legal
Cassandra Melina Brizuela Castro,brizuela.cassandra@tilh.com.mx,Member,TRUE,Hutchison Ports TILH,,Gerencia General
castellanos.luis,castellanos.luis_setecnorte.com#EXT#@icavecommx0.onmicrosoft.com,Guest,,,Invitation,
Catherine Yael Alvarez Gonzalez,alvarez.catherine@icave.com.mx,Member,TRUE,Hutchison Ports ICAVE,,"Mejora, Desarrollo e Innovacion"
Catya Nohemi Ochoa Soto,ochoa.catya@timsamx.com,Member,TRUE,Hutchison Ports TIMSA,,Mantenimiento
ccervantes,ccervantes_admseguros.com.mx#EXT#@icavecommx0.onmicrosoft.com,Guest,,,Invitation,
CCTV,Cctv@lctpc.com.mx,Member,TRUE,Hutchison Ports LCT,,Jefatura de Proteccion Portuaria
CCTV LCMT,cctv.mt@lcmt.mx,Member,TRUE,Hutchison Ports LCMT,,
CCTV TILH,cctv.tilh@tilh.com.mx,Member,TRUE,Hutchison Ports TILH,,Seguridad Corporativa
cctvuser,cctvuser@ppc.com.pa,Member,TRUE,Panama Ports Company,,Proteccion y Seguridad
Cecibel Nunez,cnunez@ppc.com.pa,Member,TRUE,Panama Ports Company,,Ingeniería
Cecilia Bustos Herrera,asist.capacitacion02@lctpc.com.mx,Member,TRUE,Hutchison Ports LCT,,Subgerencia de Recursos Humanos
Cecilia Cisneros Guzman,cisneros.cecilia@timsamx.com,Member,TRUE,Hutchison Ports TIMSA,,Mantenimiento
Cecilia Fabiana Pacheco Dimas,pacheco.cecilia@icave.com.mx,Member,TRUE,Hutchison Ports ICAVE,,Gerencia General
Cecilia Guadalupe Escobar Rodriguez,escobar.cecilia@timsamx.com,Member,TRUE,Hutchison Ports TIMSA,,Gerencia de Operaciones
Celeane Lightbourne,lightbourne.celeane@fcpbahamas.com,Member,TRUE,Freeport Container Port,,FCP Operations Department
Celsa Aponte,caponte@ppc.com.pa,Member,TRUE,Panama Ports Company,,Legal
Centro de Atención a Usuarios,Cau@icave.com.mx,Member,TRUE,Hutchison Ports ICAVE,,Gerencia de Administración
Centro de Atención a Usuarios TIMSA,cau.timsa@timsamx.com,Member,,,,
Centro de Capacitación,centrodecapacitacion@hutchisonports.com.mx,Member,TRUE,Hutchison Ports ICAVE,,Recursos Humanos
Centro de Servicios Compartidos Morelos,ssc.mor@icave.com.mx,Member,TRUE,Asesoría Técnica - Ehecatl,,Gerencia de Administración
Centro de Servicios Compartidos Terminal,ssc.tec@icave.com.mx,Member,TRUE,Asesoría Técnica - Ehecatl,,Gerencia de Administración
Centro de Soporte a Usuarios,csu@lctpc.com.mx,Member,TRUE,Hutchison Ports LCT,,Jefatura de Soporte Tecnico
Centro Estratégico de Servicios,ces@icave.com.mx,Member,TRUE,Hutchison Ports ICAVE,,Gerencia de Operaciones
Centro Estratégico Operativo,ceo@icave.com.mx,Member,TRUE,Hutchison Ports ICAVE,,Gerencia de Operaciones
Centro Nacional de Nóminas HPMX,nominas.hpmx@hutchisonports.com.mx,Member,,,,
ceo,ceo_comipasa.com.mx#EXT#@icavecommx0.onmicrosoft.com,Guest,,,Invitation,
ceo,ceo_procisalzc.com#EXT#@icavecommx0.onmicrosoft.com,Guest,,,Invitation,
Cesar Adolfo Estrada Ayala,estrada.cesar@icave.com.mx,Member,TRUE,Hutchison Ports México,,Dirección Ejecutiva HPH México
Cesar Alejandro Barroso Martinez,aux.comprastng@tnghph.com.mx,Member,TRUE,Hutchison Ports TNG,,Purchasing
"Cesar Anthony Gonzalez (COM, Practicante )",cegonzalez@ppc.com.pa,Member,TRUE,Panama Ports Company,,Direccion Comercial
César Augusto Pérez Morales,perez.cesar@icave.com.mx,Member,TRUE,Hutchison Ports México,,Dirección de Finanzas y Administración
Cesar Camacho Gutierrez,Ccamacho@enseit.com,Member,TRUE,Hutchison Ports EIT,,Mantenimiento
"Cesar Castillo (IT, Contractor)",ccastillo@ppc.com.pa,Member,TRUE,Panama Ports Company,,Tecnología de Información
Cesar Collins,ccollins@ppc.com.pa,Member,TRUE,Panama Ports Company,,Carga General
Cesar de Jesus Lopez Villalbazo,lopezv.cesar@icave.com.mx,Member,TRUE,Hutchison Ports México,,Gerencia Senior de Recursos Humanos
Cesar De la Cruz Florentino,delacruz.cesar@lctpc.com.mx,Member,TRUE,Hutchison Ports LCT,,Jefatura de Patio
Cesar Eduardo Moreno Diaz,moreno.cesar@timsamx.com,Member,TRUE,Hutchison Ports TIMSA,,Patio de Vacios
Cesar Francisco Salazar Morales,salazar.cesar@tnghph.com.mx,Member,TRUE,Hutchison Ports TNG,,Project
César Fuentes López,fuentes.cesar@hutchisonports.com.mx,Member,TRUE,Hutchison Ports ICAVE,,Gerencia de Operaciones
César Gonzalez,cgonzalez@ppc.com.pa,Member,TRUE,Panama Ports Company,,Operaciones
Cesar Gutierrez,cogutierrez@ppc.com.pa,Member,TRUE,Panama Ports Company,,Operaciones
Cesár Javier Hernández Pérez,hernandez.cesar@timsamx.com,Member,TRUE,Hutchison Ports TIMSA,,Servicio al Cliente
César Muñoz Rendón,munoz.cesar@icave.com.mx,Member,TRUE,Hutchison Ports ICAVE,,Gerencia de Operaciones
Cesar Osorio,cosorio@ppc.com.pa,Member,TRUE,Panama Ports Company,,Ingeniería
Cesar Ricardo Campa Mercado,soporte.apps03@lctpc.com.mx,Member,TRUE,Hutchison Ports LCT,,Jefatura de Sistemas Portuarios
Cesar Rodolfo Moctezuma Pimienta,moctezuma.cesar@tnghph.com.mx,Member,TRUE,Hutchison Ports TNG,,Costos
Cesar Rodriguez,cerodriguez@ppc.com.pa,Member,TRUE,Panama Ports Company,,Operaciones
Cesar Uriel Rivera Mares,rivera.uriel@timsamx.com,Member,TRUE,Hutchison Ports TIMSA,,Contabilidad
Cfd Pruebas,cfd.pruebas@lctpc.com.mx,Member,TRUE,Hutchison Ports LCT,,
Cfd Sistemas,sistemas.cfdi@lctpc.com.mx,Member,TRUE,Hutchison Ports LCT,,
Cfd Validador,cfd.validador@lctpc.com.mx,Member,TRUE,Hutchison Ports LCT,,
Chandra Bowe,bowe.chandra@fcpbahamas.com,Member,TRUE,Freeport Container Port,,FCP Operations Department
Chandra Munroe,Munroe.Chandra@FHCBAHAMAS.COM,Member,TRUE,Freeport Harbour Company,,FHC Cargo Department
Charles B. Rolle,Rolle.Charles@fcpbahamas.com,Member,TRUE,Freeport Container Port,,FCP Security Department
Charlton Lopez,Lopez.Charlton@fcpbahamas.com,Member,TRUE,Freeport Container Port,,FCP Engineering Department
Cherika Pinder,Pinder.Cherika@fcpbahamas.com,Member,TRUE,Freeport Container Port,,FCP Projects and Development
Cheryl Hanna,hanna.cheryl@fcpbahamas.com,Member,TRUE,Freeport Container Port,,FCP Operations Department
Cheryl Romer,Romer.Cheryl@fcpbahamas.com,Member,TRUE,Freeport Container Port,,FCP Operations Department
Chika Ibeneme,ibeneme.chika@fcpbahamas.com,Member,TRUE,Freeport Container Port,,Information Technology Department
Chitara Johnson,johnson.chitara@fhcbahamas.com,Member,TRUE,Freeport Harbour Company,,FHC Security Department
Chone Cash,cash.chone@fhcbahamas.com,Member,TRUE,Freeport Harbour Company,,FHC Security Department
Christian Angel Torres Puga,torres.christian@timsamx.com,Member,TRUE,Hutchison Ports TIMSA,,Torre de Control
Christian Gómez Esquivel,consultor.giga01@icave.com.mx,Member,TRUE,GIGA TECHNOLOGY,,Gerencia de Administración
Christian Hepburn,hepburn.christian@fhcbahamas.com,Member,TRUE,Freeport Harbour Company,,FHC Marine Control Department
Christian Israel Montelongo Castañeda,montelongo.christian@timsamx.com,Member,TRUE,Hutchison Ports TIMSA,,PATIO
Christian Leigier,cleigier@ppc.com.pa,Member,TRUE,Panama Ports Company,,Operaciones
Christian Nino,cnino@ppc.com.pa,Member,TRUE,Panama Ports Company,,Operaciones
Christian Osorio,chosorio@ppc.com.pa,Member,TRUE,Panama Ports Company,,Operaciones
Christian Pedro Velazquez Bernardino,velazquez.christian@tilh.com.mx,Member,TRUE,Hutchison Ports TILH,,Subgerencia de Mejora Continua
Christian Raymundo Sevilla Velasco,sevilla.christian@timsamx.com,Member,TRUE,Hutchison Ports TIMSA,,Subgerencia de Sistemas
Christian Rico Barajas,soporte.ds07@lctpc.com.mx,Member,TRUE,Hutchison Ports LCT,,Jefatura de Sistemas Portuarios
Christian Rodríguez Lopez,rodriguez.christian@tilh.com.mx,Member,TRUE,Hutchison Ports TILH,,Ultima Milla
Christian Tinoco Martinez,tinoco.christian@lctpc.com.mx,Member,TRUE,Hutchison Ports LCT,,Subgerencia de Planeacion
Christian Vega Barron,cvega@enseit.com,Member,TRUE,Hutchison Ports EIT,,Patio
"Christie Guevara (HR, Contractor)",cguevara@ppc.com.pa,Member,TRUE,Panama Ports Company,,Recursos Humanos
Christina Ciceron-Becius,ciceron-becius.christina@fhcbahamas.com,Member,TRUE,Freeport Harbour Company,,FHC Finance Department
Christophe Leclerc,c.leclerc_isdbahamas.com#EXT#@icavecommx0.onmicrosoft.com,Guest,,,Invitation,
Christopher C. Kemp,Kemp.Christopher@fcpbahamas.com,Member,TRUE,Freeport Container Port,,FCP Finance Department
Christopher Ivan Morales Alcaraz,morales.christopher@timsamx.com,Member,TRUE,Hutchison Ports TIMSA,,Recursos Humanos
Christopher Simms,Simms.Christopher@fcpbahamas.com,Member,TRUE,Freeport Container Port,,FCP Engineering Department
cieconsultores,cieconsultores_yahoo.com#EXT#@icavecommx0.onmicrosoft.com,Guest,,,Invitation,
cielo2003ruiz,cielo2003ruiz_gmail.com#EXT#@icavecommx0.onmicrosoft.com,Guest,,,Invitation,
Cindy Rodriguez,cirodriguez@ppc.com.pa,Member,TRUE,Panama Ports Company,,Seguridad Industrial
Cinthia Roa,croa@ppc.com.pa,Member,TRUE,Panama Ports Company,,Finanzas
Cinthya Melgarejo Maldonado,melgarejo.cinthya@icave.com.mx,Member,TRUE,Hutchison Ports ICAVE,,Gerencia de Operaciones
Cinthya Mora Rivera,mora.cinthya@lctpc.com.mx,Member,TRUE,Hutchison Ports LCT,,Subgerencia de Planeacion
Cintli Rubi Gabriela Lonche Hernandez,lonche.cintli@icave.com.mx,Member,TRUE,Hutchison Ports ICAVE,,Gerencia Comercial
Ciro Alfredo Monraga Flores,monraga.ciro@tnghph.com.mx,Member,TRUE,Hutchison Ports TNG,,Production & Maintenance
cisneros.letty,cisneros.letty_gmail.com#EXT#@icavecommx0.onmicrosoft.com,Guest,,,Invitation,
Citas TAGS,CitasTAGS@icavecommx0.onmicrosoft.com,Member,,,,
citlalli,citlalli_sillymatter.com#EXT#@icavecommx0.onmicrosoft.com,Guest,,,Invitation,
Citlally Bazan Espinoza,bazan.citlally@tnghph.com.mx,Member,TRUE,Hutchison Ports TNG,,Foreign Trade
ckayemhepburn,ckayemhepburn_hotmail.com#EXT#@icavecommx0.onmicrosoft.com,Guest,,,Invitation,
claims,claims@ppc.com.pa,Member,TRUE,Panama Ports Company,,"Legal, Seguros y Reclamos"
Clara Valderrama,cvalderrama@ppc.com.pa,Member,TRUE,Panama Ports Company,,Operaciones
Clarissa Vega,cvega@ppc.com.pa,Member,TRUE,Panama Ports Company,,Legal
Claudia Avalos Villar,avalos.claudia@hutchisonports.com.mx,Member,TRUE,Hutchison Ports ICAVE,,Planning Center
"Claudia Pedrals (CKHH - HWEL -Senior Officer, GMS-Europe)",Claudia.Pedrals_hwleurope.com#EXT#@icavecommx0.onmicrosoft.com,Guest,,Hutchison Whampoa (Europe) Limited,Invitation,
claudia.acosta,claudia.acosta_telcel.com#EXT#@icavecommx0.onmicrosoft.com,Guest,,,Invitation,
Claudine Solis,csolis@ppc.com.pa,Member,TRUE,Panama Ports Company,,Compras
Claudio Hernandez Martinez,hernandez.claudio@icave.com.mx,Member,TRUE,Hutchison Ports México,,Informacion Financiera
Cleasio Black,Black.Cleasio@fcpbahamas.com,Member,TRUE,Freeport Container Port,,FCP Operations Department
Clemente Guzman Dominguez,guzman.clemente@timsamx.com,Member,TRUE,Hutchison Ports TIMSA,,Jefatura de Salud Ocupacional y Seguridad
Clemente Hernandez,cehernandez@ppc.com.pa,Member,TRUE,Panama Ports Company,,Operaciones
Clemente Zayas Mizquez,CZayas@enseit.com,Member,TRUE,Hutchison Ports EIT,,Sistemas
clementezm1980,clementezm1980_outlook.com#EXT#@icavecommx0.onmicrosoft.com,Guest,,,Invitation,
clementezm1980,clementezm1980_gmail.com#EXT#@icavecommx0.onmicrosoft.com,Guest,,,Invitation,
Clovis Vergara,cvergara@ppc.com.pa,Member,TRUE,Panama Ports Company,,Operaciones
Clyde Grant,grant.clyde@fcpbahamas.com,Member,TRUE,Freeport Container Port,,FCP Operations Department
cmaycock,cmaycock_focol.com#EXT#@icavecommx0.onmicrosoft.com,Guest,,,Invitation,
cmichel,cmichel_grupoelecon.com#EXT#@icavecommx0.onmicrosoft.com,Guest,,,Invitation,
co.race,co.race_offenship.de#EXT#@icavecommx0.onmicrosoft.com,Guest,,,Invitation,
coa.asipona.ver.2025,coa.asipona.ver.2025_gmail.com#EXT#@icavecommx0.onmicrosoft.com,Guest,,,Invitation,
Cobranza Central HPMX,cobranza.hpmx@hutchisonports.com.mx,Member,TRUE,Hutchison Ports México,,Dirección de Finanzas y Administración
Cobranza TILH,tilh.cobranza@tilh.com.mx,Member,TRUE,Hutchison Ports TILH,,
"Cody Leung (Hutchison Ports, LEGAL & CO SEC)",Leung.CodyWF_hutchisonports.com#EXT#@icavecommx0.onmicrosoft.com,Guest,,,Invitation,
Comité de Auditoría Hutchison Ports México,comite.auditoria@icavecommx0.onmicrosoft.com,Member,,,,
Comité de descuentos y crédito TILH,descuentos.creditos@tilh.com.mx,Member,,,,
Comité de Licitaciones,licitaciones@lctpc.com.mx,Member,TRUE,Hutchison Ports LCT,,
Comité de Licitaciones LCMT,licitaciones.mt@lcmt.mx,Member,TRUE,Hutchison Ports LCMT,,
commandcenter@fhcbahamas.com,commandcenter@fhcbahamas.com,Member,,,,
comprador@lctpc.com.mx,comprador@icavecommx0.onmicrosoft.com,Member,,,,
compras,compras@ppc.com.pa,Member,TRUE,Panama Ports Company,,Cadena de Abastecimiento
Comunicación,comunicacion@ppc.com.pa,Member,TRUE,Panama Ports Company,,Comunicacion
Comunicados EIT-ECV,comunicadoseit.ecv@enseit.com,Member,TRUE,Hutchison Ports EIT,,
Connect,connect@fcpbahamas.com,Member,TRUE,,,
constructoramjl,constructoramjl_gmail.com#EXT#@icavecommx0.onmicrosoft.com,Guest,,,Invitation,
Consultor Dynamics O365,dynamics.consultor@icavecommx0.onmicrosoft.com,Member,TRUE,Hutchison Ports TIMSA,,
Consultor Dynamics O365,dynamics.consultant@timsamx.com,Member,TRUE,,,
Contacto Administración,contacto.administracion@icavecommx0.onmicrosoft.com,Member,,,,
contacto.mkt,contacto.mkt_caaarem.mx#EXT#@icavecommx0.onmicrosoft.com,Guest,,,Invitation,
Container Care,Ccare@lctpc.com.mx,Member,TRUE,Hutchison Ports LCT,,Jefatura de Operaciones Container Care.
Contratos EIT,contratosEIT@enseit.com,Member,TRUE,Hutchison Ports ECV,,Compras
Control de Accesos,control.accesos@lctpc.com.mx,Member,TRUE,Hutchison Ports LCT,,Jefatura de Proteccion Portuaria
Control de Accesos ECV,caecv@enseit.com,Member,TRUE,Hutchison Ports ECV,,ECV
Control de Accesos LCMT,controlaccesos.mt@lcmt.mx,Member,TRUE,Hutchison Ports LCMT,,
Control de Equipo LCMT,cequipomt.mt@lcmt.mx,Member,TRUE,Hutchison Ports LCMT,,
Control de Equipo NT,Controldeequipont@lctpc.com.mx,Member,TRUE,Hutchison Ports LCT,,Subgerencia de Mantenimiento
Control marítimo,docplan@lctpc.com.mx,Member,TRUE,Hutchison Ports LCT,,Subgerencia de Planning
Control Santa Fe,beltran.heberth@icave.com.mx,Member,TRUE,Hutchison Ports ICAVE,,Gerencia de Operaciones
Control y Cumplimiento,controlycumplimiento@ppc.com.pa,Member,TRUE,Panama Ports Company,,Control Interno y Riesgo Gerencial
Controlador de Puerta de Salida 2 LCMT,ptasal2.mt@lcmt.mx,Member,TRUE,Hutchison Ports LCMT,,
Controlador de Puerta de Salida LCMT,ptasal.mt@lcmt.mx,Member,TRUE,Hutchison Ports LCMT,,
Controlador de Puerta de Salida T2,ptasalnt@lctpc.com.mx,Member,TRUE,Hutchison Ports LCT,,Jefatura de Puerta de Salida
Controlador de Salud Ocupacional y Seguridad,controlador.sos@icave.com.mx,Member,TRUE,Hutchison Ports ICAVE,,Salud Ocupacional y Seguridad
Controlador FMS Autónomos,control.autonomos@icave.com.mx,Member,TRUE,Hutchison Ports ICAVE,,Gerencia de Operaciones
Controladores Salida,controladores.salida@icave.com.mx,Member,TRUE,Hutchison Ports ICAVE,,Gerencia de Administración
COOAssistant,cooassistant@ppc.com.pa,Member,TRUE,Panama Ports Company,,Direccion de Operaciones
"Coordinadores de Proyectos (PRO, Contractor)",coordproyectos@ppc.com.pa,Member,TRUE,Panama Ports Company,,Proyectos e Infraestructura
coperaciones4,coperaciones4_puertodeveracruz.com.mx#EXT#@icavecommx0.onmicrosoft.com,Guest,,,Invitation,
Cordegia Pinder-White,Pinder-White.Cordegia@FHCBAHAMAS.COM,Member,TRUE,Freeport Harbour Company,,FHC Cargo Department
costos,costos_procisalzc.com#EXT#@icavecommx0.onmicrosoft.com,Guest,,,Invitation,
costos.presupuestos,costos.presupuestos_comipasa.com.mx#EXT#@icavecommx0.onmicrosoft.com,Guest,,,Invitation,
costosypresupuestosatm,costosypresupuestosatm_gmail.com#EXT#@icavecommx0.onmicrosoft.com,Guest,,,Invitation,
Cotizaciones PPC,cotizaciones@ppc.com.pa,Member,TRUE,Panama Ports Company,,Cadena de Abastecimiento
cotizacioneslcmt,cotizacioneslcmt@icavecommx0.onmicrosoft.com,Member,,,,
cotizacioneslct,cotizacioneslct@icavecommx0.onmicrosoft.com,Member,,,,
courtneypatricegreen,courtneypatricegreen_gmail.com#EXT#@icavecommx0.onmicrosoft.com,Guest,,,Invitation,
cpa.asipona.ver.2025,cpa.asipona.ver.2025_gmail.com#EXT#@icavecommx0.onmicrosoft.com,Guest,,,Invitation,
CPR Training,cprtraining@fcpbahamas.com,Member,TRUE,,,
Craig Lewis,Lewis.Craig@FHCBAHAMAS.COM,Member,TRUE,Freeport Harbour Company,,FHC Cargo Department
Craig Roker,Roker.Craig@FHCBAHAMAS.COM,Member,TRUE,Freeport Harbour Company,,FHC Cargo Department
Cristhian Daniel Marcial Gonzalez,marcial.cristhian@timsamx.com,Member,TRUE,Hutchison Ports TIMSA,,Contabilidad
Cristhian Hernandez Morales,hernandez.cristhian@tnghph.com.mx,Member,TRUE,Hutchison Ports TNG,,Maintenance
Cristhian Lucatero Rico,lucatero.cristhian@lctpc.com.mx,Member,TRUE,Hutchison Ports LCT,,Jefatura de Ingenieria de Costos
Cristhian Martinez Garcia,cristhian.martinez_cybolt.com#EXT#@icavecommx0.onmicrosoft.com,Guest,,,Invitation,
Cristian Adrian Preciado Mendoza,preciado.cristian@lctpc.com.mx,Member,TRUE,Hutchison Ports LCT,,Subgerencia de Planeacion
Cristian Albarrán Zarate,albarran.cristian@enseit.com,Member,TRUE,Hutchison Ports EIT,,Planeación
Cristian Fabio Galindo Hernandez,galindo.cristian@tnghph.com.mx,Member,TRUE,Hutchison Ports TNG,,Maintenance
Cristian Jhoany Caballero Velázquez,caballero.christian@enseit.com,Member,TRUE,Hutchison Ports EIT,,Proyecto nGEN
Cristian Michael Lopez Heredia,lopez.cristian@enseit.com,Member,TRUE,Hutchison Ports EIT,,Vacios EIT
Cristian Michel Salgado Pérez,salgado.cristian@icave.com.mx,Member,TRUE,Hutchison Ports México,,Dirección de Finanzas y Administración
Cristina Alejandra Cervantes Murrieta,soporte.servicedesk3@icave.com.mx,Member,TRUE,Asesoría Técnica,,Jefatura de Infraestructura
Cristina Denise Rodriguez Acevedo,rodriguez.cristina@enseit.com,Member,TRUE,Hutchison Ports EIT,,SOSYPA
Cristina Martinez Rosales,martinez.cristina@lctpc.com.mx,Member,TRUE,Hutchison Ports LCT,,Facturación
Cristina Martinez Rosales,cristinamartinezrosales@icavecommx0.onmicrosoft.com,Member,,,,
Cristina Martinez Rosales LCMT,asist.fact06@lcmt.mx,Member,FALSE,Hutchison Ports LCMT,,Jefatura de Facturacion
Cristina Quiroz Almazán,cquiroz@enseit.com,Member,TRUE,Hutchison Ports EIT,,SOSYPA EIT
Cristina Ramirez Garcia,cramirez@enseit.com,Member,TRUE,Hutchison Ports EIT,,Proyecto nGEN
Cristobal GateHouse Archivo,ctblgatearchivo@ppc.com.pa,Member,TRUE,Panama Ports Company,,Operaciones
Cristobal Gatehouse Caja,Ctblgatecaja@ppc.com.pa,Member,TRUE,Panama Ports Company,,Operaciones
Cristopher Eduardo Ascencio Cruz,aprog14@icave.com.mx,Member,TRUE,Servicios Integrales CODA GROUP,,Gerencia de Administración
CRM ROSA 02 HK,crm.rosa2@icave.com.mx,Member,TRUE,Hutchison Ports ICAVE,,Gerencia de Administración
CRM Rosa HK,crm.rosa@icave.com.mx,Member,TRUE,Hutchison Ports ICAVE,,Gerencia de Administración
CRM TIMSA,crm.timsa@icavecommx0.onmicrosoft.com,Member,TRUE,Hutchison Ports TIMSA,,Subgerencia de Sistemas
"Crowe, Jaime M.",jaimecrowe_paulhastings.com#EXT#@icavecommx0.onmicrosoft.com,Guest,,,Invitation,
Crystal Moore,Moore.Crystal@fcpbahamas.com,Member,TRUE,Freeport Container Port,,FCP Finance Department
cstorr,cstorr_mailboatbahamas.com#EXT#@icavecommx0.onmicrosoft.com,Guest,,,Invitation,
ctbl_reefers_technician,ctbl_reefers_tech@ppc.com.pa,Member,TRUE,Panama Ports Company,,Operaciones
ctbnetworkoncall,ctbnetworkoncall@ppc.com.pa,Member,,,,
Cuauhtemoc Vidales Perez,vidales.cuauhtemoc@tnghph.com.mx,Member,TRUE,Hutchison Ports TNG,,Production & Maintenance
"Cubillos, Eduard",eduard.cubillos_softwareone.com#EXT#@icavecommx0.onmicrosoft.com,Guest,,,Invitation,
cuentas.it,cuentas.it@icavecommx0.onmicrosoft.com,Member,,,,
cuentas.ops,cuentas.ops@icavecommx0.onmicrosoft.com,Member,,,,
curriculum,curriculum@icavecommx0.onmicrosoft.com,Member,,,,
Cynthia Anahi Heredia Mercado,heredia.cynthia@lctpc.com.mx,Member,TRUE,Hutchison Ports LCT,,Subgerencia de Planeacion
Cynthia Citlalli Mariscal Ceja,mariscal.cynthia@lctpc.com.mx,Member,TRUE,Hutchison Ports LCT,,Finanzas e Impuestos
cynthia.carrasco,cynthia.carrasco_iantaylor.com#EXT#@icavecommx0.onmicrosoft.com,Guest,,,Invitation,
Cyril Cox,Cox.Cyril@FHCBAHAMAS.COM,Member,TRUE,Freeport Harbour Company,,FHC Marine Control Department
Dahlia Williams,williams.dahlia@fcpbahamas.com,Member,TRUE,Freeport Container Port,,FCP Operations Department
Daira Vergara,dvergara@ppc.com.pa,Member,TRUE,Panama Ports Company,,Proyectos e Infraestructura
Daisy Barragan,dbarragan@ppc.com.pa,Member,TRUE,Panama Ports Company,,Finanzas
Damaris Zeledon Dominguez,zeledon.damaris@lctpc.com.mx,Member,TRUE,Hutchison Ports LCT,,Inteligencia de Mercado y Pricing
Damaris Zeledon Dominguez LCMT,zeledon.damarismt@lcmt.mx,Member,FALSE,Hutchison Ports LCMT,,
Dameion Smith,smith.dameion@fhcbahamas.com,Member,TRUE,Freeport Harbour Company,,FHC Marine Control Department
Damián Alexander Guillín Loaiza,guillin.damian@enseit.com,Member,TRUE,Hutchison Ports EIT,,Innovación
Damián Martinez Hernandez,martinez.damian@icave.com.mx,Member,TRUE,Hutchison Ports ICAVE,,Muelle Contenedor
Damian Maytorena Sanchez,maytorena.damian@tnghph.com.mx,Member,TRUE,Hutchison Ports TNG,,Project
Damian Solis,dasolis@ppc.com.pa,Member,TRUE,Panama Ports Company,,Almacén
Danaldo Butler,Butler.Danaldo@fcpbahamas.com,Member,TRUE,Freeport Container Port,,FCP Finance Department
Daniel Alejandro Garcia Larios,garcia.daniel@timsamx.com,Member,TRUE,Hutchison Ports TIMSA,,Servicios a la Carga-Vacios
Daniel Alejandro Vazquez Marquez,vazquez.daniel@lctpc.com.mx,Member,TRUE,Hutchison Ports LCT,,Jefatura  de Administracion del Personal
Daniel Arellano Hernandez,arellano.daniel@tnghph.com.mx,Member,TRUE,Hutchison Ports TNG,,Integrated Management System
Daniel Balanzar Rojas,balanzar.daniel@lctpc.com.mx,Member,TRUE,Hutchison Ports LCT,,Jefatura de Sistemas Portuarios
Daniel de Jesus Sanchez Nava,sanchez.daniel@icave.com.mx,Member,TRUE,Hutchison Ports ICAVE,,Almacén de Refacciones
Daniel Delgadillo Mancilla,delgadillo.daniel@lctpc.com.mx,Member,TRUE,Hutchison Ports LCT,,Jefatura de Facturación
Daniel Delgadillo Mancilla LCMT,asist.fac10@icavecommx0.onmicrosoft.com,Member,,,,
Daniel Gonzalez Robles,gonzalez.daniel@hutchisonports.com.mx,Member,TRUE,Hutchison Ports México,,HPH Nominas y Obligaciones
"Daniel Kennion (SEC, Contractor)",dkennion@ppc.com.pa,Member,TRUE,Panama Ports Company,,Proteccion y Seguridad
Daniel Lee Ibarra,dlee@enseit.com,Member,TRUE,Hutchison Ports EIT,,Compras
Daniel López Escobar,controlador.previos@icave.com.mx,Member,TRUE,Hutchison Ports ICAVE,,Gerencia de Operaciones
Daniel Morales García,soporte.ti2@tnghph.com.mx,Member,TRUE,Asesoria Técnica,,Information Technology
Daniel Ochoa Ramírez,ochoa.daniel@hutchisonports.com.mx,Member,TRUE,Hutchison Ports México,,Gerencia de Administración
Daniel Pacheco,sop.apps@timsamx.com,Member,TRUE,Hutchison Ports TIMSA,,Sistemas
Daniel Rangel Cantero,rangel.daniel@timsamx.com,Member,TRUE,Hutchison Ports TIMSA,,Sistemas
Daniel Vera Centurion,vera.daniel@tnghph.com.mx,Member,TRUE,Hutchison Ports TNG,,Infrastructure
daniel.olson,daniel.olson_cm-labs.com#EXT#@icavecommx0.onmicrosoft.com,Guest,,,Invitation,
Daniela Castro Castillo,castro.daniela@enseit.com,Member,TRUE,Hutchison Ports ECV,,Marina
Daniela Fontan Ramos,fontan.daniela@tnghph.com.mx,Member,TRUE,Hutchison Ports TNG,,accounting
Daniela Gómez,dgomez_dexfreight.io#EXT#@icavecommx0.onmicrosoft.com,Guest,,Dexfreight,Invitation,
Daniela Ivonne Ordaz Estrada,ordaze.daniela@timsamx.com,Member,TRUE,Hutchison Ports TIMSA,,Protección Ambiental
Daniela Sanchez Cortez,sanchez.daniela@lctpc.com.mx,Member,TRUE,Hutchison Ports LCT,,Subgerencia de Planeación Financiera
Daniela Zareth Rojas Manzo,rojas.daniela@timsamx.com,Member,TRUE,Hutchison Ports TIMSA,,Ingenieria y Desarrollo
Danilo De Hoyos,ddehoyos@ppc.com.pa,Member,TRUE,Panama Ports Company,,Control de Equipo
Danny Agrazal,dagrazal@ppc.com.pa,Member,TRUE,Panama Ports Company,,Operaciones
Danny Gayle,gayle.danny@fcpbahamas.com,Member,TRUE,Freeport Container Port,,FCP Engineering Department
Danny López | Dexfreight,dlopez_dexfreight.io#EXT#@icavecommx0.onmicrosoft.com,Guest,,Dexfreight,Invitation,
Dariel De Los Rios Reyes,rios.dariel@tnghph.com.mx,Member,TRUE,Hutchison Ports TNG,,Engineering and Operational Development
Dario Quiel,dquiel@ppc.com.pa,Member,TRUE,Panama Ports Company,,Recursos Humanos
Darryl Knowles,knowles.darryl@fcpbahamas.com,Member,TRUE,Freeport Container Port,,Information Technology Department
Daryl Saunders,Saunders.Daryl@fcpbahamas.com,Member,TRUE,Freeport Container Port,,FCP Operations Department
David  Arevalo,darevalo@ppc.com.pa,Member,TRUE,Panama Ports Company,,Operaciones
David Arturo Vergara Licona,vergara.david@hutchisonlogistics.com.mx,Member,TRUE,Hutchison Ports Logistics México,,Comercial
David Espinoza,despinoza@ppc.com.pa,Member,TRUE,Panama Ports Company,,Operaciones
David Fuentes Patraca,fuentes.david@icave.com.mx,Member,TRUE,Asesoría Técnica,,Control Tower
David González Valencia,gonzalez.david@icave.com.mx,Member,TRUE,Hutchison Ports ICAVE,,Gerencia de Administración
David Huang,david.huang_ptcl.com.hk#EXT#@icavecommx0.onmicrosoft.com,Guest,,,Invitation,
David Martinez Islas,martinez.david@tnghph.com.mx,Member,TRUE,Hutchison Ports TNG,,"Environment, Health & Safety"
David Martinez Naranjo,martinezn.david@icave.com.mx,Member,TRUE,Hutchison Ports ICAVE,,Gerencia General
David Mendoza,dmendoza@ppc.com.pa,Member,TRUE,Panama Ports Company,,Operaciones
David Motoo,dmotoo@ppc.com.pa,Member,TRUE,Panama Ports Company,,Operaciones
David Pinder,Pinder.David@fcpbahamas.com,Member,TRUE,Freeport Container Port,,FCP Operations Department
David Samuel Tapia,tapia.david@icave.com.mx,Member,TRUE,Hutchison Ports ICAVE,,Gerencia de Operaciones
"David Shek (Hutchison Ports, OPERATIONS)",Shek.DavidYS_hutchisonports.com#EXT#@icavecommx0.onmicrosoft.com,Guest,,,Invitation,
David Villegas,david.villegas_venturessoft.com#EXT#@icavecommx0.onmicrosoft.com,Guest,,,Invitation,
david.gomez,david.gomez_msc.com#EXT#@icavecommx0.onmicrosoft.com,Guest,,,Invitation,
david.rodriguez,david.rodriguez_inpromex.com.mx#EXT#@icavecommx0.onmicrosoft.com,Guest,,,Invitation,
Davonya Marshall,Marshall.Davonya@fcpbahamas.com,Member,TRUE,Freeport Container Port,,FCP Finance Department
Dawling Medrano  | Dexfreight,dmedrano_dexfreight.io#EXT#@icavecommx0.onmicrosoft.com,Guest,,DexFreight,Invitation,
Dawn Rolle,Rolle.Dawn@FHCBAHAMAS.COM,Member,TRUE,Freeport Harbour Company,,FHC Executive Office
Daysi Lopez Torres,lopez.daysi@timsamx.com,Member,TRUE,Hutchison Ports TIMSA,,Torre de control
DC Agent,dcagent@FCPBS.COM,Member,TRUE,,,
dcmartinez,dcmartinez_admseguros.com.mx#EXT#@icavecommx0.onmicrosoft.com,Guest,,,Invitation,
Deandra Williams,williams.deandra@fcpbahamas.com,Member,TRUE,Freeport Container Port,,FCP Finance Department
Deborah Pinder,pinder.deborah@fhcbahamas.com,Member,TRUE,,,FHC Security Department
Delky Barrios,dbarrios@ppc.com.pa,Member,TRUE,Panama Ports Company,,Finanzas
Dellareese Adderley,Adderley.Dellareese@fcpbahamas.com,Member,TRUE,Freeport Container Port,,FCP Finance Department
Demetrio Rivera Alavez,rivera.demetrio@icave.com.mx,Member,TRUE,Hutchison Ports ICAVE,,Gerencia de Operaciones
Demond Burrows,Burrows.Demond@fcpbahamas.com,Member,TRUE,Freeport Container Port,,FCP Operations Department
Denis del Carmen Caliz Reyes,caliz.denis@tnghph.com.mx,Member,TRUE,Hutchison Ports TNG,,Production & Maintenance
Denizli Alvarado Dávila,alvarado.denizli@icave.com.mx,Member,TRUE,Hutchison Ports ICAVE,,Gerencia de Comercialización ICAVE
Denny Zuleth Portillo Angeles,portillo.denny@lctpc.com.mx,Member,TRUE,Hutchison Ports LCT,,Subgerencia de Planeacion
Denuncia EIT,denuncia@icavecommx0.onmicrosoft.com,Member,,,,
Denuncias LCTPC,denuncias@lctpc.com.mx,Member,TRUE,Hutchison Ports LCT,,
Denzel Albury,albury.denzel@fcpbahamas.com,Member,TRUE,Freeport Container Port,,FCP Engineering Department
Deon Brown,Brown.Deon@FHCBAHAMAS.COM,Member,TRUE,Freeport Harbour Company,,FHC Marine Control Department
Departamento Circuito Cerrado,bautista.filiberto@timsamx.com,Member,TRUE,Hutchison Ports TIMSA,,Riesgos
Departamento de Relaciones Laborales,mota.raul@timsamx.com,Member,TRUE,Hutchison Ports TIMSA,,Recursos Humanos
deputyreefgc@serviestibasa.com,deputyreefgc_serviestibasa.com#EXT#@icavecommx0.onmicrosoft.com,Guest,,,Invitation,
Dereck Smith,Smith.Dereck@fcpbahamas.com,Member,TRUE,Freeport Container Port,,FCP Operations Department
Derrell Ferguson,ferguson.derrell@fcpbahamas.com,Member,TRUE,Freeport Container Port,,Information Technology Department
Desarrollador 1 TIMSA,desarrollador1.timsa@timsamx.com,Member,TRUE,Hutchison Ports TIMSA,,Subgerencia de Sistemas
Desarrollador 2 TIMSA,desarrollador2.timsa@timsamx.com,Member,TRUE,Hutchison Ports TIMSA,,Subgerencia de Sistemas
Desarrollo | Dexfreight,devs_dexfreight.io#EXT#@icavecommx0.onmicrosoft.com,Guest,,Dexfreight,Invitation,
Desarrollo de Aplicaciones EIT,servicenow.eitd@enseit.com,Member,TRUE,Hutchison Ports EIT,,Sistemas
Desirea Sands,Sands.Desirea@fhcbahamas.com,Member,TRUE,Freeport Harbour Company,,FHC Facilities Department
"Desmond Lai (Hutchison Ports, LAC)",Lai.DesmondSK_hutchisonports.com#EXT#@icavecommx0.onmicrosoft.com,Guest,,,Invitation,
Despachador de Autos,despachador.autos@tilh.com.mx,Member,TRUE,Hutchison Ports TILH,,Operacion Previos
Destiny Russell,russell.destiny@fhcbahamas.com,Member,TRUE,Freeport Harbour Company,,FHC Finance Department
Dexter Sargent,Sargent.Dexter@fcpbahamas.com,Member,TRUE,Freeport Container Port,,FCP Operations Department
Deysi Saavedra,dsaavedra@ppc.com.pa,Member,TRUE,Panama Ports Company,,Operaciones
Dhana Valeria Torres Gonzalez,torres.dhana@lctpc.com.mx,Member,TRUE,Hutchison Ports LCT,,Subgerencia de Planeacion
"Dian Gray, CM",Gray.Dian@fcpbahamas.com,Member,TRUE,Freeport Container Port,,FCP Commercial Department
Diana Belen de la Cruz Ramirez,cruz.diana@timsamx.com,Member,TRUE,Hutchison Ports TIMSA,,Sistemas
Diana Cadena Carrasco,cadena.diana@hutchisonports.com.mx,Member,TRUE,Hutchison Ports México,,Gerencia de Comercialización ICAVE
Diana Contreras Flores,contreras.diana@icave.com.mx,Member,TRUE,Hutchison Ports ICAVE,,Gerencia General
Diana Itzel Ruiz Romero,analista.hd@icave.com.mx,Member,TRUE,Asesoría Técnica - Ehecatl,,Gerencia de Administración
Diana Laura Hernandez Garcia,hernandez.diana@lctpc.com.mx,Member,TRUE,Hutchison Ports LCT,,Jefatura de Muelle
Diana Laura Jiménez Hernández,jimenez.diana@hutchisonports.com.mx,Member,TRUE,Hutchison Ports México,,Gerencia de Administración
Diana Laura Mora Garcia,mora.diana@hutchisonports.com.mx,Member,TRUE,Hutchison Ports México,,Gerencia de Administración
Diana Mejía Cadenas,diana.mejia_cybolt.com#EXT#@icavecommx0.onmicrosoft.com,Guest,,,Invitation,
Diana Mejia Rodriguez,mejia.diana@hutchisonports.com.mx,Member,TRUE,Hutchison Ports México,,Gerencia Comercial
Diana Montserrat Ramirez Duran,ramirez.diana@icave.com.mx,Member,TRUE,Hutchison Ports ICAVE,,"Gerencia Senior de Calidad, Seguridad y Proteccion Ambiental"
diana.guajardo,diana.guajardo_msc.com#EXT#@icavecommx0.onmicrosoft.com,Guest,,,Invitation,
"Dibujante CAD (PRO, Contractor)",dibujantecad@ppc.com.pa,Member,TRUE,Panama Ports Company,,Proyectos e Infraestructura
"Dick Lo (Hutchison Ports, FINANCE-EBIS)",lo.dickwk_hutchisonports.com#EXT#@icavecommx0.onmicrosoft.com,Guest,,,Invitation,
Didier Rolle,Rolle.Didier@fcpbahamas.com,Member,TRUE,Freeport Container Port,,FCP Facilities Department
Didimo Herrera,dherrera@ppc.com.pa,Member,TRUE,Panama Ports Company,,Ingeniería
Didimo Rudas,dirudas@ppc.com.pa,Member,TRUE,Panama Ports Company,,Direccion de Operaciones
Diego Alan Carbajal Gutierrez,carbajal.diego@timsamx.com,Member,TRUE,Hutchison Ports TIMSA,,Subgerencia de Sistemas
Diego Alberto Chimalhua Sanchez,chimalhua.diego@hutchisonports.com.mx,Member,TRUE,Hutchison Ports México,,Gerencia Senior de Recursos Humanos
Diego Armando Camacho Gonzalez,camacho.diego@lctpc.com.mx,Member,TRUE,Hutchison Ports LCT,,Subgerencia de Planeacion
Diego Armando Hernandez Yepez,hernandez.diego@tnghph.com.mx,Member,TRUE,Hutchison Ports TNG,,Production & Maintenance
Diego Armando Orozco Ramirez,orozco.diego@timsamx.com,Member,TRUE,Hutchison Ports TIMSA,,Subgerencia de Comercializacion
Diego Fabian Montero Garcia,montero.diego@tnghph.com.mx,Member,TRUE,Hutchison Ports TNG,,Production & Maintenance
Diego Hernandez Lopez,hernandezl.diego@icave.com.mx,Member,TRUE,Hutchison Ports ICAVE,,Vacios y Ferrocarril
Diego Ivan Ortiz Cruz,ortiz.diego@lctpc.com.mx,Member,TRUE,Hutchison Ports LCT,,Jefatura de Salud Ocupacional y Segurida
Diego Pérez Leal,perez.diego@icave.com.mx,Member,TRUE,Hutchison Ports México,,Dirección de Finanzas y Administración
Diego Saín Sixtos Barrera,gestor.pagos@lctpc.com.mx,Member,TRUE,Hutchison Ports LCT,,Contabilidad
diegocarbajal54,diegocarbajal54_gmail.com#EXT#@icavecommx0.onmicrosoft.com,Guest,,,Invitation,
Dillan Jarod Cardenal Orozco,cardenal.dillan@timsamx.com,Member,TRUE,Hutchison Ports TIMSA,,Ingreso y Control Aduanero
Dinora Argelia Benito Llano,benito.dinora@tnghph.com.mx,Member,TRUE,Hutchison Ports TNG,,Human Resources Submanagement
Diogenes Mariscal,dmariscal@ppc.com.pa,Member,TRUE,Panama Ports Company,,Operaciones
Diomar  Jaen,djaen@ppc.com.pa,Member,TRUE,Panama Ports Company,,Operaciones
Dion Ellis,ellis.dion@fcpbahamas.com,Member,TRUE,,,Bahamas Customs
Dionne Cooper-Jones,cooper-jones.dionne@fcpbahamas.com,Member,TRUE,Freeport Container Port,,FCP Operations Department
Dioscaro  Rivera,drivera@ppc.com.pa,Member,TRUE,Panama Ports Company,,Operaciones
Dioselina Ruiz Mancilla,ruiz.dioselina@timsamx.com,Member,TRUE,Hutchison Ports TIMSA,,Contabilidad
direccion,direccion_codiasa.com#EXT#@icavecommx0.onmicrosoft.com,Guest,,,Invitation,
direccion,direccion_albaman.com.mx#EXT#@icavecommx0.onmicrosoft.com,Guest,,,Invitation,
direccion,direccion_dase.com.mx#EXT#@icavecommx0.onmicrosoft.com,Guest,,,Invitation,
diseco_co,diseco_co_prodigy.net.mx#EXT#@icavecommx0.onmicrosoft.com,Guest,,,Invitation,
disecomzo,disecomzo_gmail.com#EXT#@icavecommx0.onmicrosoft.com,Guest,,,Invitation,
Display,Display@FCPBS.COM,Member,TRUE,,,
Django Joao Rodriguez,django.rodriguez_maersk.com#EXT#@icavecommx0.onmicrosoft.com,Guest,,,Invitation,
dlagunas,dlagunas_ipcom.com.mx#EXT#@icavecommx0.onmicrosoft.com,Guest,,,Invitation,
Dmarc Report HPMX,dmarcreport@icavecommx0.onmicrosoft.com,Member,,,,
Documentos REPSE,documentosrepse@icavecommx0.onmicrosoft.com,Member,,,,
Doménika Mercado Talavera,Mercado.Domenika@lctpc.com.mx,Member,TRUE,Hutchison Ports LCT,,Subgerencia de Planeacion
Dominique Munroe,Munroe.Dominique@fcpbahamas.com,Member,TRUE,Freeport Container Port,,FCP Commercial Department
Dominique Roache,roache.dominique@fcpbahamas.com,Member,TRUE,Freeport Container Port,,FCP Operations Department
Dominique Storr,storr.dominique@fcpbahamas.com,Member,TRUE,Freeport Container Port,,FCP Safety Department
Domitilio Perez,dperez@ppc.com.pa,Member,TRUE,Panama Ports Company,,Ingeniería
Donald Hanna,Hanna.Donald@FHCBAHAMAS.COM,Member,TRUE,Freeport Harbour Company,,FHC Cargo Department
donobhan3,donobhan3_gmail.com#EXT#@icavecommx0.onmicrosoft.com,Guest,,,Invitation,
Douglas Miller,Miller.Douglas@fhcbahamas.com,Member,TRUE,,,FHC Facilities Department
drodriguez,drodriguez_predesa.com.mx#EXT#@icavecommx0.onmicrosoft.com,Guest,,,Invitation,
drodriguezl,drodriguezl_outlook.com#EXT#@icavecommx0.onmicrosoft.com,Guest,,,Invitation,
dsean,dsean_spartanbahamas.com#EXT#@icavecommx0.onmicrosoft.com,Guest,,,Invitation,
dtate bahamasstriping.com,dtate_bahamasstriping.com#EXT#@icavecommx0.onmicrosoft.com,Guest,,,Invitation,
Dudley Bent,Bent.Dudley@fcpbahamas.com,Member,TRUE,Freeport Container Port,,FCP Engineering Department
dulce,dulce_sillymatter.com#EXT#@icavecommx0.onmicrosoft.com,Guest,,,Invitation,
Dulce Maria Santillan Reyes,santillan.dulce@hutchisonports.com.mx,Member,TRUE,Hutchison Ports México,,Gerencia Senior de Contratos de Líneas Navieras
"Duskov, Ana",ana.duskov_ect.nl#EXT#@icavecommx0.onmicrosoft.com,Guest,,,Invitation,
Dwayne Pratt,Pratt.Dwayne@fcpbahamas.com,Member,TRUE,Freeport Container Port,,FCP Operations Department
Dwight Ferguson,Ferguson.Dwight@FHCBAHAMAS.COM,Member,TRUE,Freeport Harbour Company,,FHC Security Department
Dwight Rollins,Rollins.Dwight@fcpbahamas.com,Member,TRUE,Freeport Container Port,,FCP Operations Department
Dwight Seymour,Seymour.Dwight@fcpbahamas.com,Member,TRUE,Freeport Container Port,,FCP Security Department
Dylan Calderon Bibiano,calderon.dylan@lctpc.com.mx,Member,TRUE,Hutchison Ports LCT,,Jefatura de Vacios
dzenteno,dzenteno_joaseguros.com#EXT#@icavecommx0.onmicrosoft.com,Guest,,,Invitation,
e3040g,e3040g_gmail.com#EXT#@icavecommx0.onmicrosoft.com,Guest,,,Invitation,
Earvin Rodriguez,erodriguez@ppc.com.pa,Member,TRUE,Panama Ports Company,,Tecnología de Información
EBIS Invoice,EBIS-INVOICE@fcpbahamas.com,Member,TRUE,,,
ecampos,ecampos_pacificanchor.mx#EXT#@icavecommx0.onmicrosoft.com,Guest,,,Invitation,
Ectsreceiver,ectsreceiver@lctpc.com.mx,Member,TRUE,Hutchison Ports LCT,,
ectsreceiver LCMT,ectsreceiver.mt@lcmt.mx,Member,TRUE,,,
ECV Marina Invitation,ecvmarina.invitation@icavecommx0.onmicrosoft.com,Member,,,,
Edderth Gonzalez,egonzalez@enseit.com,Member,TRUE,Hutchison Ports EIT,,Planeación
Eder Antonio Montero Leyva,montero.eder@hutchisonports.com.mx,Member,TRUE,Hutchison Ports ICAVE,,Gerencia de Operaciones
Eder Giovanni Ruiz Flores,ruiz.eder@icave.com.mx,Member,TRUE,Hutchison Ports ICAVE,,Gerencia de Administración
Eder Jair Garcia Brito,garcia.eder@timsamx.com,Member,TRUE,Hutchison Ports TIMSA,,Tim-Buque
Eder Jarib Martinez Dominguez,martinez.eder@lctpc.com.mx,Member,TRUE,Hutchison Ports LCT,,Subgerencia de Planeacion
Edgar Daniel Blanco Ruedas LCMT,blanco.edgarmt@lcmt.mx,Member,FALSE,Hutchison Ports LCMT,,
Edgar David Rosado Rodríguez,rosado.edgar@icave.com.mx,Member,TRUE,Asesoria Tecnica,,Control Tower
Edgar Diaz,ediaz@ppc.com.pa,Member,TRUE,Panama Ports Company,,Operaciones
Edgar Gustavo Ayala Caballero,ayala.edgar@icave.com.mx,Member,TRUE,Hutchison Ports ICAVE,,Gerencia de Administración
Edgar Gutierrez Suarez,egutierrezs@enseit.com,Member,TRUE,Hutchison Ports EIT,,SOSYPA EIT
Edgar Isaac Soto Velazquez,soto.edgar@lctpc.com.mx,Member,TRUE,Hutchison Ports LCT,,LCT-Previos
Edgar Jassiel Benavides Barradas,benavides.edgar@icave.com.mx,Member,TRUE,Hutchison Ports ICAVE,,Seguridad y Salud Ocupacional
Edgar Juarez Garcia,aprog2@icave.com.mx,Member,TRUE,Asesoria Técnica,,Jefatura de Desarrollo y Aplicaciones
Edgar Manuel Hernandez Hernandez,hernandez.edgar@icave.com.mx,Member,TRUE,Hutchison Ports ICAVE,,Vacios y Ferrocarril
Edgar Martinez,martinez.edgar_allied.com.mx#EXT#@icavecommx0.onmicrosoft.com,Guest,,,Invitation,
Edgar Omar Cruz Aguilar,ocruz@enseit.com,Member,TRUE,Hutchison Ports EIT,,Comercializacion
Edgar Ricardo Ávila Padrón,avila.edgar@lctpc.com.mx,Member,TRUE,Hutchison Ports LCT,,Jefatura de Sosypa
Edgar Ricardo Cruzado González,cruzado.edgar@icave.com.mx,Member,TRUE,Hutchison Ports ICAVE,,Gerencia de Operaciones
Edgar Rodriguez Testa,rodriguez.edgar@lctpc.com.mx,Member,TRUE,Hutchison Ports LCT,,Jefatura de Base de datos y Seguridad de la informacion
Edgar Ruben Casas Ruiz,casa.edgar@enseit.com,Member,TRUE,Hutchison Ports EIT,,Proyecto nGen
Edgar Saldana Perez,saldana.edgar@tnghph.com.mx,Member,TRUE,Hutchison Ports TNG,,Production & Maintenance
Edgar Saldana Perez,sup.maquinado@tnghph.com.mx,Member,TRUE,Hutchison Ports TNG,,Production & Maintenance
Edgar Sánchez García,sanchez.edgar@lctpc.com.mx,Member,TRUE,Hutchison Ports LCT,,Subgerencia de Planeacion
Edgardo Avalos Rosales,avalos.edgardo@timsamx.com,Member,TRUE,Hutchison Ports TIMSA,,Vacios
Edgardo Gomez,egomez@ppc.com.pa,Member,TRUE,Panama Ports Company,,Operaciones
EDI,edi@icave.com.mx,Member,TRUE,Hutchison Ports ICAVE,,Gerencia de Administración
EDI EIT,edi.eit@enseit.com,Member,TRUE,Hutchison Ports EIT,,Sistemas
EDI.LCTPC,edi.lctpc@lctpc.com.mx,Member,TRUE,Hutchison Ports LCT,,Jefatura de Sistemas Portuarios
Ediberto Cire,ecire@ppc.com.pa,Member,TRUE,Panama Ports Company,,Almacén
Edison Lightbourne,Lightbourne.Edison@fcpbahamas.com,Member,TRUE,Freeport Container Port,,FCP Finance Department
Edith Joanna Garcia Alvarez,garcia.edith@lctpc.com.mx,Member,TRUE,Hutchison Ports LCT,,Gerencia Comercial
Edith Morales Pérez,morales.edith@icave.com.mx,Member,TRUE,Hutchison Ports México,,Dirección Ejecutiva HP México
Edith Pamela Hernandez,edith.hernandez_csimexico.com#EXT#@icavecommx0.onmicrosoft.com,Guest,,,Invitation,
Ednita Graciana Isordia Curiel,isordia.ednita@timsamx.com,Member,TRUE,Hutchison Ports TIMSA,,CONTROL TOWER
Edrei Fernando Villegas Lamoyi,villegas.edrei@tnghph.com.mx,Member,TRUE,Hutchison Ports TNG,,Warehouse & Finance
Edson Oliver Contreras Aldana,contreras.oliver@tilh.com.mx,Member,TRUE,Hutchison Ports TILH,,Jefatura de Infraestructura
Eduardo Alejandro Guajardo Treviño,supervisor.seguridad@lctpc.com.mx,Member,TRUE,Hutchison Ports LCT,,Jefatura de Sosypa
Eduardo Axel Alvarez Rios,alvarez.eduardo@icave.com.mx,Member,TRUE,Hutchison Ports ICAVE,,Relaciones Laborales
Eduardo Beaumont,ebeaumont@ppc.com.pa,Member,TRUE,Panama Ports Company,,Operaciones
Eduardo Cruz Maldonado,consultor.emc04@icavecommx0.onmicrosoft.com,Member,TRUE,Asesoria Tecnica,,Subgerencia de TI
Eduardo Davis,edavis@ppc.com.pa,Member,TRUE,Panama Ports Company,,Operaciones
Eduardo de Jesus Juarez Gomez,juarez.eduardo@lctpc.com.mx,Member,TRUE,Hutchison Ports LCT,,Subgerencia de Planeacion
"Eduardo Escudero (CA,Contractor)",eescudero@ppc.com.pa,Member,TRUE,Panama Ports Company,,Asuntos Corporativos y Comunicaciones
Eduardo Garcia Perez,garcia.eduardo@lctpc.com.mx,Member,TRUE,Hutchison Ports LCT,,Jefatura de Vacios
Eduardo Gómez Hernández,gomez.eduardo@lctpc.com.mx,Member,TRUE,Hutchison Ports LCT,,Subgerencia de Operaciones MT
Eduardo Gómez Hernández LCMT,gomez.eduardomt@lcmt.mx,Member,TRUE,Hutchison Ports LCMT,,Subgerencia de Operaciones MT
Eduardo Lugo Padilla,lugo.eduardo@lctpc.com.mx,Member,TRUE,Hutchison Ports LCT,,Jefatura de Infraestructura y Proyectos
Eduardo Medina Lozano,medina.eduardo@lctpc.com.mx,Member,TRUE,Hutchison Ports LCT,,Jefatura de Riesgos
Eduardo Navarro,enavarro@ppc.com.pa,Member,TRUE,Panama Ports Company,,Tecnología de Información
Eduardo Ortiz Torres,ortiz.eduardo@timsamx.com,Member,TRUE,Hutchison Ports TIMSA,,PATIO
Eduardo Pineda Luis,pineda.eduardo@tnghph.com.mx,Member,TRUE,Hutchison Ports TNG,,Information Technology
Eduardo Ramos Cruz,ramos.eduardo@timsamx.com,Member,TRUE,Hutchison Ports TIMSA,,Subgerencia de Comercializacion
Eduardo Ruiz,eruiz@ppc.com.pa,Member,TRUE,Panama Ports Company,,Seguridad Industrial
Eduardo Solorio Lopez,aux.compraslct@lctpc.com.mx,Member,TRUE,Hutchison Ports LCT,,Subgerencia  de Compras y Servicios
Eduardo Urbina Abrego,urbina.eduardo@tnghph.com.mx,Member,TRUE,Hutchison Ports TNG,,Maintenance Submanagement
Edvardo Humes,Humes.Edvardo@fhcbahamas.com,Member,TRUE,Freeport Harbour Company,,FHC Marine Control Department
Edward Fabián Flores López,flores.edward@hutchisonports.com.mx,Member,TRUE,Hutchison Ports México,,Dirección de Finanzas y Administración
Edward Hanna,hanna.edward@fcpbahamas.com,Member,TRUE,,,Bahamas Customs
Edwin  Vargas,edvargas@ppc.com.pa,Member,TRUE,Panama Ports Company,,Operaciones
Edwin  Villarreal,evillarreal@ppc.com.pa,Member,TRUE,Panama Ports Company,,Tecnología de Información
"Edwin Donaldson (SEC, Contractor)",edonaldson@ppc.com.pa,Member,TRUE,Panama Ports Company,,Protección y Seguridad
Edwin Eliel Arreola Rendón,arreola.edwin@lctpc.com.mx,Member,TRUE,Hutchison Ports LCT,,Subgerencia de Servicios a la Carga
Edwin Espinoza,eespinoza@ppc.com.pa,Member,TRUE,Panama Ports Company,,Operaciones
Edwin Ferrin,eferrin@ppc.com.pa,Member,TRUE,Panama Ports Company,,Operaciones
Edwin Hipolito Gutierrez Miguel,gutierrez.edwin@hutchisonports.com.mx,Member,TRUE,Hutchison Ports ICAVE,,Contabilidad
Edwin Medina,emedina@ppc.com.pa,Member,TRUE,Panama Ports Company,,Operaciones
Edwin Morales,emorales@ppc.com.pa,Member,TRUE,Panama Ports Company,,Direccion de Operaciones
Edwin Santamaria,edwin.santamaria_capstechnology.co#EXT#@icavecommx0.onmicrosoft.com,Guest,,Capstechnology,Invitation,
EdwinJair Santamaria Beltran,soporteT.APS@tnghph.com.mx,Member,TRUE,Consultoría Técnica - TICSD,,Information Technology
eevans,eevans_besecuredsolutions.com#EXT#@icavecommx0.onmicrosoft.com,Guest,,,Invitation,
Efrain Espindola Campos,espindola.efrain@enseit.com,Member,TRUE,Hutchison Ports EIT,,Impuesto
Efren Alejandro Ramirez Cruz,ramirez.efren@tnghph.com.mx,Member,TRUE,Hutchison Ports TNG,,Production & Maintenance
Efren Junior Valdovinos Garcia,valdovinos.efren@lctpc.com.mx,Member,TRUE,Hutchison Ports LCT,,Subgerencia de Ingeniería y Desarrollo
egarcia,egarcia_parker-russell.com#EXT#@icavecommx0.onmicrosoft.com,Guest,,,Invitation,
egarciaparker,egarciaparker_gmail.com#EXT#@icavecommx0.onmicrosoft.com,Guest,,,Invitation,
egoujon,egoujon_predesa.com.mx#EXT#@icavecommx0.onmicrosoft.com,Guest,,,Invitation,
Eiber Galindo,EiberGalindo_chazeypartners.com#EXT#@icavecommx0.onmicrosoft.com,Guest,,,Invitation,
Eisenhower Cash,cash.eisenhower@fhcbahamas.com,Member,TRUE,Freeport Harbour Company,,FHC Marine Control Department
eisten_gonzalez,eisten_gonzalez_hotmail.com#EXT#@icavecommx0.onmicrosoft.com,Guest,,,Invitation,
Elaine Turnquest,turnquest.elaine@fcpbahamas.com,Member,TRUE,Freeport Container Port,,Bahamas Customs
elaineturnquest,elaineturnquest_bahamas.gov.bs#EXT#@icavecommx0.onmicrosoft.com,Guest,,,Invitation,
Eldridge Parker,Parker.Eldridge@fcpbahamas.com,Member,TRUE,Freeport Container Port,,FCP Finance Department
Eli Arosemena,earosemena@ppc.com.pa,Member,TRUE,Panama Ports Company,,Ingeniería
Eli de Jesus Moya Ruiz,moya.eli@lctpc.com.mx,Member,TRUE,Hutchison Ports LCT,,Jefatura de Muelle
Elías Arcia,earcia@ppc.com.pa,Member,TRUE,Panama Ports Company,,Operaciones
Elias Castillo,elcastillo@ppc.com.pa,Member,TRUE,Panama Ports Company,,Ingeniería
Elías Francisco Castro Camargo,elias.castro_capstechnology.co#EXT#@icavecommx0.onmicrosoft.com,Guest,,,Invitation,
Elias Gabriel Serrano Espejo,serrano.elias@icave.com.mx,Member,TRUE,Asesoría Técnica,,Gerencia de Operaciones
Elias Ramon Ramirez Jimenez,ramirez.elias@timsamx.com,Member,TRUE,Hutchison Ports TIMSA,,Comercializacion
Elisa Koo,ekoo@ppc.com.pa,Member,TRUE,Panama Ports Company,,Proyectos e Infraestructura
elisandy martinez,elisandy_martinez_colpal.com#EXT#@icavecommx0.onmicrosoft.com,Guest,,,Invitation,
Elizabeth Grosso González,grosso.elizabeth@hutchisonports.com.mx,Member,TRUE,Hutchison Ports México,,Dirección Ejecutiva HPH México
Elizabeth Herrera Hernandez,herrera.elizabeth@icave.com.mx,Member,TRUE,Hutchison Ports México,,"Subgerencia de Compras, Servicios y Digitalización"
Elizabeth Imad,Elizabeth.Imad_hwleurope.com#EXT#@icavecommx0.onmicrosoft.com,Guest,,Hutchison Whampoa (Europe) Limited,Invitation,
Elizabeth Laredo Rivera,laredo.elizabeth@icave.com.mx,Member,TRUE,Hutchison Ports México,,Dirección de Operaciones
Ellison Charles Rolle,Rolle.Charles@Fhcbahamas.com,Member,TRUE,Freeport Harbour Company,,FHC Executive Office
Elman Ortega Rodriguez,ortega.elman@lctpc.com.mx,Member,TRUE,Hutchison Ports LCT,,Subgerencia de Servicios a la Carga
Eloy Frias,efrias@ppc.com.pa,Member,TRUE,Panama Ports Company,,Tecnología de Información
Elsa Hernandez Torres,ehernandez@enseit.com,Member,TRUE,Hutchison Ports EIT,,Recursos Humanos
Elsy Tapia,eltapia@ppc.com.pa,Member,TRUE,Panama Ports Company,,Tecnología de Información
Elvanae Thompson,thompson.elvanae@fcpbahamas.com,Member,TRUE,Freeport Container Port,,FCP Finance Department
Elvia Lasso,elasso@ppc.com.pa,Member,TRUE,Panama Ports Company,,Proyectos e Infraestructura
Elvia Maria Ceballos Tepole,ceballos.elvia@icave.com.mx,Member,TRUE,Hutchison Ports ICAVE,,Control Aduanero
Elvis Mendoza,elmendoza@ppc.com.pa,Member,TRUE,Panama Ports Company,,Operaciones
Emanuel Figueroa Ibarra,figueroa.emanuel@lctpc.com.mx,Member,TRUE,Hutchison Ports LCT,,Previos
Emanuel Morgan,emorgan@ppc.com.pa,Member,TRUE,Panama Ports Company,,Operaciones
Emil Hanna (External),E-emil.hanna_tilgroup.com#EXT#@icavecommx0.onmicrosoft.com,Guest,,,Invitation,
Emili Jeraldine Tinoco Cordero,tinoco.emili@enseit.com,Member,TRUE,Hutchison Ports EIT,,Patio
Emili Mairany Ortega Vazquez,ortega.emili@timsamx.com,Member,TRUE,Hutchison Ports TIMSA,,Control Tower
Emilio Acosta,eacosta@ppc.com.pa,Member,TRUE,Panama Ports Company,,Recursos Humanos
Emilio Lovet,elovet@ppc.com.pa,Member,TRUE,Panama Ports Company,,Ingeniería
Emilio Oltra Martinez,eoltra@enseit.com,Member,TRUE,Hutchison Ports EIT,,Mantenimiento Mecanico
Emilio Villalvazo López,villalvazo.emilio@icave.com.mx,Member,TRUE,Hutchison Ports ICAVE,,Gerencia General
emilio.corro,emilio.corro_caaarem.mx#EXT#@icavecommx0.onmicrosoft.com,Guest,,,Invitation,
Emma Gissel Ramón Hernández,ramon.emma@icave.com.mx,Member,TRUE,Hutchison Ports México,,Coordinación de Adquisiciones Inventarios y Servicios
Emmanuel Aaron Gómez Figueroa,gomez.emmanuel@tnghph.com.mx,Member,TRUE,Hutchison Ports TNG,,Tool Room
Emmanuel Bautista Yescas,bautista.emmanuel@enseit.com,Member,TRUE,Hutchison Ports EIT,,Mantenimiento Electrico
Emmanuel Berastegui,eberastegui@ppc.com.pa,Member,TRUE,Panama Ports Company,,Operaciones
Emmyly Linnette Angeles Tovar,angeles.emmyly@hutchisonlogistics.com.mx,Member,TRUE,Hutchison Ports and Logistics México,,Hutchison Logistics HPLM
Enamae Russell,russell.enamae@fcpbahamas.com,Member,TRUE,Freeport Container Port,,FCP Finance Department
"Enoch Wong (Hutchison Ports, LAC)",wong.enochck_hutchisonports.com#EXT#@icavecommx0.onmicrosoft.com,Member,,Hutchison Ports,Invitation,
Enrique Avila,enavila@ppc.com.pa,Member,TRUE,Panama Ports Company,,Operaciones
Enrique Campillo Alvarez,campillo.enrique@icave.com.mx,Member,TRUE,Hutchison Ports ICAVE,,Gerencia de Operaciones
Enrique de Jesus Serrano Murga,serrano.enrique@tnghph.com.mx,Member,TRUE,Hutchison Ports TNG,,Sales & contracts
Enrique de la Rosa Arce,rosa.enrique@icave.com.mx,Member,TRUE,Hutchison Ports ICAVE,,Gerencia de Administración
Enrique Fernandez Cazares,fernandez.enrique@tnghph.com.mx,Member,TRUE,Hutchison Ports TNG,,Integrated Management System
Enrique López del Rivero,lopez.enrique@icave.com.mx,Member,TRUE,Hutchison Ports ICAVE,,Gerencia de Operaciones
Enrique Mayo Colin,mayo.enrique@lctpc.com.mx,Member,TRUE,Hutchison Ports LCT,,Jefatura de Fiscal
Enrique Reyes Mota,reyes.enrique@hutchisonports.com.mx,Member,TRUE,Hutchison Ports México,,Gerencia de Administración
enrique.mucino,enrique.mucino_msc.com#EXT#@icavecommx0.onmicrosoft.com,Guest,,,Invitation,
enriqueo,enriqueo_abogados-ola.com.mx#EXT#@icavecommx0.onmicrosoft.com,Guest,,,Invitation,
Enriqueta Martínez Martínez,Martinez.enriqueta@lctpc.com.mx,Member,TRUE,Hutchison Ports LCT,,Jefatura de Facturacion
Enriqueta Martínez Martínez LCMT,martinez.enriquetamt@lcmt.mx,Member,FALSE,Hutchison Ports LCMT,,
enterprise.mobilelc,enterprise.mobilelc@lctpc.com.mx,Member,TRUE,Hutchison Ports LCT,,
Entrenamiento,entrenamiento@icavecommx0.onmicrosoft.com,Member,,,,
eoliverc,eoliverc_gmail.com#EXT#@icavecommx0.onmicrosoft.com,Guest,,,Invitation,
Eri Daniel Lopez Ramirez,soporte.apps4@enseit.com,Member,TRUE,Asesoría Técnica – Ehecatl,,Sistemas
Eriban Diaz Martinez,diaz.eriban@icave.com.mx,Member,TRUE,Hutchison Ports ICAVE,,Muelle
Eric Baillou,Baillou.Eric@FHCBAHAMAS.COM,Member,TRUE,Freeport Harbour Company,,FHC Marine Control Department
"Eric Blake (SEC, Contractor)",eblake@ppc.com.pa,Member,TRUE,Panama Ports Company,,Protección y Seguridad
Eric Botello,ebotello@ppc.com.pa,Member,TRUE,Panama Ports Company,,Operaciones
Eric Fredi Fernandez Islas,efernandez@enseit.com,Member,TRUE,Hutchison Ports EIT,,Seguridad y Proteccion EIT
"Eric Leung (Hutchison Ports, FINANCE)",leung.erichy_hutchisonports.com#EXT#@icavecommx0.onmicrosoft.com,Guest,,,Invitation,
Eric Manuel Montalvo Cruz,montalvo.eric@icave.com.mx,Member,TRUE,Hutchison Ports ICAVE,,Aplicaciones Operativas
Eric Monteza,emonteza@ppc.com.pa,Member,TRUE,Panama Ports Company,,Operaciones
Eric Ramón Martínez López,martinez.eric@lctpc.com.mx,Member,TRUE,Hutchison Ports LCT,,Desarrollo de Operaciones
"Erica Macias (SEC, Contractor)",emacias@ppc.com.pa,Member,TRUE,Panama Ports Company,,Protección y Seguridad
Erick Balerio Sotero,balerio.erick@lctpc.com.mx,Member,TRUE,Hutchison Ports LCT,,Jefatura de Relaciones Laborales
Erick Bucio Rico,bucio.erick@lctpc.com.mx,Member,TRUE,Hutchison Ports LCT,,Jefatura de Sistemas Portuarios
Erick de Jesus Bautista Andrade,bautista.erick@icave.com.mx,Member,TRUE,Asesoría Técnica,,Gerencia de Operaciones
Erick Fabián Hernández Pimentel,ehernandez_competimex.com#EXT#@icavecommx0.onmicrosoft.com,Guest,,,Invitation,
Erick Giovanni Juarez Canseco,juarez.erick@icave.com.mx,Member,TRUE,Asesoría Técnica,,Control Tower
Erick Hernandez,ehernandez@ppc.com.pa,Member,TRUE,Panama Ports Company,,Operaciones
Erick Ibarra,eibarra@ppc.com.pa,Member,TRUE,Panama Ports Company,,Operaciones
Erick Javier Rodriguez Hernandez,rodriguez.erick@lctpc.com.mx,Member,TRUE,Hutchison Ports LCT,,Subgerencia de Planeacion
Erick Rafael Trujillo Altamirano,trujillo.erick@tnghph.com.mx,Member,TRUE,Hutchison Ports TNG,,Purchasing
Erick Roberts,roberts.erick@fcpbahamas.com,Member,TRUE,Freeport Container Port,,FCP Operations Department
Erick Robles Briones,robles.erick@icave.com.mx,Member,TRUE,Hutchison Ports ICAVE,,Gerencia de Administración
erick.larios,erick.larios_msc.com#EXT#@icavecommx0.onmicrosoft.com,Guest,,,Invitation,
Erik Alejandro Flores Molina,flores.erik@icave.com.mx,Member,TRUE,Hutchison Ports ICAVE,,ICA-Seguridad y Salud Ocupacional
Erik Hernan Carrillo Rodriguez,carrillo.erik@timsamx.com,Member,TRUE,Hutchison Ports TIMSA,,Recursos Humanos
Erik Rodolfo Lucatero Valencia,lucatero.erik@lctpc.com.mx,Member,TRUE,Hutchison Ports LCT,,Jefatura  de Administracion del Personal
Erika Alejandra Gutiérrez Aguilar,egutierrez@enseit.com,Member,TRUE,Hutchison Ports EIT,,Control Aduanero
Erika Cañedo Torres,ecanedo@enseit.com,Member,TRUE,Hutchison Ports EIT,,Control Administartivo EIT
Erika Cruz Martínez,cruz.erika@lctpc.com.mx,Member,TRUE,Hutchison Ports LCT,,Subgerencia de Informacion Financiera
Erika Jovana Calvo Garcia,calvo.erika@hutchisonports.com.mx,Member,TRUE,Hutchison Ports México,,Planning Services
Erika Rosario Gómez Ortega,gomez.erika@icave.com.mx,Member,TRUE,Hutchison Ports ICAVE,,Gerencia de Administración
Erika Velásquez Hernández,velasquez.erika@icave.com.mx,Member,TRUE,Hutchison Ports ICAVE,,Gerencia de Administración
Ernesto Alejandro Velasco Galindo,velasco.ernesto@timsamx.com,Member,TRUE,Hutchison Ports TIMSA,,Planeacion
Ernesto Colina | Dexfreight,ecolina_dexfreight.io#EXT#@icavecommx0.onmicrosoft.com,Guest,,Dexfreight,Invitation,
Ernesto Francisco Lopez Bustos,lopezb.ernesto@lctpc.com.mx,Member,TRUE,Hutchison Ports LCT,,Jefatura de Patio
Ernesto Jaramillo Márquez,jaramillo.ernesto@lctpc.com.mx,Member,TRUE,Hutchison Ports LCT,,Subgerencia de Ingenieria y Desarrollo
Ernesto Jaramillo Márquez LCMT,jaramillo.ernestomt@lcmt.mx,Member,FALSE,Hutchison Ports LCMT,,
Ernesto López Heredia,lopez.ernesto@icave.com.mx,Member,TRUE,Hutchison Ports ICAVE,,Gerencia de Administración
Ernesto Roberto Maldonado Peralta,maldonado.ernesto@icave.com.mx,Member,TRUE,Hutchison Ports ICAVE,,Gerencia de Operaciones
Ernesto Torregroza,etorregroza@ppc.com.pa,Member,TRUE,Panama Ports Company,,Operaciones
Erube Guzmán Candelario,guzman.erube@icave.com.mx,Member,TRUE,Hutchison Ports ICAVE,,Gerencia de Operaciones
Eryc Ruiz,erruiz@ppc.com.pa,Member,TRUE,Panama Ports Company,,Operaciones
esaufera,esaufera_hotmail.com#EXT#@icavecommx0.onmicrosoft.com,Guest,,,Invitation,
Esbeidy Veneroso Garcia,aux.ingydes@icave.com.mx,Member,TRUE,ELKON,,Gerencia General
"Escobar ortiz, Manuel",manuel.escobarortiz_lrqa.com#EXT#@icavecommx0.onmicrosoft.com,Guest,,,Invitation,
esierra,esierra_maxrey.com.mx#EXT#@icavecommx0.onmicrosoft.com,Guest,,,Invitation,
Esli Jair Pérez Jimenez,perez.esli@tilh.com.mx,Member,TRUE,Hutchison Ports TILH,,Jefatura de Patio y FFCC
Eslyomar Lopez Jacome,lopez.eslyomar@icave.com.mx,Member,TRUE,Hutchison Ports ICAVE,,Gerencia de Operaciones
"Esmeralda Jaen (SEC, Contractor)",ejaen@ppc.com.pa,Member,TRUE,Panama Ports Company,,Protección y Seguridad
Estefany Monserrath Morales Tovar,morales.estefany@lctpc.com.mx,Member,TRUE,Hutchison Ports LCT,,Jefatura de Patio
Estela Lopez Rosas,lopez.estela@lctpc.com.mx,Member,TRUE,Hutchison Ports LCT,,Subgerencia de Servicios a la Carga
Estephanie Ladron de Guevara Gamboa,ladron.estephanie@hutchisonports.com.mx,Member,TRUE,Hutchison Ports México,,Dirección de Finanzas y Administración
Estephanie Navarrete,navarrete.estephanie@enseit.com,Member,TRUE,Hutchison Ports ECV,,Operación
Estephanie Zephy,zephy.estephanie@fcpbahamas.com,Member,TRUE,Freeport Container Port,,FCP Finance Department
Esterlene Arthur,arthur.esterlene@fhcbahamas.com,Member,TRUE,Freeport Harbour Company,,FHC Security Department
Esthefanny Atencio,esatencio@ppc.com.pa,Member,TRUE,Panama Ports Company,,Operaciones
Esthefany Rangel,erangel@ppc.com.pa,Member,TRUE,Panama Ports Company,,Proteccion y Seguridad
Esther Ortiz Morales,ortiz.esther@hutchisonports.com.mx,Member,TRUE,Hutchison Ports México,,Dirección de Finanzas y Administración
Estrella Aylin Reyes Chagal,aux.infra@icave.com.mx,Member,TRUE,Asesoría Técnica - Ehecatl,,Gerencia de Administración
Ethlyn Knowles,Knowles.Ethlyn@fcpbahamas.com,Member,TRUE,Freeport Container Port,,FCP Finance Department
Eunice Naylea Miranda Tapia,miranda.naylea@lctpc.com.mx,Member,TRUE,Hutchison Ports LCT,,Servicio al Cliente
Euniecia L. Taylor,Taylor.Euniecia@FHCBAHAMAS.COM,Member,TRUE,Freeport Harbour Company,,FHC Cargo Department
evalenzuelab,evalenzuelab_gmail.com#EXT#@icavecommx0.onmicrosoft.com,Guest,,,Invitation,
Evangelina Castillo Cerón,castillo.evangelina@icave.com.mx,Member,TRUE,Hutchison Ports ICAVE,,Gerencia de Operaciones
evans.everett,evans.everett_besecuredsolutions.com#EXT#@icavecommx0.onmicrosoft.com,Guest,,,Invitation,
Evanybaldo Velasco Vallejo,velasco.evanybaldo@timsamx.com,Member,TRUE,Hutchison Ports TIMSA,,CONTROL TOWER
External Sharing,external.sharing@icavecommx0.onmicrosoft.com,Member,,,,
Eyra Vega,evega@ppc.com.pa,Member,TRUE,Panama Ports Company,,Operaciones
Ezequiel Penaloza Rivera,penaloza.ezequiel@lctpc.com.mx,Member,TRUE,Hutchison Ports LCT,,Subgerencia de Planeacion
Ezequiel Rodriguez Sanchez,rodriguez.ezequiel@enseit.com,Member,TRUE,Hutchison Ports EIT,,Muelle
Fabian Burrows,Burrows.Fabian@fcpbahamas.com,Member,TRUE,Freeport Container Port,,FCP Operations Department
Fabian Geovanny Cervantes Garibay,cervantes.fabian@enseit.com,Member,TRUE,Hutchison Ports EIT,,Proyecto nGEN
Fabio David Arano Hernández,arano.fabio@tnghph.com.mx,Member,TRUE,Hutchison Ports TNG,,Production & Maintenance
Fabio Moreno,fmoreno@ppc.com.pa,Member,TRUE,Panama Ports Company,,Finanzas
Fabio Salazar,fsalazar@ppc.com.pa,Member,TRUE,Panama Ports Company,,Operaciones
Fabiola Hernández López,hernandez.fabiola@lctpc.com.mx,Member,TRUE,Hutchison Ports LCT,,Jefatura de Control Aduanero
Fabiola Hernández López LCMT,hernandez.fabiolamt@lcmt.mx,Member,FALSE,Hutchison Ports LCMT,,
FAC Helpdesk,helpfac1@fcpbahamas.com,Member,TRUE,,,
Facturación Container Care ICAVE,facturacioncci@icave.com.mx,Member,TRUE,Container Care ICAVE,,Gerencia de Container Care
Facturación Dirección Ejecutiva,facturas.direccion@icave.com.mx,Member,FALSE,Hutchison Ports México,,Dirección Ejecutiva HPH México
Facturación EIT,facturacion.eit@hutchisonports.com.mx,Member,,Hutchison Ports México,,
Facturacion LCT,facturacion.lct@hutchisonports.com.mx,Member,TRUE,Hutchison Ports LCT,,Subgerencia de Ingresos y Control Aduanero
Facturación LCTPC,facturacion.lctpc@hutchisonports.com.mx,Member,,Hutchison Ports México,,
Facturación TILH,facturaciontilh@tilh.com.mx,Member,TRUE,Hutchison Ports TILH,,Facturación y Control de Ingresos
facturación TILH,facturacion.tilh@hutchisonports.com.mx,Member,,,,
Facturación TIMSA,facturacion.timsa@hutchisonports.com.mx,Member,,Hutchison Ports México,,
Facturacion_Vic,Facturacion_Vic@icave.com.mx,Member,TRUE,Hutchison Ports ICAVE,,Gerencia de Administración
facturas nbis,facturas_nbis@ppc.com.pa,Member,TRUE,,,Finanzas
Facturas ppc,facturasppc@ppc.com.pa,Member,TRUE,,,Finanzas
Fanny Torres Hernández,torres.fanny@icave.com.mx,Member,TRUE,Hutchison Ports ICAVE,,Gerencia General
FARIAS LINARES LISSETE,zS20004482_estudiantes.uv.mx#EXT#@icavecommx0.onmicrosoft.com,Guest,,,Invitation,
Farid Saith Diaz Limon,ControlSF.CCI_conglobal.com#EXT#@icavecommx0.onmicrosoft.com,Guest,,,Invitation,
Fatima Morales Villagomez,analista.mantto@lctpc.com.mx,Member,TRUE,Hutchison Ports LCT,,Subgerencia de Mantenimiento
Fátima Perezbolde Valdés,perezbolde.fatima@hutchisonports.com.mx,Member,TRUE,Hutchison Ports México,,Dirección de Comercialización
Fausto Tzamn Camargo Martinez,camargo.fausto@tnghph.com.mx,Member,TRUE,Hutchison Ports TNG,,Production & Maintenance
Faye Johnson,Johnson.Faye@fcpbahamas.com,Member,TRUE,Freeport Container Port,,FCP Legal Department
Federico Manuel Estrada Robledo,estrada.federico@enseit.com,Member,TRUE,Hutchison Ports EIT,,Seguridad y Proteccion EIT
felicia.ann.cleare,felicia.ann.cleare_gmail.com#EXT#@icavecommx0.onmicrosoft.com,Guest,,,Invitation,
Felix Camarena,fcamarena@ppc.com.pa,Member,TRUE,Panama Ports Company,,Operaciones
Félix Celestino Flota Mendoza,flota.felix@icave.com.mx,Member,TRUE,Hutchison Ports ICAVE,,Gerencia de Administración
Felix Malerva Obrador,malerva.felix@hutchisonports.com.mx,Member,TRUE,Hutchison Ports México,,Transformación Digital Para Clientes
Felix Perez,fperez@ppc.com.pa,Member,TRUE,Panama Ports Company,,Recursos Humanos
Felix Perez Guillen,perez.felix@lctpc.com.mx,Member,TRUE,Hutchison Ports LCT,,Subgerencia de Planeacion
Félix René Ramírez González,ramirez.felix@icave.com.mx,Member,TRUE,Hutchison Ports ICAVE,,Gerencia de Operaciones
Fernanda Sanchez,fsanchez_agn-mexico.com.mx#EXT#@icavecommx0.onmicrosoft.com,Guest,,,Invitation,
Fernando Antonio González Fernández,digitalizador@icave.com.mx,Member,TRUE,Hutchison Ports ICAVE,,Gerencia de Administración
Fernando Brathwaite,fbrathwaite@ppc.com.pa,Member,TRUE,Panama Ports Company,,Operaciones
Fernando Cuevas Ramirez,cuevas.fernando@timsamx.com,Member,TRUE,Hutchison Ports TIMSA,,BUQUE
Fernando de Gracia,fdegracia@ppc.com.pa,Member,TRUE,Panama Ports Company,,Operaciones
Fernando Flores Solorio,flores.fernando@lctpc.com.mx,Member,TRUE,Hutchison Ports LCT,,Subgerencia de Mantenimiento
Fernando Garcia Gonzalez,garcia.fernando@tnghph.com.mx,Member,TRUE,Hutchison Ports TNG,,Integrated Management System
Fernando Gutierrez Colorado,operador.redes@icave.com.mx,Member,TRUE,Asesoría Técnica - Ehecatl,,Gerencia de Administración
Fernando León Canales,leon.fernando@lctpc.com.mx,Member,TRUE,Hutchison Ports LCT,,Subgerencia de Mantenimiento
Fernando Martinez Tirado,seguridad.tilh@tilh.com.mx,Member,TRUE,Hutchison Ports TILH,,Seguridad Fisica
Fernando Ramirez Tenorio,ramirez.fernando@timsamx.com,Member,TRUE,Hutchison Ports TIMSA,,Control Aduanero
Fernando Razo López,razo.fernando@lctpc.com.mx,Member,TRUE,Hutchison Ports LCT,,Jefatura de Sosypa
Fernando Razo López LCMT,razo.fernandomt@lcmt.mx,Member,FALSE,Hutchison Ports LCMT,,
Fernando Sanchez de la Cruz,sanchez.fernando@tilh.com.mx,Member,TRUE,Hutchison Ports TILH,,Control Aduanero
Fernando Soto,fsoto@ppc.com.pa,Member,TRUE,Panama Ports Company,,Proteccion y Seguridad
Ferron Hilton,Hilton.Ferron@fcpbahamas.com,Member,TRUE,Freeport Container Port,,FCP Engineering Department
FHCPilots@fhcbahamas.com,FHCPilots@fhcbahamas.com,Member,,,,
Fidel Pedroza Urbaez,pedroza.fidel@tnghph.com.mx,Member,TRUE,Hutchison Ports TNG,,Project
figueroa.juan,figueroa.juan_setecnorte.com#EXT#@icavecommx0.onmicrosoft.com,Guest,,,Invitation,
Finton Russell,Russell.Finton@fcpbahamas.com,Member,TRUE,Freeport Container Port,,FCP Operations Department
Fleet lightPOB,flight@ppc.com.pa,Member,TRUE,Panama Ports Company,,Recursos Humanos
fleet lightPOC,flightpoc@ppc.com.pa,Member,TRUE,Panama Ports Company,,Recursos Humanos
Flor Alejandra Herrera Martínez,herrera.alejandra@hutchisonports.com.mx,Member,TRUE,Hutchison Ports ICAVE,,"Subgerencia de Compras, Servicios y Digitalización"
Florentina Samudio Velasco,samudio.florentina@icave.com.mx,Member,TRUE,Hutchison Ports México,,Dirección Ejecutiva HPH México
Flujo Capex,flujo.capex@enseit.com,Member,TRUE,Hutchison Ports EIT,,Informacion Financiera
Fondo de Ahorro CNN,fa.cnn@icavecommx0.onmicrosoft.com,Member,,,,
Form Audit,Form_Audit@fcpbahamas.com,Member,TRUE,,,
Formacion Operativa,formacion.op@icave.com.mx,Member,TRUE,Hutchison Ports ICAVE,,Subgerencia de Recursos Humanos
Fortunato Torres Gómez,torres.fortunato@lctpc.com.mx,Member,TRUE,Hutchison Ports LCT,,Jefatura de Patio
Francisco Adán Tun Martinez,tun.francisco@icave.com.mx,Member,TRUE,Hutchison Ports ICAVE,,Gerencia Senior de Recursos Humanos
Francisco Alfonso Ortíz Sandoval,ortiz.francisco@enseit.com,Member,TRUE,Hutchison Ports EIT,,Planeación
Francisco Arias,farias@ppc.com.pa,Member,TRUE,Panama Ports Company,,Operaciones
Francisco Avila,favila@ppc.com.pa,Member,TRUE,Panama Ports Company,,Operaciones
Francisco Bello Flores,bello.francisco@lctpc.com.mx,Member,TRUE,Hutchison Ports LCT,,Jefatura de Muelle
Francisco Caballero,caballero.francisco@timsamx.com,Member,TRUE,Hutchison Ports TIMSA,,Seguridad Corporativa
Francisco Calzada,fcalzada_murillo.legal#EXT#@icavecommx0.onmicrosoft.com,Guest,,,Invitation,
Francisco Camacho Alvarez,auxiliar.infra07@lctpc.com.mx,Member,TRUE,Hutchison Ports LCT,,Jefatura de Soporte Tecnico
Francisco Camargo,fcamargo@ppc.com.pa,Member,TRUE,Panama Ports Company,,Operaciones
Francisco Contreras Zamudio,contreras.francisco@tilh.com.mx,Member,TRUE,Hutchison Ports TILH,,Jefatura de Planeación
Francisco Jaime Corral Corral,tecnico.soporte1@enseit.com,Member,TRUE,Hutchison Ports EIT,,Sistemas
Francisco Javier Adame Perez,adame.francisco@lctpc.com.mx,Member,TRUE,Hutchison Ports LCT,,Jefatura de Vacios
Francisco Javier Arreola Morales,arreola.francisco@icave.com.mx,Member,TRUE,Hutchison Ports ICAVE,,Gerencia de Operaciones
Francisco Javier Mendoza García,fmendoza@enseit.com,Member,TRUE,Hutchison Ports EIT,,Almacen
Francisco Javier Morales Acevedo,morales.francisco@lctpc.com.mx,Member,TRUE,Hutchison Ports LCT,,Subgerencia de Planeacion
Francisco Javier Nava López,nava.francisco@lctpc.com.mx,Member,TRUE,Hutchison Ports LCT,,Jefatura de Vacios
Francisco Javier Orozco Mendoza,orozco.francisco@hutchisonports.com.mx,Member,TRUE,Hutchison Ports México,,Dirección de Comercialización
Francisco Javier Rodriguez Peña,rodriguez.francisco@enseit.com,Member,TRUE,Hutchison Ports EIT,,Patio
Francisco Javier Santos Masson,santos.francisco@hutchisonports.com.mx,Member,TRUE,Hutchison Ports ICAVE,,Gerencia de Operaciones
Francisco Javier Virgilio Ortega,virgilio.francisco@lctpc.com.mx,Member,TRUE,Hutchison Ports LCT,,Jefatura de Muelle
Francisco Macario Rojas González,rojas.francisco@lctpc.com.mx,Member,TRUE,Hutchison Ports LCT,,Operación Marina
Francisco Manlio Reyes Muñoz,reyes.francisco@tnghph.com.mx,Member,TRUE,Hutchison Ports TNG,,Production & Maintenance
Francisco Moises Contreras Gómez,contrerasg.francisco@lctpc.com.mx,Member,TRUE,Hutchison Ports LCT,,Compras
Francisco Murillo,fmurillo_murillo.legal#EXT#@icavecommx0.onmicrosoft.com,Guest,,,Invitation,
Francisco Parra Flores,parra.francisco@icave.com.mx,Member,TRUE,Hutchison Ports ICAVE,,Gerencia de Operaciones
Francisco Ramon Contreras,ramon.francisco@tilh.com.mx,Member,TRUE,Hutchison Ports TILH,,Jefatura de Control y Equipo
Francisco Rivas Aquino,rivas.francisco@tnghph.com.mx,Member,TRUE,Hutchison Ports TNG,,Inspection and Testing Control
Francisco Sebastián Rodríguez Hernández,rodriguezh.francisco@icave.com.mx,Member,TRUE,Asesoría Técnica,,Control Tower
Franco Ning,fning@ppc.com.pa,Member,TRUE,Panama Ports Company,,Direccion de Operaciones
Franklin Gonzalez,fgonzalez_gforceint.com#EXT#@icavecommx0.onmicrosoft.com,Guest,,,Invitation,
Franklyn Moultrie,Moultrie.Franklyn@fcpbahamas.com,Member,TRUE,Freeport Container Port,,FCP Engineering Department
FRECON,frecon_freeportconstructionbahamas.com#EXT#@icavecommx0.onmicrosoft.com,Guest,,,Invitation,
Freda Forbes,forbes.freda@fhcbahamas.com,Member,TRUE,Freeport Harbour Company,,FHC Cruise | Marine Operations
Freddie Basden,Basden.Freddie@fcpbahamas.com,Member,TRUE,Freeport Container Port,,FCP Engineering Department
Fredrick Pierre-Lousis,Pierre-Lousis.Fredrick@fcpbahamas.com,Member,TRUE,Freeport Container Port,,FCP Operations Department
Fredrick Taylor,taylor.fredrick@fhcbahamas.com,Member,TRUE,Freeport Harbour Company,,FHC Security Department
Fredy Benitez Lucena,benitez.fredy@lctpc.com.mx,Member,TRUE,Hutchison Ports LCT,,Subgerencia de Mantenimiento
Fredy Cristhian Vergara Coronel,vergara.fredy@timsamx.com,Member,TRUE,Hutchison Ports TIMSA,,Ingresos y Control Aduanero
Fritz Maycock,Maycock.Fritz@fcpbahamas.com,Member,TRUE,Freeport Container Port,,FCP Security Department
fritzmaycock,fritzmaycock_gmail.com#EXT#@icavecommx0.onmicrosoft.com,Guest,,,Invitation,
fssturrup,fssturrup_bahamasstriping.com#EXT#@icavecommx0.onmicrosoft.com,Guest,,,Invitation,
Gabriel Antonio Vallejos Vallejos,vallejos.gabriel@tilh.com.mx,Member,TRUE,Hutchison Ports TILH,,Gerencia de Operaciones
Gabriel Diaz Mejia,diaz.gabriel@timsamx.com,Member,TRUE,Hutchison Ports TIMSA,,Base de Datos y Seguridad de la Información
Gabriel Flores,gflores@ppc.com.pa,Member,TRUE,Panama Ports Company,,Operaciones
Gabriel Guerrero Perez,guerrero.gabriel@tnghph.com.mx,Member,TRUE,Hutchison Ports TNG,,Maintenance
Gabriel Ojeda Lopez,ojeda.gabriel@tnghph.com.mx,Member,TRUE,Hutchison Ports TNG,,Maintenance
Gabriel Omar Gonzalez Quevedo,gonzalez.gabriel@enseit.com,Member,TRUE,Hutchison Ports EIT,,Mantenimiento Mecanico
Gabriel Pano Gutierrez,pano.gabriel@lctpc.com.mx,Member,TRUE,Hutchison Ports LCT,,Subgerencia de Mantenimiento
Gabriel Perez Cruz,perez.gabriel@tnghph.com.mx,Member,TRUE,Hutchison Ports TNG,,Inspection and Testing Control
Gabriel Rueda,grueda@ppc.com.pa,Member,TRUE,Panama Ports Company,,Operaciones
Gabriel Zárate Ayala,Zarate.Gabriel@lctpc.com.mx,Member,TRUE,Hutchison Ports LCT,,Sub Gerencia de Servicios a la Carga
Gabriela Cabrera Ordoñez,cabrera.gabriela@icave.com.mx,Member,TRUE,Hutchison Ports ICAVE,,Gerencia de Comercialización ICAVE
Gabriela Carrion de la Cruz,carrion.gabriela@timsamx.com,Member,TRUE,Hutchison Ports TIMSA,,Sistemas
Gabriela Gonzalez Bolado,gonzalez.gabriela@icave.com.mx,Member,TRUE,Hutchison Ports México,,Dirección de Operaciones
Gabriela Hernandez Cortez,hernandez.gabriela@timsamx.com,Member,TRUE,Hutchison Ports TIMSA,,Operaciones
Gabriela Lizeth Sanchez Santiago,sanchezs.gabriela@enseit.com,Member,TRUE,Hutchison Ports EIT,,Patio
Gabriela Muñoz Uscanga,munoz.gabriela@icave.com.mx,Member,TRUE,Hutchison Ports México,,Dirección de Finanzas y Administración
Gabriela Navas Galindo,navas.gabriela@hutchisonports.com.mx,Member,TRUE,Hutchison Ports LCT,,Gerencia de Comercialización LCT
Gabriela Ramírez Martínez,ramirez.gabriela@icave.com.mx,Member,TRUE,Hutchison Ports ICAVE,,Subgerencia de Ingresos y Administracion Aduanal
Gabriela Ruiz Ortega,ruiz.gabriela@timsamx.com,Member,TRUE,Hutchison Ports TIMSA,,Salud Ocupacional y Seguridad
Gadiel Esau Martinez Juarez,gemartinez@enseit.com,Member,TRUE,Hutchison Ports EIT,,Administración de Riesgos
Gala Genesis Garcia Moreno,garcia.gala@timsamx.com,Member,TRUE,Hutchison Ports TIMSA,,Comercialización
galan3028,galan3028_gmail.com#EXT#@icavecommx0.onmicrosoft.com,Guest,,,Invitation,
galopez,galopez_parker-russell.com#EXT#@icavecommx0.onmicrosoft.com,Guest,,,Invitation,
Gamaliel Roman Vega,roman.gamaliel@icave.com.mx,Member,TRUE,Hutchison Ports ICAVE,,ICA-Maniobras y Operaciones Portuarias
gaolhu,gaolhu_gmail.com#EXT#@icavecommx0.onmicrosoft.com,Guest,,,Invitation,
"Garcia, Edith (E.)",egarc150_ford.com#EXT#@icavecommx0.onmicrosoft.com,Guest,,,Invitation,
Gardenia Ferguson,ferguson.gardenia@fhcbahamas.com,Member,TRUE,Freeport Harbour Company,,FHC Security Department
Gariel Garces,ggarces@ppc.com.pa,Member,TRUE,Panama Ports Company,,Ingeniería
Garrod Woodside,Woodside.Garrod@fhcbahamas.com,Member,TRUE,Freeport Harbour Company,,FHC Cargo Department
Gary Farquharson,Farquharson.Gary@fcpbahamas.com,Member,TRUE,Freeport Container Port,,FCP Operations Department
Gary Garay (IT Contractor),ggaray@ppc.com.pa,Member,TRUE,Panama Ports Company,,Tecnología de Información
Gateway LCMT,gateway.mt@lcmt.mx,Member,TRUE,Hutchison Ports LCMT,,
Gavanique Rolle,rolle.gavanique@fcpbahamas.com,Member,TRUE,Freeport Container Port,,Human Resources Department
"Gavin Reeve (Hutchison Ports, OPERATIONS)",reeve.gavin_hutchisonports.com#EXT#@icavecommx0.onmicrosoft.com,Guest,,,Invitation,
gdiazhm,gdiazhm_outlook.com#EXT#@icavecommx0.onmicrosoft.com,Guest,,,Invitation,
Genaro López López,lopez.genaro@tilh.com.mx,Member,TRUE,Hutchison Ports TILH,,Jefatura de Control y Equipo
General TIMSA,general.timsa@timsamx.com,Member,TRUE,Hutchison Ports TIMSA,,Subgerencia de Sistemas
Georgina Gabriela Pereyra Cordova,pereyra.georgina@hutchisonports.com.mx,Member,TRUE,Hutchison Ports México,,Gerencia de Administración
Georgina King,King.Georgina@fcpbahamas.com,Member,TRUE,Freeport Container Port,,Information Technology Department
Geovani Blanco Montoya,blanco.geovani@lctpc.com.mx,Member,TRUE,Hutchison Ports LCT,,Subgerencia de Planeacion
gera_aleman18,gera_aleman18_hotmail.com#EXT#@icavecommx0.onmicrosoft.com,Guest,,,Invitation,
Geraldine Fernanda Diaz Gomez,diaz.geraldine@icave.com.mx,Member,TRUE,Hutchison Ports ICAVE,,Servicio al Cliente
Geraldine Payró Ríos,payro.geraldine@icave.com.mx,Member,TRUE,Hutchison Ports ICAVE,,Compras y Servicios
Gerardo Aleman Garcia,aleman.gerardo@lctpc.com.mx,Member,TRUE,Hutchison Ports LCT,,Subgerencia  de Ingenieria y Desarrollo
Gerardo Delgado Sergio,delgado.gerardo@timsamx.com,Member,TRUE,Hutchison Ports TIMSA,,Tim-Buque
Gerardo García Yáñez,ggarcia_competimex.com#EXT#@icavecommx0.onmicrosoft.com,Guest,,,Invitation,
Gerardo Lozano,lozano.gerardo_glarbitraje.com#EXT#@icavecommx0.onmicrosoft.com,Guest,,,Invitation,
Gerardo Lucatero Sánchez,lucatero.gerardo@lctpc.com.mx,Member,TRUE,Hutchison Ports LCT,,Jefatura de Proteccion Portuaria
Gerardo Martínez Anell,martinez.gerardo@icave.com.mx,Member,TRUE,Hutchison Ports ICAVE,,Gerencia de Administración
Gerardo Olivares Gallegos,olivares.gerardo@icave.com.mx,Member,TRUE,Hutchison Ports ICAVE,,Mantenimiento
Gerardo Ruiz Montoya,ruiz.gerardo@enseit.com,Member,TRUE,Hutchison Ports EIT,,Patio
gerencia,gerencia_dase.com.mx#EXT#@icavecommx0.onmicrosoft.com,Guest,,,Invitation,
gerencia,gerencia_comipasa.com.mx#EXT#@icavecommx0.onmicrosoft.com,Guest,,,Invitation,
German David Santos Ascencio,santos.german@lctpc.com.mx,Member,TRUE,Hutchison Ports LCT,,Jefatura de Proteccion Portuaria
Germán González Gaytán,gonzalezg.german@hutchisonports.com.mx,Member,TRUE,Hutchison Ports ICAVE,,Gerencia de Operaciones
German Rubit Reyes Hernández,reyes.german@icave.com.mx,Member,TRUE,Hutchison Ports ICAVE,,Gerencia de Operaciones
Germán V. González Pérez,gonzalez.german@icave.com.mx,Member,TRUE,Hutchison Ports México,,Dirección Ejecutiva HPH México
Gestion LCT,gestionlct@icavecommx0.onmicrosoft.com,Member,,,,
Gilberto Alvarez Garcia,galvarez@enseit.com,Member,TRUE,Hutchison Ports EIT,,Finanzas y Administracion
Gilberto Jesus Román Rojas,roman.gilberto@icave.com.mx,Member,TRUE,Hutchison Ports ICAVE,,Gerencia de Operaciones
Gilberto Monzón Gallegos,monzon.gilberto@enseit.com,Member,TRUE,Hutchison Ports ECV,,Tecnologías de la Información
Gilberto Pinzon,gpinzon@ppc.com.pa,Member,TRUE,Panama Ports Company,,Operaciones
Gilberto Rene Medina Sandoval,medina.gilberto@lctpc.com.mx,Member,TRUE,Hutchison Ports LCT,,Subgerencia de Planeacion
Gilda Martínez Arteaga,martinez.gilda@icave.com.mx,Member,TRUE,Hutchison Ports México,,Dirección Ejecutiva HPH México
Gina Fernandez de Torres,gfernandez@ppc.com.pa,Member,TRUE,Panama Ports Company,,Finanzas
Ginno Alexis Forno Fernández,soporte.ds01@lctpc.com.mx,Member,TRUE,Hutchison Ports LCT,,Jefatura de Sistemas Portuarios
Ginno Forno,forno.ginno_allied.com.mx#EXT#@icavecommx0.onmicrosoft.com,Guest,,Allied,Invitation,
Gino Almanza,galmanza@ppc.com.pa,Member,TRUE,Panama Ports Company,,Operaciones
Gino Parker,Parker.Gino@fhcbahamas.com,Member,TRUE,Freeport Harbour Company,,FHC Finance Department
Giosue Garces,gigarces@ppc.com.pa,Member,TRUE,Panama Ports Company,,Operaciones
Giovani Fuentes,gfuentes@ppc.com.pa,Member,TRUE,Panama Ports Company,,Finanzas
Giovanna Gaitor,gaitor.giovanna@fhcbahamas.com,Member,TRUE,Freeport Harbour Company,,FHC Security Department
Giovanna Malpica Villanueva,malpica.giovanna@icave.com.mx,Member,TRUE,Hutchison Ports ICAVE,,Salud Ocupacional y Seguridad
Giovanni Castellanos Vázquez,consultor.ecm03@icavecommx0.onmicrosoft.com,Member,TRUE,Asesoria Tecnica,,Subgerencia de TI
Giovanni Ramos Solorio,ramos.giovanni@lctpc.com.mx,Member,TRUE,Hutchison Ports LCT,,Jefatura de Calidad
Giovanni Ramos Solorio LCMT,asist.fact04@lcmt.mx,Member,FALSE,Hutchison Ports LCT,,Jefatura de Facturacion
Giovanny Antonio Martínez Velez,auxiliar.infra06@lctpc.com.mx,Member,TRUE,Hutchison Ports LCT,,Jefatura de Infraestructura y Proyectos
Giovanny Reyes,greyes@ppc.com.pa,Member,TRUE,Panama Ports Company,,Ingeniería
Gisel Gaitan,ggaitan@ppc.com.pa,Member,TRUE,Panama Ports Company,,Direccion Comercial
gisela,gisela_beiranaconsultores.com#EXT#@icavecommx0.onmicrosoft.com,Guest,,,Invitation,
Giselle Buendia,gbuendia@ppc.com.pa,Member,TRUE,Panama Ports Company,,Proyectos e Infraestructura
Glafira Romero Garcia,romero.glafira@icave.com.mx,Member,TRUE,Hutchison Ports México,,Dirección de Operaciones
Glamon Bartlett,Bartlett.Glamon@fcpbahamas.com,Member,TRUE,Freeport Container Port,,FCP Finance Department
Gloria Jetzamani Estrada Oseguera,estrada.gloria@timsamx.com,Member,TRUE,Hutchison Ports TIMSA,,Servicios
"Gloria Morales (CO, Contractor)",gmorales@ppc.com.pa,Member,TRUE,Panama Ports Company,,Direccion Comercial
godfrey,godfrey_waughconstruction.com#EXT#@icavecommx0.onmicrosoft.com,Guest,,,Invitation,
Godfrey Smith,smith.godfrey@fcpbahamas.com,Member,TRUE,Freeport Container Port,,FCP Executive Office
Godfrey Smith Jr.,SmithJr.Godfrey@FHCBAHAMAS.COM,Member,TRUE,Freeport Harbour Company,,FHC Marine Control Department
Gonzalo González Hernández,gonzalez.gonzalo@icave.com.mx,Member,TRUE,Hutchison Ports ICAVE,EmailVerified,Gerencia de Administración
Gonzalo Guevara Campos,sup.serviciosprod@tnghph.com.mx,Member,TRUE,Hutchison Ports TNG,,Production & Maintenance
Gonzalo Sanchez(CKHH - HWEL - Senior Officer),gonzalo.sanchez_hwleurope.com#EXT#@icavecommx0.onmicrosoft.com,Guest,,Hutchison Whampoa (Europe) Limited,Invitation,
Graciela Isabel Pule Ramirez,pule.graciela@enseit.com,Member,TRUE,Hutchison Ports ECV,,Contabilidad
Grecia Darinka Meza Perez,meza.grecia@lctpc.com.mx,Member,TRUE,Hutchison Ports LCT,,Jefatura de Proyectos e Innovacion
Grecia Paola Euan Landa,euan.grecia@tnghph.com.mx,Member,TRUE,Hutchison Ports TNG,,Human Resources
Grecia Sinahi Sabalza Madero,sabalza.grecia@lctpc.com.mx,Member,TRUE,Hutchison Ports LCT,,Jefatura de Salud Ocupacional y Segurida
Gregg Johnson,johnson.gregg@fcpbahamas.com,Member,TRUE,Freeport Container Port,,FCP Operations Department
Gregoria Rodríguez Carmona,rodriguez.gregoria@lctpc.com.mx,Member,TRUE,Hutchison Ports LCT,,Jefatura  de Administracion del Personal
Gregorio  Cachedon,gcachedon@ppc.com.pa,Member,TRUE,Panama Ports Company,,Operaciones
Gregory Prescod,Prescod.Gregory@fcpbahamas.com,Member,TRUE,Freeport Container Port,,FCP Operations Department
"Gretel Escapa (SEC, Contractor)",grescapa@ppc.com.pa,Member,TRUE,Panama Ports Company,,Protección Portuaria
Griselda Bernal,gbernal@ppc.com.pa,Member,TRUE,Panama Ports Company,,Finanzas
Griselda Natali Villa Perez,villa.griselda@timsamx.com,Member,TRUE,Hutchison Ports TIMSA,,PATIO
Griselda Rojas López,rojas.griselda@hutchisonports.com.mx,Member,TRUE,Hutchison Ports México,,Dirección Ejecutiva HPH México
Guadalupe Amaya Barrientos,amaya.guadalupe@hutchisonports.com.mx,Member,TRUE,Hutchison Ports ICAVE,,Planning Services
Guadalupe Celene Zamora Mendoza,zamora.guadalupe@lctpc.com.mx,Member,TRUE,Hutchison Ports LCT,,Subgerencia de Planeacion
Guadalupe Olguin Torales,infra.auxiliar@tilh.com.mx,Member,TRUE,Hutchison Ports TILH,,Infraestructura
Guadalupe Ramirez Canales,gramirez@enseit.com,Member,TRUE,Hutchison Ports EIT,,Almacen CFS
Guardia de Sistemas Portuarios,guardia.sisport@lctpc.com.mx,Member,TRUE,Hutchison Ports LCT,,Subgerencia de Sistemas
Guardias Seguridad EIT,guardias.eit@enseit.com,Member,TRUE,Hutchison Ports EIT,,Seguridad y Proteccion EIT
Guillermo Edgar Corichi Baez,corichi.guillermo@hutchisonports.com.mx,Member,TRUE,Hutchison Ports ICAVE,,Business Analyst
Guillermo Escobar Sanchez,escobar.guillermo@icave.com.mx,Member,TRUE,Hutchison Ports ICAVE,,Gerencia de Administración y Finanzas
Guillermo Jesús Gastelú García,gastelu.guillermo@icave.com.mx,Member,TRUE,Hutchison Ports ICAVE,,Gerencia de Administración
Guillermo Morales Salgado,morales.guillermo@lctpc.com.mx,Member,TRUE,Hutchison Ports LCT,,Jefatura de Infraestructura y Proyectos
Guillermo Reyes Copca,reyes.guillermo@icave.com.mx,Member,TRUE,Hutchison Ports México,,Dirección de Finanzas y Administración
Gurtha Julmist-Longley,Longley.Gurtha@fcpbahamas.com,Member,TRUE,Freeport Container Port,,FCP Operations Department
Gustavo Arango,garango@ppc.com.pa,Member,TRUE,Panama Ports Company,,Operaciones
Gustavo Cortes,gcortes@ppc.com.pa,Member,TRUE,Panama Ports Company,,Proteccion y seguridad
Gustavo Cuauhtémoc Lara Astilleros,lara.gustavo@icave.com.mx,Member,TRUE,Hutchison Ports ICAVE,,Gerencia de Administración
Gustavo Garin Garcia,garin.gustavo@lctpc.com.mx,Member,TRUE,Hutchison Ports LCT,,Subgerencia de Planeacion
Gustavo Martinez,gmartinez@ppc.com.pa,Member,TRUE,Panama Ports Company,,Almacén
Gustavo Reyes Vellejo,GReyesv@enseit.com,Member,TRUE,Hutchison Ports EIT,,Mantenimiento
Gustavo Tadeo Gonzalez Hernandez,gonzalez.gustavo@tnghph.com.mx,Member,TRUE,Hutchison Ports TNG,,Maintenance
Guy Ramon Wiseman,wiseman.guy@enseit.com,Member,TRUE,Hutchison Ports EIT,,EIT-Planeación de Mantenimiento
"Hamer, Neal",hamern_fdrc.co.uk#EXT#@icavecommx0.onmicrosoft.com,Guest,,,Invitation,
Hannia Torres Nicanor,torres.hannia@tnghph.com.mx,Member,TRUE,Hutchison Ports TNG,,Human Resources
Hanya Anaicela Fuentes Lozano,fuentes.hanya@lctpc.com.mx,Member,TRUE,Hutchison Ports LCT,,Gerencia Comercial
Harvey Fernander,Fernander.Harvey@fcpbahamas.com,Member,TRUE,Freeport Container Port,,Information Technology Department
Heber Faleg Gutierrez Vargas,gutierrez.heber@timsamx.com,Member,TRUE,Hutchison Ports TIMSA,,Mantenimiento
Hebert Sosa Vela,sosa.hebert@icave.com.mx,Member,TRUE,Hutchison Ports ICAVE,,Gerencia de Operaciones
Hector Adrian Pelayo Contreras,pelayo.hector@timsamx.com,Member,TRUE,Hutchison Ports TIMSA,,Almacén
Hector De la Cruz Romellon,delacruz.hector@icave.com.mx,Member,TRUE,Hutchison Ports ICAVE,,Facturación
Hector Eduardo Alfaro Villalva,alfaro.hector@timsamx.com,Member,TRUE,Hutchison Ports TIMSA,,Torre de Control
Hector Gustavo Valdez Rodríguez,valdez.hector@timsamx.com,Member,TRUE,Hutchison Ports TIMSA,,Operaciones
Hector Hugo Martinez Prado,martinez.hugo@timsamx.com,Member,TRUE,Hutchison Ports TIMSA,,Operaciones
Héctor Macario Cortez Benítez,auxiliar.compraslct2@lctpc.com.mx,Member,TRUE,Hutchison Ports LCT,,Subgerencia de Compras y Servicios
Héctor Miguel Badillo Ramírez,badillo.hector@lctpc.com.mx,Member,TRUE,Hutchison Ports LCT,,Subgerencia de Mantenimiento
Hector Miguel Vela Vasquez,vela.hector@icave.com.mx,Member,TRUE,Hutchison Ports ICAVE,,Almacen de Partes
Hector Raul Acosta Ponce,acosta.hector@timsamx.com,Member,TRUE,Hutchison Ports TIMSA,,Subgerencia de Planeación Financiera
Hector Raul Montano Bautista,montano.hector@lctpc.com.mx,Member,TRUE,Hutchison Ports LCT,,Jefatura de Vacios
hector.garcia,hector.garcia_grupoindi.com#EXT#@icavecommx0.onmicrosoft.com,Guest,,,Invitation,
hectorsaury,hectorsaury_yahoo.com#EXT#@icavecommx0.onmicrosoft.com,Guest,,,Invitation,
Help Desk,helpdesk@tnghph.com.mx,Member,TRUE,Hutchison Ports TNG,,Information Technology
Help Desk TI,helpdesk.ti@timsamx.com,Member,TRUE,Hutchison Ports TIMSA,,Subgerencia de Sistemas
Help Desk1,helpdesk1@fcpbahamas.com,Member,TRUE,,,
Henry  Martinez,hemartinez@ppc.com.pa,Member,TRUE,Panama Ports Company,,Operaciones
Henry Butterfield,Butterfield.Henry@fcpbahamas.com,Member,TRUE,Freeport Container Port,,FCP Facilities Department
Heriberto Hernández López,infra.ot@icave.com.mx,Member,TRUE,Asesoría Técnica,,Gerencia de Administración
hernan.pistocchi,hernan.pistocchi_ttms.com.ar#EXT#@icavecommx0.onmicrosoft.com,Guest,,,Invitation,
Hervey Smith,Smith.Hervey@fcpbahamas.com,Member,TRUE,Freeport Container Port,,FCP Facilities Department
Heydi Jimena Perez Martinez,asistente.pagos@enseit.com,Member,TRUE,Hutchison Ports EIT,,Control Administrativos EIT
hgregorio@panarail.com,hgregorio_panarail.com#EXT#@icavecommx0.onmicrosoft.com,Guest,,,Invitation,
High Voltage Cristobal,highvolctbl@ppc.com.pa,Member,TRUE,Panama Ports Company,,Ingeniería
High Voltage Technician,highvoltech@ppc.com.pa,Member,TRUE,Panama Ports Company,,Ingeniería
Hilda Lilia Garibay Ortiz,garibay.hilda@lctpc.com.mx,Member,TRUE,Hutchison Ports LCT,,Subgerencia de Planeacion
Hilda Mireya Calva Chavarria,aux.sop@tilh.com.mx,Member,TRUE,Hutchison Ports TILH,,Jefatura de Infraestructura
Hilda Nayeli Rangel Martinez,rangel.hilda@icave.com.mx,Member,TRUE,Hutchison Ports México,,Gerencia Senior de Recursos Humanos
Hilton Rolle,rolle.hilton@fcpbahamas.com,Member,TRUE,Freeport Container Port,,Bahamas Customs
Hipólito Bedolla Valente,bedolla.hipolito@lctpc.com.mx,Member,TRUE,Hutchison Ports LCT,,Previos
Hipolito Martinez,hmartinez@ppc.com.pa,Member,TRUE,Panama Ports Company,,Recursos Humanos
Hiram Agustin Mendizabal Benitez,mendizabal.hiram@tnghph.com.mx,Member,TRUE,Hutchison Ports TNG,,Inspection and Testing Control
Hiram Barrera Soto,barrera.hiram@icave.com.mx,Member,TRUE,Hutchison Ports ICAVE,,Control Tower
Hiram Johnson,johnson.hiram@fhcbahamas.com,Member,TRUE,Freeport Harbour Company,,FHC Security Department
Holly.Ferguson,Holly.Ferguson_cgcoralisle.com#EXT#@icavecommx0.onmicrosoft.com,Guest,,,Invitation,
Honas Garcia Garcia,garcia.honas@timsamx.com,Member,TRUE,Hutchison Ports TIMSA,,Almacen y Previos
Horacio Morales,hmorales@ppc.com.pa,Member,TRUE,Panama Ports Company,,Operaciones
HR SUPPORT,HR-SUPPORT@fcpbahamas.com,Member,TRUE,,,
Huber Tovar Cruz,tovar.huber@lctpc.com.mx,Member,TRUE,Hutchison Ports LCT,,Jefatura de Vacios
Hugo Andres Campos Trujillo,campos.hugo@timsamx.com,Member,TRUE,Hutchison Ports TIMSA,,Contabilidad
Hugo Camacho Gutierrez,HCamacho@enseit.com,Member,TRUE,Hutchison Ports EIT,,Mantenimiento
Hugo Eder Gutierrez Gutierrez,asesor.contabilidad@lctpc.com.mx,Member,TRUE,Hutchison Ports LCT,,Subgerencia de Contabilidad General
Hugo Eduardo Reyes Lopez,reyes.hugo@tnghph.com.mx,Member,TRUE,Hutchison Ports TNG,,Project
Human Resources,humanresources@fcpbahamas.com,Member,TRUE,,,
humanresources@fhcbahamas.com,humanresources@fhcbahamas.com,Member,,,,
Humberto Perez Solorio,perez.humberto@lctpc.com.mx,Member,TRUE,Hutchison Ports LCT,,Subgerencia de Planeacion
Humberto Rosas Morales,rosas.humberto@hutchisonports.com.mx,Member,TRUE,Hutchison Ports México,,Dirección de Finanzas y Administración
Humberto Simon Mercado,simon.humberto@lctpc.com.mx,Member,TRUE,Hutchison Ports LCT,,Jefatura de Proteccion Portuaria
Humberto Valerio Dominguez,valerio.humberto@tnghph.com.mx,Member,TRUE,Hutchison Ports TNG,,Purchasing
Hutchison Ports - México,crm.informacion@icavecommx0.onmicrosoft.com,Member,,,,
Hutchison Ports Fileshare,hp.fileshare@icave.com.mx,Member,,,,Jefatura de Infraestructura
Hutchison Ports RH México,grouphr@hutchisonports.com.mx,Member,,,,
Ian Neely,neely.ian@fcpbahamas.com,Member,TRUE,Freeport Container Port,,FCP Engineering Department
Ibeth Guzman Lopez,guzman.ibeth@lctpc.com.mx,Member,TRUE,Hutchison Ports LCT,,Subgerencia de contabilidad y fiscal
ibot ,ibot@ppc.com.pa,Member,TRUE,Panama Ports Company,,Soluciones de Negocio
ICAM ADMIN,icamadmin@FCPBS.COM,Member,TRUE,,,
ICAVE RPA1,icave.rpa1@icave.com.mx,Member,TRUE,Hutchison Ports ICAVE,,Gerencia de Administración
ICAVE RPA3,icave.rpa3@icave.com.mx,Member,TRUE,Hutchison Ports ICAVE,,Gerencia de Administración
ICAVE RPA4,icave.rpa4@icave.com.mx,Member,TRUE,Hutchison Ports ICAVE,,Gerencia de Administración
"Idaysveth Almanza (SC, Contractor)",ialmanza@ppc.com.pa,Member,TRUE,Panama Ports Company,,Compras
Ignacio Ismael Loya Yepez,loya.ignacio@icave.com.mx,Member,TRUE,Hutchison Ports ICAVE,,Gerencia de Operaciones
Ignacio Ortiz Zavaleta,ortiz.ignacio@icave.com.mx,Member,TRUE,Hutchison Ports ICAVE,,"Mejora, Desarrollo e Innovacion"
IIS PROD TIMSA,iis.prod@icavecommx0.onmicrosoft.com,Member,TRUE,Hutchison Ports TIMSA,,Subgerencia de Sistemas
IIS TIMSA,iis.timsa@icavecommx0.onmicrosoft.com,Member,TRUE,Hutchison Ports TIMSA,,Subgerencia de Sistemas
ikerocana,ikerocana_abogados-ola.com.mx#EXT#@icavecommx0.onmicrosoft.com,Guest,,,Invitation,
Ilder Kirian Valerio Cano,sup.andamios@tnghph.com.mx,Member,TRUE,Hutchison Ports TNG,,Production & Maintenance
Ileana Tostado Salmon,itostado@enseit.com,Member,TRUE,Hutchison Ports EIT,,Finanzas y Productividad
ilene,ilene_spartanbahamas.com#EXT#@icavecommx0.onmicrosoft.com,Guest,,,Invitation,
ilewis.las,ilewis.las_gmail.com#EXT#@icavecommx0.onmicrosoft.com,Guest,,,Invitation,
Iliana Lizzete Silva Gonzalez,ISilva@enseit.com,Member,TRUE,Hutchison Ports EIT,,Recursos Humanos
Ilse Vicenta Hernandez Hernandez,hernandez.ilse@enseit.com,Member,TRUE,Hutchison Ports EIT,,Sistemas
Ilver Jose Guerra Osorio,guerra.ilver@enseit.com,Member,TRUE,Hutchison Ports EIT,,Planeación
Imani Lindo,ilindo@ppc.com.pa,Member,TRUE,Panama Ports Company,,Cadena de Abastecimiento
"Imogen Cook (CKHH - HWEL - Assistant Manager, GMS)",Imogen.Cook_hwleurope.com#EXT#@icavecommx0.onmicrosoft.com,Guest,,Hutchison Whampoa (Europe) Limited,Invitation,
importacion,importacion_lpver.com#EXT#@icavecommx0.onmicrosoft.com,Guest,,,Invitation,
importacion.lpver,importacion.lpver_outlook.com#EXT#@icavecommx0.onmicrosoft.com,Guest,,,Invitation,
Inci Montserrat Perez Farias,perez.inci@lctpc.com.mx,Member,TRUE,Hutchison Ports LCT,,Jefatura de Fiscal
inconsup2018,inconsup2018_gmail.com#EXT#@icavecommx0.onmicrosoft.com,Guest,,,Invitation,
Informe Meteorologico,r.mt@tnghph.com.mx,Member,TRUE,Hutchison Ports TNG,,"Environment, Health & Safety Submanagement"
ing.chena,ing.chena_live.com#EXT#@icavecommx0.onmicrosoft.com,Guest,,,Invitation,
Inga Wood,Wood.Inga@fcpbahamas.com,Member,TRUE,Freeport Container Port,,FCP Finance Department
Ingrid Yamille Valenzuela Naranjo,valenzuela.ingrid@icave.com.mx,Member,TRUE,Hutchison Ports ICAVE,,Crédito y Cobranza
inmex.operacionesgdl04,inmex.operacionesgdl04_gmail.com#EXT#@icavecommx0.onmicrosoft.com,Guest,,,Invitation,
inspeccionnavalveracruz,inspeccionnavalveracruz_gmail.com#EXT#@icavecommx0.onmicrosoft.com,Guest,,,Invitation,
Instituto Hutchison Ports,instituto@hutchisonports.com.mx,Member,TRUE,Hutchison Ports TNG,,Customer Service and Customer Satisfacti
Interchange Gate,InterchangeGate@fhcbahamas.com,Member,,,,
Intermodal Logistica,intermodal.logistica@icave.com.mx,Member,TRUE,Hutchison Ports ICAVE,,Gerencia de Operaciones
Internal Sharing,internal.sharing@icavecommx0.onmicrosoft.com,Member,,,,
Internet Test,Inttest@fcpbahamas.com,Member,TRUE,,,
"Iriana Gonzalez (SEC, Contractor)",irgonzalez@ppc.com.pa,Member,TRUE,Panama Ports Company,,Protección Portuaria
Irina Menendez,imenendez@ppc.com.pa,Member,TRUE,Panama Ports Company,,Direccion Comercial
Irma Itzel Tobon Elvira,tobon.irma@tnghph.com.mx,Member,TRUE,Hutchison Ports TNG,,Foreign Trade
irodriguez,irodriguez_agn-mexico.com.mx#EXT#@icavecommx0.onmicrosoft.com,Guest,,,Invitation,
Irving  Munoz,imunoz@ppc.com.pa,Member,TRUE,Panama Ports Company,,Proteccion y Seguridad
Irving Alejandro Collins Ortega,collins.irving@enseit.com,Member,TRUE,Hutchison Ports EIT,,Seguridad y Proteccion EIT
Irving Argenis Cobix Cortez,cobix.irving@hutchisonports.com.mx,Member,TRUE,Hutchison Ports ICAVE,,Planning Center
Irving Morales,imorales@ppc.com.pa,Member,TRUE,Panama Ports Company,EmailVerified,Operaciones
Irving Velica Adame,tecnico.soporte5@enseit.com,Member,TRUE,Hutchison Ports EIT,,Sistemas
Isaac Medina Victoria,medina.isaac@lctpc.com.mx,Member,TRUE,Hutchison Ports LCT,,Subgerencia de Planeacion
Isaac Rodriguez,irodriguez@ppc.com.pa,Member,TRUE,Panama Ports Company,,Tecnología de Información
Isaac Salvador Diaz Garcia,soporte.apps2@enseit.com,Member,TRUE,Asesoría Técnica – Ehecatl,,Sistemas
"Isabel Borras (CKHH - HWEL - Assistant Manager, GMS)",Isabel.Borras_hwleurope.com#EXT#@icavecommx0.onmicrosoft.com,Guest,,Hutchison Whampoa (Europe) Limited,Invitation,
Isadora Carolina Del Río Pérez,delrio.isadora@icave.com.mx,Member,TRUE,Hutchison Ports México,,Dirección de Operaciones
Isaías González Maldonado,gonzalez.isaias@lctpc.com.mx,Member,TRUE,Hutchison Ports LCT,,Subgerencia de Mantenimiento
Isamar Rodriguez,isrodriguez@ppc.com.pa,Member,TRUE,Panama Ports Company,,Tecnología de Información
Isandro Melo,imelo@ppc.com.pa,Member,TRUE,Panama Ports Company,,Operaciones
Isaura Barajas Silva,barajas.isaura@lctpc.com.mx,Member,TRUE,Hutchison Ports LCT,,Jefatura de Muelle
Isidoro Adame Guillen,adame.isidoro@lctpc.com.mx,Member,TRUE,Hutchison Ports LCT,,Jefatura de Vacios
Isidro Fierro Jiménez,fierro.isidro@lctpc.com.mx,Member,TRUE,Hutchison Ports LCT,,Subgerencia de Planeacion
Isidro Mayo Reza,mayo.isidro@lctpc.com.mx,Member,TRUE,Hutchison Ports LCT,,Subgerencia  de Compras y Servicios
Ismael Enrique Barragan Reyes,barragan.ismael@tnghph.com.mx,Member,TRUE,Hutchison Ports TNG,,Production & Maintenance
Ismael Marin,imarin@ppc.com.pa,Member,TRUE,Panama Ports Company,,Operaciones
Ismael Sides Lerios,sides.ismael@icave.com.mx,Member,TRUE,Hutchison Ports ICAVE,,Muelle
Israel Cancino Vargas,cancino.israel@icave.com.mx,Member,TRUE,Hutchison Ports ICAVE,,Aplicaciones Operativas
Israel De Santiago Olguin,desantiago.israel@timsamx.com,Member,TRUE,Hutchison Ports TIMSA,,Recursos Humanos
Israel Lara Suarez,lara.israel@tnghph.com.mx,Member,TRUE,Hutchison Ports TNG,,Infrastructure
Israel Mendoza Ramirez,mendoza.israel@lctpc.com.mx,Member,TRUE,Hutchison Ports LCT,,Jefatura de Sistemas Portuarios
Israel Rosas Ramirez,rosas.israel@icave.com.mx,Member,TRUE,Hutchison Ports ICAVE,,Calidad y Mejora Continua
IT Core Network,it-corenetwork@ppc.com.pa,Member,TRUE,,,Soluciones de Negocio
IT Development,it-development@ppc.com.pa,Member,TRUE,,,
ithelpdesk@fhcbahamas.com,ithelpdesk@fhcbahamas.com,Member,,,,
Itzayana Anahi Aguilar Reyes,aguilar.itzayana@tilh.com.mx,Member,TRUE,Hutchison Ports TILH,,"Salud Ocupacional, Seguridad y Protección Ambiental"
itzeel.7,itzeel.7_hotmail.com#EXT#@icavecommx0.onmicrosoft.com,Guest,,,Invitation,
Itzel Alejandra Gutierrez Rodriguez,gutierrez.itzel@tnghph.com.mx,Member,TRUE,Hutchison Ports TNG,,Human Resources
Itzel Deceano Portugal,deceano.itzel@tnghph.com.mx,Member,TRUE,Hutchison Ports TNG,,Human Resources Submanagement
Itzel Guadalupe Guzman Lopez,guzmanl.itzel@lctpc.com.mx,Member,TRUE,Hutchison Ports LCT,,Jefatura de Fiscal
Itzel Guadalupe Ortiz Andres LCMT,ortiz.itzelmt@lcmt.mx,Member,TRUE,Hutchison Ports LCMT,,Subgerencia de Operaciones MT
Itzel López García,lopez.itzel@lctpc.com.mx,Member,TRUE,Hutchison Ports LCT,,Gerencia Comercial
itzelgarcia_16,itzelgarcia_16_hotmail.com#EXT#@icavecommx0.onmicrosoft.com,Guest,,,Invitation,
Itzia Ortiz,iortiz@ppc.com.pa,Member,TRUE,Panama Ports Company,,Recursos Humanos
Ivan Adalid Soto Pineda,soto.ivan@lctpc.com.mx,Member,TRUE,Hutchison Ports LCT,,Jefatura de Infraestructura y Proyectos
Ivan Becerril Garcia,ibecerril@enseit.com,Member,TRUE,Hutchison Ports EIT,,Mantenimiento
Ivan Gonzalez,igonzalez@ppc.com.pa,Member,TRUE,Panama Ports Company,,Operaciones
"Ivan Lee (Hutchison Ports, OPERATIONS)",lee.ivansk_hutchisonports.com#EXT#@icavecommx0.onmicrosoft.com,Guest,,,Invitation,
Ivan Morales Mendoza,morales.ivan@tnghph.com.mx,Member,TRUE,Hutchison Ports TNG,,Production & Maintenance
"Ivanis Ariano (SEC, Contractor)",iariano@ppc.com.pa,Member,TRUE,Panama Ports Company,,Protección y Seguridad
Ivo Eduardo Herrera Ortiz,herrera.Ivo@tnghph.com.mx,Member,TRUE,Hutchison Ports TNG,,Production & Maintenance
Ivon Sarai Garcia Hernandez,garcia.ivon@timsamx.com,Member,TRUE,Hutchison Ports TIMSA,,Torre de control
Ivonne Del Carmen Romero,ivromero@ppc.com.pa,Member,TRUE,Panama Ports Company,,Protección y Seguridad
Ivonne Gissele Perales Santiago,perales.ivonne@enseit.com,Member,TRUE,Hutchison Ports EIT,,Recursos Humanos
Ivonne Poisot Bermejo,poisot.ivonne@tnghph.com.mx,Member,TRUE,Hutchison Ports TNG,,Engineering and Operational Development
Ivonne Salinas Adame,salinas.ivonne@lctpc.com.mx,Member,TRUE,Hutchison Ports LCT,,Jefatura de Sosypa
Ivonne Salinas Adame LCMT,salinas.ivonnemt@lcmt.mx,Member,FALSE,Hutchison Ports LCMT,,
J'Kina Jolly,Jolly.JKina@FHCBAHAMAS.COM,Member,TRUE,Freeport Harbour Company,,FHC Cargo Department
Jacob Galeana Diaz,galeana.jacob@lctpc.com.mx,Member,TRUE,Hutchison Ports LCT,,Jefatura de Patio
Jacqueline Medina Vargas,medina.jacqueline@lctpc.com.mx,Member,TRUE,Hutchison Ports LCT,,Jefatura de Facturacion
Jacqueline Medina Vargas LCMT,asist.fact08@lcmt.mx,Member,FALSE,Hutchison Ports LCMT,,Facturacion
Jacqueline Saad,jsaad@ppc.com.pa,Member,TRUE,Panama Ports Company,,Recursos Humanos
Jade Pinder,pinder.jade@fhcbahamas.com,Member,TRUE,Freeport Harbour Company,,FHC Commercial Department
Jade S. Roker,roker.jade@fcpbahamas.com,Member,TRUE,Freeport Container Port,,Human Resources Department
Jafet Salas Diaz,salasd.jafet@hutchisonports.com.mx,Member,TRUE,Hutchison Ports México,,Gerencia de Administración
Jahaziel Ocampo Peralta,analista2.infra@icave.com.mx,Member,TRUE,Asesoría Técnica - Ehecatl,,Gerencia de Administración
Jahir Morales,jmorales@ppc.com.pa,Member,TRUE,Panama Ports Company,,Operaciones
Jaime Amador Núñez Morales,nunez.jaime@icave.com.mx,Member,TRUE,Hutchison Ports ICAVE,,Gerencia de Operaciones
Jaime Andres Garcia Lopez,garcia.jaime@timsamx.com,Member,TRUE,Hutchison Ports TIMSA,,Gerencia General
Jaime Antonio Cruz López,cruz.jaime@icave.com.mx,Member,TRUE,Hutchison Ports ICAVE,,Subgerencia de Recursos Humanos
Jaime Arturo Legorreta Camargo,auxiliar.infra01@lctpc.com.mx,Member,TRUE,Hutchison Ports LCT,,Jefatura de Infraestructura y Proyectos
Jaime Castro Murrieta,castro.jaime@hutchisonlogistics.com.mx,Member,TRUE,Hutchison Ports Logistics México,,Comercial
Jaime Clemente Perez Rodriguez,perez.jaime@tnghph.com.mx,Member,TRUE,Hutchison Ports TNG,,Production & Maintenance
Jaime Crowe | Paulhasting,crowe.jaime@hutchisonportsppc.com,Member,,,,
Jaime de Jesus Parra Coria,parra.jaime@lctpc.com.mx,Member,TRUE,Hutchison Ports LCT,,Jefatura de Vacios
Jaime De La Cruz Carrillo,delacruz.jaime@lctpc.com.mx,Member,TRUE,Hutchison Ports LCT,,Subgerencia de Mantenimiento
Jaime Moreno,jmoreno@ppc.com.pa,Member,TRUE,Panama Ports Company,,Proyectos e Infraestructura
Jaime Niz Figueroa,niz.jaime@timsamx.com,Member,TRUE,Hutchison Ports TIMSA,,Servicios
Jaime Ortiz Sosa,adminti.cci@container-care.com,Member,TRUE,Container Care ICAVE,,Gerencia de Container Care
Jaime Palomo Ramírez,palomo.jaime@icave.com.mx,Member,TRUE,Hutchison Ports ICAVE,,Gerencia de Operaciones
Jaime Reina,jreina@ppc.com.pa,Member,TRUE,Panama Ports Company,,Operaciones
Jaime Uriel Corona Soto,corona.jaime@enseit.com,Member,TRUE,Hutchison Ports EIT,,Calidad y Mejora Continua EIT
Jair Gomez Gomez,gomez.jair@tnghph.com.mx,Member,TRUE,Hutchison Ports TNG,,Maintenance
Jair Jiménez García,jimenez.jair@icave.com.mx,Member,TRUE,Hutchison Ports ICAVE,,Gerencia de Operaciones
Jair Sánchez Falcón,sanchez.jair@icave.com.mx,Member,TRUE,Asesoría Técnica,,Muelle-Patio
Jairo Ceballos,jceballos@ppc.com.pa,Member,TRUE,Panama Ports Company,,Seguridad Industrial
Jairo Jurado,jjurado@ppc.com.pa,Member,TRUE,Panama Ports Company,,Ingeniería
Jairo Martinez Susunaga,martinez.jairo@icave.com.mx,Member,TRUE,Hutchison Ports ICAVE,,Control Aduanero
Jairzinho Lucero,jlucero@ppc.com.pa,Member,TRUE,Panama Ports Company,,Operaciones
Jameka Lewis,lewis.jameka@fcpbahamas.com,Member,TRUE,Freeport Container Port,,FCP Operations Department
Jamelia Cleare,Cleare.Jamelia@fcpbahamas.com,Member,TRUE,Freeport Container Port,,FCP Finance Department
"James Leadbetter (CKHH - HWEL - Senior Manager, GMS-Europe)",James.Leadbetter_hwleurope.com#EXT#@icavecommx0.onmicrosoft.com,Guest,,Hutchison Whampoa (Europe) Limited,Invitation,
Jamison Deveaux,Deveaux.Jamison@fcpbahamas.com,Member,TRUE,Freeport Container Port,,FCP Operations Department
Janet Alejandra Alcalde López,alcalde.janet@icave.com.mx,Member,TRUE,Hutchison Ports México,,Dirección Ejecutiva HPH México
Janet Johnson,johnson.janet@fhcbahamas.com,Member,TRUE,Freeport Harbour Company,,FHC Security Department
Janeth Nieto Sanchez,nieto.janeth@lctpc.com.mx,Member,TRUE,Hutchison Ports LCT,,Gerencia de Comercialización
Janeth Viviana Ayon Algandar,ayon.janeth@enseit.com,Member,TRUE,Hutchison Ports EIT,,Patio
Janissa Piervil,Piervil.Janissa@fcpbahamas.com,Member,TRUE,Freeport Container Port,,FCP Operations Department
Janitzio Emperatriz Vázquez Castillo.,vazquez.janitzio@lctpc.com.mx,Member,TRUE,Hutchison Ports LCT,,Jefatura de Sosypa
jaovilla,jaovilla_deinmx.com#EXT#@icavecommx0.onmicrosoft.com,Guest,,,Invitation,
Jared Zerbe,jzerbe@ppc.com.pa,Member,TRUE,Panama Ports Company,,Dirección Ejecutiva
Jared Zerbe PPC,eventosppc@ppc.com.pa,Member,TRUE,Panama Ports Company,,
Jarrod Wildgoose,Wildgoose.Jarrod@fcpbahamas.com,Member,TRUE,Freeport Container Port,,FCP Operations Department
Jason Pinder,Pinder.Jason@fcpbahamas.com,Member,TRUE,,,FCP Operations Department
Javanna Clarke,Clarke.Javanna@fhcbahamas.com,Member,TRUE,Freeport Harbour Company,,FHC Facilities Department
Javardo Rolle,Rolle.Javardo@fhcbahamas.com,Member,TRUE,Freeport Harbour Company,,FHC Cargo Department
Javi Yu,jyu@ppc.com.pa,Member,TRUE,Panama Ports Company,,Operaciones
Javier Aguirre Andrada,aguirre.javier@tnghph.com.mx,Member,TRUE,Hutchison Ports TNG,,Production & Maintenance
Javier Alberto Mora Zaragoza,mora.javier@enseit.com,Member,TRUE,Hutchison Ports ECV,,Operación Cruceros
Javier Ayala Gomez,ayala.javier@lctpc.com.mx,Member,TRUE,Hutchison Ports LCT,,Jefatura de Riesgos
Javier Bello Elvira,bello.javier@icave.com.mx,Member,TRUE,Hutchison Ports ICAVE,,Gerencia de Administración
Javier Bismarck Reyes Cantarell,reyes.javier@tnghph.com.mx,Member,TRUE,Hutchison Ports TNG,,Customer Service and Customer Satisfaction
Javier Campoy Castillo,campoy.javier@enseit.com,Member,TRUE,Hutchison Ports EIT,,Almacen CFS
"Javier Dominguez (IT, Contractor)",jdominguez@ppc.com.pa,Member,TRUE,Panama Ports Company,,Tecnología de Información
Javier Enrique Valencia Magaña,valencia.javier@icave.com.mx,Member,TRUE,Hutchison Ports ICAVE,,Almacen CFS
Javier Flores Lagos,flores.javier@lctpc.com.mx,Member,TRUE,Hutchison Ports LCT,,Subgerencia de Contabilidad General
Javier Flores Lagos LCMT,flores.javiermt@lcmt.mx,Member,FALSE,Hutchison Ports LCMT,,
Javier Gerardo Wong Baizabal,wong.javier@tnghph.com.mx,Member,TRUE,Hutchison Ports TNG,,Assistant Manager Design and Management of Digital Marketing
Javier Jimenez Aponte,instituto.di@tnghph.com.mx,Member,TRUE,Instituto HP,,Customer Service and Customer Satisfacti
Javier Jimenez Salgado,jimenezs.javier@hutchisonports.com.mx,Member,TRUE,Hutchison Ports ICAVE,,Business Analyst
Javier Lara Sanchez,consultor.ext@lctpc.com.mx,Member,TRUE,Asesoria Técnica,,Sistemas
Javier Maffla,jmaffla@ppc.com.pa,Member,TRUE,Panama Ports Company,,Tecnología de Información
Javier Malpica Becerra,tecnico.soporte4@enseit.com,Member,TRUE,Hutchison Ports EIT,,Sistemas
Javier Oviedo,joviedo@ppc.com.pa,Member,TRUE,Panama Ports Company,,Operaciones
"Javier Parra (SEC, Contractor)",jparra@ppc.com.pa,Member,TRUE,Panama Ports Company,,Seguridad y Proteccion Portuaria
Javier Rodriguez Miranda,rodriguez.javier@icave.com.mx,Member,TRUE,Hutchison Ports ICAVE,,Gerencia General
Javier Santiago Mendez Lopez,mendez.javier@hutchisonports.com.mx,Member,TRUE,Hutchison Ports ICAVE,,Relaciones Publicas
Javier Soriano Reyes,soriano.javier@icave.com.mx,Member,TRUE,Hutchison Ports ICAVE,,Subgerencia de Mantenimiento
Javier Vargas Vargas,vargas.javier@timsamx.com,Member,TRUE,Hutchison Ports TIMSA,,Sistemas
javier.malpica,javier.malpica_uabc.edu.mx#EXT#@icavecommx0.onmicrosoft.com,Guest,,,Invitation,
Jawann Rolle,rolle.jawann@fcpbahamas.com,Member,TRUE,,,Bahamas Customs
jazmin,jazmin_sillymatter.com#EXT#@icavecommx0.onmicrosoft.com,Guest,,,Invitation,
Jazmin Maranatha Parra Garcia,parra.jazmin@timsamx.com,Member,TRUE,Hutchison Ports TIMSA,,Compras y Servicios
Jazmin Monserrat Enriquez Diaz,enriquez.jazmin@lctpc.com.mx,Member,TRUE,Hutchison Ports LCT,,Jefatura de Base de datos y Seguridad de la informacion
jcsoya_naval,jcsoya_naval_outlook.com#EXT#@icavecommx0.onmicrosoft.com,Guest,,,Invitation,
jczucades,jczucades_gmail.com#EXT#@icavecommx0.onmicrosoft.com,Guest,,,Invitation,
jdalmacenes,jdalmacenes_puertodeveracruz.com.mx#EXT#@icavecommx0.onmicrosoft.com,Guest,,,Invitation,
jdlo2424,jdlo2424_gmail.com#EXT#@icavecommx0.onmicrosoft.com,Guest,,,Invitation,
Jean Carlos Kai,jkai@ppc.com.pa,Member,TRUE,Panama Ports Company,,Tecnología de Información
Jean Carlos Monge,jcmonge@ppc.com.pa,Member,TRUE,Panama Ports Company,,Operaciones
Jeanett López Orozco,lopez.jeanett@hutchisonports.com.mx,Member,TRUE,Hutchison Ports México,,Dirección de Finanzas y Administración
Jeanette Pereda Ceballos,pereda.jeanette@icave.com.mx,Member,TRUE,Hutchison Ports ICAVE,,Gerencia de Comercialización ICAVE
Jeannette Rosas,jrosas@ppc.com.pa,Member,TRUE,Panama Ports Company,,Finanzas
Jenifer Dhaxil Lastra Fabela,lastra.jenifer@enseit.com,Member,TRUE,Hutchison Ports EIT,,Compras y Servicios
Jenisse Camarena,jcamarena@ppc.com.pa,Member,TRUE,Panama Ports Company,,Cadena de Abastecimiento
Jennifer Alvarado Ramos,ingeniero.nube@icave.com.mx,Member,TRUE,Asesoría Técnica - Ehecatl,,Gerencia de Administración
Jennifer Burrows,Burrows.Jennifer@fcpbahamas.com,Member,TRUE,Freeport Container Port,,FCP Finance Department
Jennifer Daniela Castro Nuñez,castro.jennifer@lctpc.com.mx,Member,TRUE,Hutchison Ports LCT,,Jefatura de Vacios
Jennifer Jimenez Reyes,atencion.clientes2@tilh.com.mx,Member,TRUE,QSM,,Comercial
Jennifer Yaret López López,aux.comercioext@tnghph.com.mx,Member,TRUE,Hutchison Ports TNG,,Foreign Trade
Jennyfert Salas Garcia,salas.jennyfert@lctpc.com.mx,Member,TRUE,Hutchison Ports LCT,,Subgerencia de Planeacion
Jenry Cortes Cayetano,cortes.jenry@tnghph.com.mx,Member,TRUE,Hutchison Ports TNG,,Project
Jenson Bethel,bethel.jenson@fhcbahamas.com,Member,TRUE,Freeport Harbour Company,,FHC Cargo Department
Jeremy Saunders,Saunders.Jeremy@fcpbahamas.com,Member,TRUE,Freeport Container Port,,FCP Finance Department
Jermaine Bowleg,bowleg.jermaine@fcpbahamas.com,Member,TRUE,Freeport Container Port,,Information Technology Department
Jerome Clarke,clarke.jerome@fcpbahamas.com,Member,TRUE,Freeport Container Port,,FCP Safety Department
Jerome Missick,missick.jerome@fcpbahamas.com,Member,TRUE,Freeport Container Port,,FCP Operations Department
Jeronimo Betanzos Reyes,betanzos.jeronimo@hutchisonports.com.mx,Member,TRUE,Hutchison Ports México,,Dirección de Finanzas y Administración
Jessica Castañeda Ponce,castaneda.jessica@enseit.com,Member,TRUE,Hutchison Ports EIT,,Recursos Humanos
Jessica Cummings,jcummings@ppc.com.pa,Member,TRUE,Panama Ports Company,,Operaciones
Jessica Delgado Ortiz,delgado.jessica@icave.com.mx,Member,TRUE,Hutchison Ports México,,Dirección de Operaciones
Jessica Noemi Barrera Cabrera,jbarrera_mexico2.com.mx#EXT#@icavecommx0.onmicrosoft.com,Guest,,,Invitation,
Jesús Abraham Jiménez Delgadillo,jimenez.jesus@hutchisonports.com.mx,Member,TRUE,Hutchison Ports México,,Dirección de Comercialización
Jesús Alberto Montaño Dominguez,montano.jesus@enseit.com,Member,TRUE,Hutchison Ports EIT,,Control de Equipo
Jesus Alberto Ruiz Apodaca,analista.progeit03@enseit.com,Member,TRUE,Asesoría Técnica,,Tecnologias de la Información
Jesus Alberto Salamanca Salamanca,salamanca.jesus@lctpc.com.mx,Member,TRUE,Hutchison Ports LCT,,Jefatura de Vacios
Jesús Alberto Sánchez Sánchez,sanchez.jesus@lctpc.com.mx,Member,TRUE,Hutchison Ports LCT,,Jefatura de Sosypa
Jesus Benitez Lucena,benitez.jesus@icavecommx0.onmicrosoft.com,Member,TRUE,Hutchison Ports LCT,,Jefatura de Puerta de Salida
Jesus Eduardo Bolanos Cornejo,bolanos.jesus@lctpc.com.mx,Member,TRUE,Hutchison Ports LCT,,Subgerencia de Planeacion
Jesús Eduardo Díaz de la Vega,diaz.jesus@enseit.com,Member,TRUE,Hutchison Ports ECV,,Marina
Jesus Ernesto Pedraza Gonzalez,pedraza.jesus@icavecommx0.onmicrosoft.com,Member,TRUE,Hutchison Ports LCT,,Puerta de  Salida
Jesús Escorcia,jescorcia_dexfreight.io#EXT#@icavecommx0.onmicrosoft.com,Guest,,Dexfreight,Invitation,
Jesus Fabián Rosales Vega,rosales.jesus@icave.com.mx,Member,TRUE,Hutchison Ports ICAVE,,Gerencia de Administración
Jesus Fernando Velázquez Garcia de Leon,velazquez.jesus@lctpc.com.mx,Member,TRUE,Hutchison Ports LCT,,Subgerencia de Recursos Humanos
Jesus Fidel Rodriguez Rosado,rodriguez.jesus@icave.com.mx,Member,TRUE,Hutchison Ports ICAVE,,Seguridad y Salud Ocupacional
Jesus Hernandez Belleza,belleza.jesus@tnghph.com.mx,Member,TRUE,Hutchison Ports TNG,,Integrated Management System
Jesús Ignacio Hernández Mejía,hernandez.jesus@icave.com.mx,Member,TRUE,Hutchison Ports ICAVE,,Gerencia de Administración
Jesus Isai Morales Susunaga,morales.jesus@icave.com.mx,Member,TRUE,Hutchison Ports ICAVE,,Jurídico
Jesus Larios Murguia,larios.jesus@timsamx.com,Member,TRUE,Hutchison Ports TIMSA,,Operaciones
Jesús Miguel Uscanga Peña,uscanga.jesus@icave.com.mx,Member,TRUE,Hutchison Ports ICAVE,,Gerencia General
Jesus Omar Mendoza,mendoza.jesus@tilh.com.mx,Member,TRUE,Hutchison Ports TILH,,Jefatura de Patio y FFCC
Jesus Otero,jotero@ppc.com.pa,Member,TRUE,Panama Ports Company,,Direccion de Operaciones
Jesus Palacios,jpalacios@ppc.com.pa,Member,TRUE,Panama Ports Company,,Almacén
Jesús Pérez Pérez,perez.jesus@icave.com.mx,Member,TRUE,Hutchison Ports ICAVE,,Gerencia de Operaciones
Jesús Raúl Rebollar Valentín,rebollar.raul@icave.com.mx,Member,TRUE,Hutchison Ports México,,Dirección de Operaciones
Jesús Raymundo Castillo Godoy,castillo.raymundo@lctpc.com.mx,Member,TRUE,Hutchison Ports LCT,,Jefatura de Muelle
Jesus Salazar,jsalazar@ppc.com.pa,Member,TRUE,Panama Ports Company,,Operaciones
jesus.miguel.garridomontesdeoca,jesus.miguel.garridomontesdeoca_citi.com#EXT#@icavecommx0.onmicrosoft.com,Guest,,,Invitation,
Jeyachandran Kasimani,Jeyachandran.Kasimani@fcpbahamas.com,Member,TRUE,,,Consultant
jflores.morgan,jflores.morgan_gmail.com#EXT#@icavecommx0.onmicrosoft.com,Guest,,,Invitation,
Jhoany Ivan Lozano Loaiza,jlozano@enseit.com,Member,TRUE,Hutchison Ports EIT,,Impuesto
Jhonatan Fontalvo,JhonatanFontalvo_chazeypartners.com#EXT#@icavecommx0.onmicrosoft.com,Guest,,Chazeypartners,Invitation,
Jhoseph Gomez,jhgomez@ppc.com.pa,Member,TRUE,Panama Ports Company,,Operaciones
Jhovan Romero,jhromero@ppc.com.pa,Member,TRUE,Panama Ports Company,,Operaciones
jimenez,jimenez_aponteconsultores.com#EXT#@icavecommx0.onmicrosoft.com,Guest,,,Invitation,
"Jimenez, Laura",laura.jimenez_hlag.com#EXT#@icavecommx0.onmicrosoft.com,Guest,,,Invitation,
Jisel Morcillo,jmorcillo@ppc.com.pa,Member,TRUE,Panama Ports Company,,Proteccion y Seguridad
jjtooker,jjtooker_gldd.com#EXT#@icavecommx0.onmicrosoft.com,Guest,,,Invitation,
jlmurillo,jlmurillo_deinmx.com#EXT#@icavecommx0.onmicrosoft.com,Guest,,,Invitation,
jmichel,jmichel_elecon.mx#EXT#@icavecommx0.onmicrosoft.com,Guest,,,Invitation,
jnava,jnava_predesa.com.mx#EXT#@icavecommx0.onmicrosoft.com,Guest,,,Invitation,
Joalin Montserrat Gomez Sosa,gomez.joalin@enseit.com,Member,TRUE,Hutchison Ports EIT,,Relaciones Laborales
Joana Berenice Tamayo Jacobo,tamayo.joana@enseit.com,Member,TRUE,Hutchison Ports EIT,,Operaciones
Joani Denis,jdenis@ppc.com.pa,Member,TRUE,Panama Ports Company,,Recursos Humanos
"Joanne Fong (Hutchison Ports, LAC)",fong.joannecm_hutchisonports.com#EXT#@icavecommx0.onmicrosoft.com,Guest,,,Invitation,
"Joanne Lee (Hutchison Ports, ENGINEERING)",lee.joannech_hutchisonports.com#EXT#@icavecommx0.onmicrosoft.com,Guest,,,Invitation,
"Joanne Li (Hutchison Ports, FINANCE-COMPLIANCE)",Li.JoanneYT_hutchisonports.com#EXT#@icavecommx0.onmicrosoft.com,Guest,,,Invitation,
Joanne Ling (CKHH - HWEL - Senior Manager),Joanne.Ling_hwleurope.com#EXT#@icavecommx0.onmicrosoft.com,Guest,,Hutchison Whampoa (Europe) Limited,Invitation,
Joaquin Cortez,jcortez@ppc.com.pa,Member,TRUE,Panama Ports Company,,Proyectos e Infraestructura
Joaquin Lopez Soto,lopez.joaquin@tilh.com.mx,Member,TRUE,Hutchison Ports TILH,,Compras y Servicios
Joaquín Rosas Molanco,rosas.joaquin@lctpc.com.mx,Member,TRUE,Hutchison Ports LCT,,Jefatura de Reefers
Joaquín Vera Jiménez,vera.joaquin@icave.com.mx,Member,TRUE,Hutchison Ports ICAVE,,Gerencia de Operaciones
Joashim Omar Saldana Alcantara,saldana.joashim@tnghph.com.mx,Member,TRUE,Hutchison Ports TNG,,Maintenance
Jocelyn Guadalupe Bernabe Suarez,bernabe.jocelyn@timsamx.com,Member,TRUE,Hutchison Ports TIMSA,,OPERACIONES PATIO
Jocelyn Jimenez,jocelyn.jimenez_garrigues.com#EXT#@icavecommx0.onmicrosoft.com,Guest,,,Invitation,
Joel Aldair Marcial Gonzalez,analista.si2@icave.com.mx,Member,TRUE,Asesoría Técnica,,Gerencia de Administración
Joel Brown,jbrown@ppc.com.pa,Member,TRUE,Panama Ports Company,,Operaciones
Joel Casas,jcasas@ppc.com.pa,Member,TRUE,Panama Ports Company,,Operaciones
Joel Enrique Sanchez Sanchez,sanchez.joel@lctpc.com.mx,Member,TRUE,Hutchison Ports LCT,,Jefatura de Patio
Joel Heredia Perez,heredia.joel@timsamx.com,Member,TRUE,Hutchison Ports TIMSA,,Ferrocarril y Refrigerados
Joel Kerr,jkerr@ppc.com.pa,Member,TRUE,Panama Ports Company,,Ingeniería
Joel Mitchell,jmitchell@ppc.com.pa,Member,TRUE,Panama Ports Company,,Operaciones
Joel Nerak Bernal Sosa,bernal.joel@icave.com.mx,Member,TRUE,Hutchison Ports ICAVE,,Gerencia de Operaciones
Johanna Hazel Lopez Ramirez,lopez.johanna@enseit.com,Member,TRUE,Hutchison Ports ECV,,Facturación
Johary Cruz Avila,cruz.johary@icave.com.mx,Member,TRUE,Hutchison Ports México,,Dirección de Operaciones
John Knowles,knowles.john@fcpbahamas.com,Member,TRUE,,,FCP Operations Department
John Turner,Turner.John@fhcbahamas.com,Member,TRUE,Freeport Harbour Company,,FHC Facilities Department
John Wallace,Wallace.John@fcpbahamas.com,Member,TRUE,Freeport Container Port,,FCP Operations Department
John William Espinoza Mendoza,espinoza.john@lctpc.com.mx,Member,TRUE,Hutchison Ports LCT,,Jefatura de Soporte Tecnico
john.silvera9,john.silvera9_gmail.com#EXT#@icavecommx0.onmicrosoft.com,Guest,,,Invitation,
jolivier,jolivier_joaseguros.com#EXT#@icavecommx0.onmicrosoft.com,Guest,,,Invitation,
Jonatan Avila Mendez,avila.jonatan@enseit.com,Member,TRUE,Hutchison Ports EIT,,Finanzas y Productividad
Jonathan Alexis Grajeda Romero,jgrajeda@enseit.com,Member,TRUE,Hutchison Ports EIT,,Mantenimiento
Jonathan Arath Ojeda Rosas,ojeda.jonathan@icave.com.mx,Member,TRUE,Hutchison Ports ICAVE,,Aplicaciones Operativas
Jonathan Ayala Mendoza,ayala.jonathan@lctpc.com.mx,Member,TRUE,Hutchison Ports LCT,,Jefatura de Control Terrestre
Jonathan Edu Ferman Gasca,controlador.event@icavecommx0.onmicrosoft.com,Member,TRUE,Asesoria Técnica,,Gerencia de Operaciones
Jonathan Eduardo Crisostomo Monje,crisostomo.jonathan@lctpc.com.mx,Member,TRUE,Hutchison Ports LCT,,Jefatura de Muelle
Jonathan Francisco Gaona Barragan,gaona.jonathan@lctpc.com.mx,Member,TRUE,Hutchison Ports LCT,,Jefatura de Relaciones Laborales
Jonathan Moises Escobedo Euan,escobedo.jonathan@enseit.com,Member,TRUE,Hutchison Ports EIT,,Patio
Jonathan Ramirez Garcia,ramirez.jonathan@icave.com.mx,Member,TRUE,Hutchison Ports ICAVE,,ICA - Control Aduanero
Jonathan Sanchez,jsanchez@ppc.com.pa,Member,TRUE,Panama Ports Company,,Operaciones
jonathan.hernandez,jonathan.hernandez_thomasmiller.com#EXT#@icavecommx0.onmicrosoft.com,Guest,,,Invitation,
jonathanhamilton,jonathanhamilton_paulhastings.com#EXT#@icavecommx0.onmicrosoft.com,Guest,,,Invitation,
jonathanulrich,jonathanulrich_paulhastings.com#EXT#@icavecommx0.onmicrosoft.com,Guest,,,Invitation,
Jordan Davis,Davis.Jordan@FHCBAHAMAS.COM,Member,TRUE,Freeport Harbour Company,,FHC Marine Control Department
Jordy Garrido,jgarrido@ppc.com.pa,Member,TRUE,Panama Ports Company,,Tecnología de Información
Jorge  Valdivieso,jvaldivieso@ppc.com.pa,Member,TRUE,Panama Ports Company,,Operaciones
Jorge Abraham Lama Vargas,lama.jorge@enseit.com,Member,TRUE,Hutchison Ports EIT,,Administración de Riesgos
Jorge Abraham Trejo Cerda,trejo.jorge@hutchisonports.com.mx,Member,TRUE,Hutchison Ports ICAVE,,Planning Center
Jorge Alberto Chavez Barajas,chavez.jorge@timsamx.com,Member,TRUE,Hutchison Ports TIMSA,,Seguridad e Higiene
Jorge Alberto Loza Romero,loza.jorge@timsamx.com,Member,TRUE,Hutchison Ports TIMSA,,Mantenimiento
Jorge Alberto Vazquez Bobadilla,vazquez.alberto@tnghph.com.mx,Member,TRUE,Hutchison Ports TNG,,Operational Development
Jorge Alfredo Gonzalez Beltran,gonzalez.alfredo@tnghph.com.mx,Member,TRUE,Hutchison Ports TNG,,Production & Maintenance
Jorge Aparicio,japaricio@ppc.com.pa,Member,TRUE,Panama Ports Company,,Ingeniería
Jorge Apolinar Huastitlan,apolinar.jorge@enseit.com,Member,TRUE,Hutchison Ports EIT,,Proyecto nGEN
Jorge Arturo Leyva Rosales,leyva.jorge@icave.com.mx,Member,TRUE,Hutchison Ports ICAVE,,Relaciones Laborales
Jorge Arturo Oliveros Gassos,oliveros.jorge@icave.com.mx,Member,TRUE,Hutchison Ports ICAVE,,Administración de Riesgos
Jorge Daniels,jdaniels@ppc.com.pa,Member,TRUE,Panama Ports Company,,Operaciones
Jorge Delgado,jdelgado@ppc.com.pa,Member,TRUE,Panama Ports Company,,Operaciones
Jorge Diaz Velazquez,diaz.jorge@tnghph.com.mx,Member,TRUE,Hutchison Ports TNG,,Production & Maintenance
Jorge Enrique Romo Salgado,romo.jorge@enseit.com,Member,TRUE,Hutchison Ports ECV,,SOSYPA EIT
Jorge Garcia,jgarcia@ppc.com.pa,Member,TRUE,Panama Ports Company,,Operaciones
Jorge Hernandez,hernandez.jorge@fcpbahamas.com,Member,TRUE,Freeport Container Port,,FCP Engineering Department
Jorge Ivan Rodriguez Perez,rodriguez.ivan@timsamx.com,Member,TRUE,Hutchison Ports TIMSA,,CONTROL TOWER
Jorge Luis Aviles del Barrio,aviles.jorge@tnghph.com.mx,Member,TRUE,Hutchison Ports TNG,,Maintenance
Jorge Luis Diaz Hernandez,diazh.jorge@tnghph.com.mx,Member,TRUE,Hutchison Ports TNG,,Production & Maintenance
Jorge Luis González Aguirre,auxiliar.finanzas02@lctpc.com.mx,Member,TRUE,Hutchison Ports LCT,,Jefatura de Planeacion Financiera
Jorge Luis Soto Martinez,sup.maniobras@tnghph.com.mx,Member,TRUE,Hutchison Ports TNG,,Production & Maintenance
Jorge M Lecona Ruiz,lecona.jorge@icave.com.mx,Member,TRUE,Hutchison Ports México,,Latin America and Caribbean Division
Jorge Magno Lecona Murillo,leconam.jorge@icave.com.mx,Member,TRUE,Hutchison Ports México,,Dirección de Operaciones
Jorge Mortera Bautista,mortera.jorge@icave.com.mx,Member,TRUE,Hutchison Ports ICAVE,,Gerencia de Operaciones
Jorge Pablo García Ruíz,garcia.jorge@icave.com.mx,Member,TRUE,Hutchison Ports ICAVE,,Subgerencia de Mantenimiento
Jorge Panay,jpanay@ppc.com.pa,Member,TRUE,Panama Ports Company,,Operaciones
Jorge Rojas Arreola,rojas.jorge@lctpc.com.mx,Member,TRUE,Hutchison Ports LCT,,Jefatura de Muelle
Jorge Santa Ana Rosas Herrera,rosas.jorge@icave.com.mx,Member,TRUE,Hutchison Ports ICAVE,,Gerencia de Operaciones
jorgeaelizalde23,jorgeaelizalde23_gmail.com#EXT#@icavecommx0.onmicrosoft.com,Guest,,,Invitation,
Jorleni Cueto,jcueto@ppc.com.pa,Member,TRUE,Panama Ports Company,,Seguridad Industrial
Jose  Mejia Castillo,jose.mejia_goskaler.com#EXT#@icavecommx0.onmicrosoft.com,Guest,,,Invitation,
José A. Loredo H. CAPS,jose.loredo_capstechnology.co#EXT#@icavecommx0.onmicrosoft.com,Guest,,,Invitation,
Jose Agrioyanis,jagrioyanis@ppc.com.pa,Member,TRUE,Panama Ports Company,,Operaciones
José Alberto Beltrán Baxin,beltran.jose@hutchisonports.com.mx,Member,TRUE,Hutchison Ports México,,Dirección de Finanzas y Administración
José Alberto Méndez Rergis,mendez.jose@icave.com.mx,Member,TRUE,Hutchison Ports ICAVE,,Gerencia de Operaciones
José Alberto Miranda Romero,miranda.jose@hutchisonports.com.mx,Member,TRUE,Hutchison Ports México,,Dirección de Finanzas y Administración
Jose Alberto Morales Nery,morales.jose@hutchisonports.com.mx,Member,TRUE,Hutchison Ports México,,Dirección de Finanzas y Administración
José Alberto Rembao Loroña,rembaol.jose@enseit.com,Member,TRUE,Hutchison Ports EIT,,Control de Equipo
José Alberto Rios Rios,rios.jose@enseit.com,Member,TRUE,Hutchison Ports EIT,,Proyecto nGEN
Jose Alejandro Teran Mayo,asist.capacitacion03@lctpc.com.mx,Member,TRUE,Hutchison Ports LCT,,Subgerencia de Recursos Humanos
Jose Alejandro Victoria Salazar,victoria.jose@timsamx.com,Member,TRUE,Hutchison Ports TIMSA,,Almacen
José Alfredo Alarcón Hernández,alarcon.alfredo@lctpc.com.mx,Member,TRUE,Hutchison Ports LCT,,Jefatura de Vacios
Jose Alfredo Arroyo Gallardo,arroyo.jose@lctpc.com.mx,Member,TRUE,Hutchison Ports LCT,,Jefatura de Riesgos
José Alfredo Huesca Sánchez,huesca.alfredo@lctpc.com.mx,Member,TRUE,Hutchison Ports LCT,,Gerencia General
José Alfredo Huesca Sánchez LCMT,huesca.alfredomt@lcmt.mx,Member,TRUE,Hutchison Ports LCMT,,
José Alfredo Ibarra Ontiveros,soporte.apps02@lctpc.com.mx,Member,TRUE,Hutchison Ports LCT,,Jefatura de Sistemas Portuarios
Jose Alonso Hueso Aguilar,hueso.jose@timsamx.com,Member,TRUE,Hutchison Ports TIMSA,,Subgerencia de Sistemas
Jose Angel Ramirez García,aux.nominas@tnghph.com.mx,Member,TRUE,Hutchison Ports TNG,,Human Resources
José Ángel Violante Román,violante.jose@icave.com.mx,Member,TRUE,Hutchison Ports ICAVE,,Gerencia General
José Antonio Gómez Capitaine,gomez.jose@icave.com.mx,Member,TRUE,Hutchison Ports ICAVE,,Gerencia de Operaciones
Jose Antonio Hermida Sanchez,hermida.jose@tnghph.com.mx,Member,TRUE,Hutchison Ports TNG,,Inspection and Testing Control
José Antonio López Fernández,lopez.jose@icave.com.mx,Member,TRUE,Hutchison Ports ICAVE,,Gerencia de Operaciones
José Antonio Ortíz Delgado,ortiz.antonio@icave.com.mx,Member,TRUE,Hutchison Ports ICAVE,,Gerencia de Administración
Jose Antonio Reyes Tejeda,reyes.josea@icave.com.mx,Member,TRUE,Hutchison Ports ICAVE,,Relaciones Laborales
Jose Antonio Rodriguez Ramirez,rodriguezr.jose@tnghph.com.mx,Member,TRUE,Hutchison Ports TNG,,Production & Maintenance
Jose Antonio Sardina Aguirre,sardina.antonio@tnghph.com.mx,Member,TRUE,Hutchison Ports TNG,,General Management
José Armando Celis Villaseñor,celis.jose@timsamx.com,Member,TRUE,Hutchison Ports TIMSA,,Riesgos
José Armando Díaz Chavarin,soporte.apps6@enseit.com,Member,TRUE,Asesoría Técnica – Ehecatl,,Sistemas
José Armando Guevara Espina,guevara.jose@icave.com.mx,Member,TRUE,Hutchison Ports México,,Dirección de Finanzas y Administración
Jose Augusto Martinez Dominguez,martinez.augusto@tnghph.com.mx,Member,TRUE,Hutchison Ports TNG,,Project
Jose Aurelio Franco Laureano,franco.jose@timsamx.com,Member,TRUE,Hutchison Ports TIMSA,,Torre de Control
Jose Carlo Parroquin Armas,parroquin.jose@tnghph.com.mx,Member,TRUE,Hutchison Ports TNG,,Purchasing
José Carlos Cervantes Mejía,cervantes.carlos@timsamx.com,Member,TRUE,Hutchison Ports TIMSA,,"Tim-Compras, Adquisiciones y Servicios"
Jose Carlos Zabalza Cortés,zabalza.carlos@timsamx.com,Member,TRUE,Hutchison Ports TIMSA,,Ingenieria y Desarrollo
Jose Christian Vargas Mendoza,vargas.jose@tnghph.com.mx,Member,TRUE,Hutchison Ports TNG,,Project
Jose Daniel Contreras Palmerin,contreras.jose@tnghph.com.mx,Member,TRUE,Hutchison Ports TNG,,Human Resources
Jose Daniel Delgado Herrera,delgado.jose@timsamx.com,Member,TRUE,Hutchison Ports TIMSA,,Subgerencia de Sistemas
Jose Daniel Lopez Lopez,lopezl.jose@enseit.com,Member,TRUE,Hutchison Ports EIT,,Planeación
Jose de Jesus Galindo Santos,galindo.jose@timsamx.com,Member,TRUE,Hutchison Ports TIMSA,,Ingenieria de Costos y Proyectos
José De Jesús Hernández Magaña,hernandez.jose@lctpc.com.mx,Member,TRUE,Hutchison Ports LCT,,Jefatura de Sistemas Portuarios
Jose de Jesus Hernandez Magaña,soporte.ds05@lctpc.com.mx,Member,TRUE,Hutchison Ports LCT,,Jefatura de Sistemas Portuarios
Jose de Jesus Ochoa Sandoval,ochoa.jesus@tnghph.com.mx,Member,TRUE,Hutchison Ports TNG,,Production & Maintenance
José de Jesús Salazar Obeso,salazar.jose@enseit.com,Member,TRUE,Hutchison Ports EIT,,Operacion Vacios
Jose Diez,jdiez@ppc.com.pa,Member,TRUE,Panama Ports Company,,Operaciones
José Eduardo López Morales,lopez.eduardo@icave.com.mx,Member,TRUE,Hutchison Ports ICAVE,,Gerencia General
Jose Eduardo Navarro Rodriguez,navarro.jose@tilh.com.mx,Member,TRUE,Hutchison Ports TILH,,Jefatura de Administración Aduanal
Jose Eduardo Perez Barragan,perez.eduardo@enseit.com,Member,TRUE,Hutchison Ports EIT,,Muelle
José Eduardo Reyna Vazquez,reyna.jose@icave.com.mx,Member,TRUE,Hutchison Ports ICAVE,,Gerencia de Operaciones
Jose Eduardo Sanchez Valera,sanchez.jose@icave.com.mx,Member,TRUE,Hutchison Ports México,,HPM-Mantenimiento
José Eduardo Zarco Alonso,zarco.jose@lctpc.com.mx,Member,TRUE,Hutchison Ports LCT,,Subgerencia de Sistemas
Jose Eligio Villanueva Medina,jvillanueva@enseit.com,Member,TRUE,Hutchison Ports EIT,,Mantenimiento
Jose Enrique Escoto Sotelo,asistente.ca2@lctpc.com.mx,Member,TRUE,Hutchison Ports LCT,,Jefatura de Control Aduanero
Jose Enrique Escoto Sotelo LCMT,asistente.ca2mt@lcmt.mx,Member,FALSE,Hutchison Ports LCMT,,
José Enrique Santamaría Domínguez,santamaria.enrique@hutchisonports.com.mx,Member,TRUE,Hutchison Ports México,,Veronica Support Center
Jose Feliciano Rochin Jimenez,ptasalida@timsamx.com,Member,TRUE,Hutchison Ports TIMSA,,Puerta de salida
Jose Fernando Roman Vazquez,roman.jose@icave.com.mx,Member,TRUE,Hutchison Ports ICAVE,,Vacios y Ferrocarril
José Francisco Martínez,martinez.francisco@lctpc.com.mx,Member,TRUE,Hutchison Ports LCT,,Jefatura de Protección Portuaria
Jose Francisco Sagardia Velazquez,sagardia.jose@enseit.com,Member,TRUE,Hutchison Ports EIT,,Seguridad y Proteccion EIT
Jose Francisco Sandoval Heredia,sandoval.francisco@enseit.com,Member,TRUE,Hutchison Ports ECV,,Mantenimiento
Jose Gabriel Caballero,jcaballero@ppc.com.pa,Member,TRUE,Panama Ports Company,,Operaciones
Jose Gilberto Ibarra Velasco,ibarra.gilberto@timsamx.com,Member,TRUE,Hutchison Ports TIMSA,,Contabilidad
Jose Gonzalez,jogonzalez@ppc.com.pa,Member,TRUE,Panama Ports Company,,Operaciones
Jose Gustavo Diaz Luna,diaz.gustavo@timsamx.com,Member,TRUE,Hutchison Ports TIMSA,,Almacen y Previos
Jose Hector Caballero Aguilar,caballero.jose@tnghph.com.mx,Member,TRUE,Hutchison Ports TNG,,Project
Jose Isaac Reyes,joreyes@ppc.com.pa,Member,TRUE,Panama Ports Company,,Ingeniería
Jose Israel Lopez Cruz,lopez.israel@tnghph.com.mx,Member,TRUE,Hutchison Ports TNG,,Purchasing
José Iván Michel Palomares,jmichel@enseit.com,Member,TRUE,Hutchison Ports EIT,,Ingeniería y Desarrollo
José Jacob Ortiz Sánchez,soporte.ds06@lctpc.com.mx,Member,TRUE,Hutchison Ports LCT,,Jefatura de Sistemas Portuarios
Jose Jacob Ortiz Sanchez,analista.icavengen@icave.com.mx,Member,,,,Sistemas
José Javier Rodríguez Rodríguez,rodriguez.jose@enseit.com,Member,TRUE,Hutchison Ports EIT,,Innovación
Jose Joaquin Fernandez Quintanilla,fernandez.jose@hutchisonports.com.mx,Member,TRUE,Hutchison Ports México,,Dirección Ejecutiva HPH México
Jose Juan Lara,jlara_ipcom.com.mx#EXT#@icavecommx0.onmicrosoft.com,Guest,,,Invitation,
José Luis Aguilar Rodríguez,jose.aguilar_grupoindi.com#EXT#@icavecommx0.onmicrosoft.com,Guest,,,Invitation,
Jose Luis Cardenas Ramos,cardenas.jose@timsamx.com,Member,TRUE,Hutchison Ports TIMSA,,Ingresos y Control Aduanero
José Luis Castro García,castro.jose@hutchisonports.com.mx,Member,TRUE,Hutchison Ports México,,Dirección de Finanzas y Administración
Jose Luis Diaz,jldiaz@ppc.com.pa,Member,TRUE,Panama Ports Company,,Tecnología de Información
Jose Luis Graceiux Marquez,graceiux.jose@enseit.com,Member,TRUE,Hutchison Ports EIT,,Operaciones
Jose Luis Luna Sanchez,luna.jose@tnghph.com.mx,Member,TRUE,Hutchison Ports TNG,,Production & Maintenance
Jose Luis Mendoza Ramirez,mendoza.jose@enseit.com,Member,TRUE,Hutchison Ports EIT,,Planeación
José Luis Reyes López,reyes.jose@hutchisonports.com.mx,Member,TRUE,Hutchison Ports México,,"Coordinación de Adquisiciones, Inventarios y Servicios"
José Luis Sandoval Apipilhuasco,sandoval.jose@icave.com.mx,Member,TRUE,Hutchison Ports ICAVE,,Gerencia de Operaciones
Jose Luis Valencia Toledo,valencia.jose@timsamx.com,Member,TRUE,Hutchison Ports TIMSA,,Jefatura de Salud Ocupacional y Seguridad
Jose Manuel Amador Paucel,amador.jose@tilh.com.mx,Member,TRUE,Hutchison Ports TILH,,Comercial
Jose Manuel Montejo,montejo.manuel@timsamx.com,Member,TRUE,Hutchison Ports TIMSA,,Seguridad y Salud Ocupacional
José Miguel Vidal Vidal,vidal.miguel@icave.com.mx,Member,TRUE,Hutchison Ports ICAVE,,Gerencia de Administración
Jose Montero,jmontero@ppc.com.pa,Member,TRUE,Panama Ports Company,,Operaciones
José Nicasio Martínez Ostoa,Martinez.Jose@lctpc.com.mx,Member,TRUE,Hutchison Ports LCT,,Jefatura de Puerta de Salida
Jose Pedro Zepeda,zepeda.jose@timsamx.com,Member,TRUE,Hutchison Ports TIMSA,,Sistemas
Jose Ramon Dominguez Espinoza,analista1.infra@icave.com.mx,Member,TRUE,Asesoría Técnica - Ehecatl,,Gerencia de Administración
José Refugio Villagómez Ziranda,villagomez.refugio@lctpc.com.mx,Member,TRUE,Hutchison Ports LCT,,Jefatura de Muelle
Jose Ricardo Estrada Garcia,estrada.jose@enseit.com,Member,TRUE,Hutchison Ports EIT,,Muelle
Jose Rodolfo Santiago Gama,santiago.jose@lctpc.com.mx,Member,TRUE,Hutchison Ports LCT,,Subgerencia de Planeacion
Jose Samuel Reyes Silverio,reyes.joses@lctpc.com.mx,Member,TRUE,Hutchison Ports LCT,,Jefatura de Vacios
Jose Sanchez,josanchez@ppc.com.pa,Member,TRUE,Panama Ports Company,,Finanzas
Jose Solano,jsolano@ppc.com.pa,Member,TRUE,Panama Ports Company,,Operaciones
Joseph Sanchez,jossanchez@ppc.com.pa,Member,TRUE,Panama Ports Company,,Operaciones
joseroberto,joseroberto_abogados-ola.com.mx#EXT#@icavecommx0.onmicrosoft.com,Guest,,,Invitation,
Joshua Neftali Marin Leynez,marin.joshua@tnghph.com.mx,Member,TRUE,Hutchison Ports TNG,,Information Technology
Jossary Rios,jrios@ppc.com.pa,Member,TRUE,Panama Ports Company,,Tecnología de Información
Jossimar Chávez Osorio,sup.red@tilh.com.mx,Member,TRUE,Hutchison Ports TILH,,Jefatura de Infraestructura
Josue Alejandro Sorcia Cruz,sup.soldadura@tnghph.com.mx,Member,TRUE,Hutchison Ports TNG,,Production & Maintenance
Josue Bryan,jbryan@ppc.com.pa,Member,TRUE,Panama Ports Company,,Operaciones
Josue Cedeno,jcedeno@ppc.com.pa,Member,TRUE,Panama Ports Company,,Carga General
Josue Garcia Galan,garcia.josue@tnghph.com.mx,Member,TRUE,Hutchison Ports TNG,,Inspection and Testing Control
Josue Isay Dajer Hernández,dajer.josue@tilh.com.mx,Member,TRUE,Hutchison Ports TILH,,Ultima Milla
Josue Navarro,jonavarro@ppc.com.pa,Member,TRUE,Panama Ports Company,,Operaciones
Josue Nino,jnino@ppc.com.pa,Member,TRUE,Panama Ports Company,,Operaciones
Josue Rascon Medrano,rascon.josue@enseit.com,Member,TRUE,Hutchison Ports EIT,,Vacios EIT
Joycelyn McIntosh,Mcintosh.Joycelyn@fcpbahamas.com,Member,TRUE,Freeport Container Port,,FCP Engineering Department
jriascos,jriascos_agpagencia.com#EXT#@icavecommx0.onmicrosoft.com,Guest,,,Invitation,
Juan  Sucre,jsucre@ppc.com.pa,Member,TRUE,Panama Ports Company,,Asuntos Gubernamentales
Juan Alvarez Hernández,alvarez.juan@icave.com.mx,Member,TRUE,Hutchison Ports ICAVE,,Gerencia General
Juan Antonio Manjarrez Cuahunte,jmanjarrez_competimex.com#EXT#@icavecommx0.onmicrosoft.com,Guest,,,Invitation,
Juan Calvillo Lizardi,calvillo.juan@lctpc.com.mx,Member,TRUE,Hutchison Ports LCT,,Subgerencia de Mantenimiento
Juan Carlos  Gómez,jgomez@ppc.com.pa,Member,TRUE,Panama Ports Company,,Tecnología de Información
Juan Carlos Aguilar Mandujano,aguilar.juan@lctpc.com.mx,Member,TRUE,Hutchison Ports LCT,,Subgerencia de Planeacion
Juan Carlos Fernández Casillas,fernandezc.juan@icave.com.mx,Member,TRUE,Hutchison Ports México,,Dirección de Operaciones
Juan Carlos Garcia Vela,garciav.juan@icave.com.mx,Member,TRUE,Hutchison Ports ICAVE,,Seguridad y Salud Ocupacional
Juan Carlos Gomez Romero,gomez.juan@tnghph.com.mx,Member,TRUE,Hutchison Ports TNG,,Warehouse & Finance
Juan Carlos Hernández Díaz,hernandez.juan@enseit.com,Member,TRUE,Hutchison Ports EIT,,Muelle
Juan Carlos Jiménez,jcjimenez@ppc.com.pa,Member,TRUE,Panama Ports Company,,Operaciones
Juan Carlos Maldonado Montagner,maldonado.juan@tnghph.com.mx,Member,TRUE,Hutchison Ports TNG,,Production & Maintenance
Juan Carlos Martinez Torres,martinez.juan@icave.com.mx,Member,TRUE,Hutchison Ports ICAVE,,Gerencia de Administración
Juan Carlos Montaño Palacios,montano.juan@icave.com.mx,Member,TRUE,Hutchison Ports ICAVE,,Gerencia de Operaciones
Juan Carlos Perez Chavez,perez.juan@hutchisonports.com.mx,Member,TRUE,Hutchison Ports ICAVE,,Gerencia Senior de Recursos Humanos
Juan Carlos Perez Zaragoza LCMT,perez.juanmt@lcmt.mx,Member,TRUE,Hutchison Ports LCMT,,Operaciones
Juan Carlos Rodriguez Mendoza,rodriguez.juan@icave.com.mx,Member,TRUE,Hutchison Ports ICAVE,,Mantenimiento
Juan Carlos Soya Morales,soya.juan@tnghph.com.mx,Member,TRUE,Hutchison Ports TNG,,Production & Maintenance
Juan Castro,jcastro@ppc.com.pa,Member,TRUE,Panama Ports Company,,Ingeniería
Juan de Gracia,judegracia@ppc.com.pa,Member,TRUE,Panama Ports Company,,Ingeniería
Juan Diego González Díaz,gonzalez.diego@icave.com.mx,Member,TRUE,Hutchison Ports ICAVE,,Gerencia de Operaciones
Juan Diego Lopez Lara,sup.recubrimiento@tnghph.com.mx,Member,TRUE,Hutchison Ports TNG,,Production & Maintenance
Juan Diego Salgado Santibañez,salgado.juan@lctpc.com.mx,Member,TRUE,Hutchison Ports LCT,,Jefatura de Patio
Juan Diego Vargas Hernández,Vargas.diego@lctpc.com.mx,Member,TRUE,Hutchison Ports LCT,,Jefatura de Riesgos
Juan Diego Vargas Hernández LCMT,vargas.diegomt@lcmt.mx,Member,FALSE,Hutchison Ports LCMT,,
Juan Enseñatt,jensenatt@ppc.com.pa,Member,TRUE,Panama Ports Company,,Seguridad Industrial
Juan Felipe Medina Alvarez,medina.juan@lctpc.com.mx,Member,TRUE,Hutchison Ports LCT,,Jefatura de Muelle
Juan Francisco Galvan Matos,galvan.juan@hutchisonports.com.mx,Member,TRUE,Hutchison Ports ICAVE,,Planning Center
Juan Francisco Medeles Ramos,medeles.juan@timsamx.com,Member,TRUE,Hutchison Ports TIMSA,,Torre de Control
Juan Ignacio Gonzalez Luna,gonzalez.juan@timsamx.com,Member,TRUE,Hutchison Ports TIMSA,,Patio de Vacios
Juan Jesús Cuevas Castro,cuevas.jesus@icave.com.mx,Member,TRUE,Hutchison Ports ICAVE,,Gerencia de Administración
Juan José Antonio Zamudio Velasco,zamudio.jose@tnghph.com.mx,Member,TRUE,Hutchison Ports TNG,,Maintenance
Juan Jose Cazares Ojeda,cazares.juan@enseit.com,Member,TRUE,Hutchison Ports EIT,,Seguridad y Proteccion EIT
Juan Jose Duarte Sarmiento,duarte.juan@tnghph.com.mx,Member,TRUE,Hutchison Ports TNG,,Maintenance
Juan José Fernández Montiel,fernandez.juan@icave.com.mx,Member,TRUE,Hutchison Ports ICAVE,,Gerencia General
Juan Luis Pontifice Cisneros,pontifice.juan@lctpc.com.mx,Member,TRUE,Hutchison Ports LCT,,Jefatura de Vacios
Juan Luis Vazquez Morales,vazquez.juan@lctpc.com.mx,Member,TRUE,Hutchison Ports LCT,,Jefatura de Sistemas Portuarios
Juan Manuel López Crespo,lopez.juan@icave.com.mx,Member,TRUE,Hutchison Ports ICAVE,,Gerencia de Administración
Juan Manuel Lopez Rutilo,lopez.juanm@lctpc.com.mx,Member,TRUE,Hutchison Ports LCT,,Jefatura de Vacios
Juan Manuel Sanchez Palma,sanchez.juan@lctpc.com.mx,Member,TRUE,Hutchison Ports LCT,,Previos
Juan Martin Jimenez Rivera,sop.apps2@timsamx.com,Member,TRUE,Asesoría Técnica,,Sistemas
Juan Martinez,jcmartinez@ppc.com.pa,Member,TRUE,Panama Ports Company,,Ingeniería
Juan Mendoza,jmendoza@ppc.com.pa,Member,TRUE,Panama Ports Company,,Operaciones
Juan Miguel Andrade Gonzalez,andrade.juan@enseit.com,Member,TRUE,Hutchison Ports EIT,,Planeacion
Juan Miguel Avendaño Angulo,javendanoa@enseit.com,Member,TRUE,Hutchison Ports EIT,,Mantenimiento
Juan Montero,jumontero@ppc.com.pa,Member,TRUE,Panama Ports Company,,Operaciones
Juan Octavio Arroyo Rodriguez,arroyo.juan@enseit.com,Member,TRUE,Hutchison Ports EIT,,Sistemas
Juan Oscar Ascolani Castañeda,oascolani@enseit.com,Member,TRUE,Hutchison Ports EIT,,Mantenimiento
Juan Pablo García Jiménez,garcia.juan@hutchisonports.com.mx,Member,TRUE,Hutchison Ports México,,Dirección Ejecutiva HP México
Juan Pablo Ramirez Santana,ss.facturacion@tilh.com.mx,Member,TRUE,Hutchison Ports TILH,,Jefatura de Administración Aduanal
Juan Pedro Santana Santana,servicios.ti@tilh.com.mx,Member,TRUE,Hutchison Ports TILH,,Jefatura de Desarrollo y Aplicaciones
Juan Ramón Parra Lara,parra.juan@enseit.com,Member,TRUE,Hutchison Ports EIT,,Planeacion Financiera
Juan Salvador Ramírez Mendoza,ramirez.juan@icave.com.mx,Member,TRUE,Hutchison Ports ICAVE,,Gerencia de Operaciones
Juan Valdes,valdes.juan@fcpbahamas.com,Member,TRUE,Freeport Container Port,,FCP Corporate Affairs
Julez Seymour,Seymour.Julez@fhcbahamas.com,Member,TRUE,Freeport Harbour Company,,FHC Marine Control Department
"Julia Ho (Hutchison Ports, HR-O&MD)",Ho.JuliaCY_hutchisonports.com#EXT#@icavecommx0.onmicrosoft.com,Guest,,,Invitation,
Julian Martinez,jumartinez@ppc.com.pa,Member,TRUE,Panama Ports Company,,Operaciones
Julian Torrero,jtorrero@ppc.com.pa,Member,TRUE,Panama Ports Company,,Operaciones
Julianne Chase,jchase@ppc.com.pa,Member,TRUE,Panama Ports Company,,Direccion Comercial
juliet,juliet_sillymatter.com#EXT#@icavecommx0.onmicrosoft.com,Guest,,,Invitation,
Julieta Fabiola Fraga Martínez,fraga.julieta@enseit.com,Member,TRUE,Hutchison Ports EIT,,SOSYPA
Juliette Carrion,jcarrion@ppc.com.pa,Member,TRUE,Panama Ports Company,,Recursos Humanos
Julio Abelardo Ortiz Cebrero,ortiz.julio@lcmt.mx,Member,TRUE,Hutchison Ports LCMT,,Subgerencia de Operaciones MT
Julio Adalberto Cohen Rivas,cohen.julio@tnghph.com.mx,Member,TRUE,Hutchison Ports TNG,,Mantenimiento
Julio Adrían Rodríguez Ortíz,rodriguez.julio@icave.com.mx,Member,TRUE,Hutchison Ports ICAVE,,Infraestructura
Julio Alejandro Millán Costabile,jamillan_competimex.com#EXT#@icavecommx0.onmicrosoft.com,Guest,,,Invitation,
Julio Cesar Arceo Galindo,arceo.julio@icave.com.mx,Member,TRUE,Hutchison Ports ICAVE,,Gerencia de Operaciones
Julio César Casiano Quevedo,casiano.julio@icave.com.mx,Member,TRUE,Hutchison Ports ICAVE,,Gerencia de Administración
Julio César López Malfabón,lopez.cesar@lctpc.com.mx,Member,TRUE,Hutchison Ports LCT,,Jefatura de Relaciones Laborales
Julio César Mejía Arce,mejia.julio@icave.com.mx,Member,TRUE,Hutchison Ports México,,Dirección Ejecutiva HPH México
Julio Cesar Najera Rodriguez,najera.julio2@hutchisonports.com.mx,Member,TRUE,Hutchison Ports México,,Dirección de Finanzas y Administración
Julio Cesar Najera Rodriguez,najera.julio@lctpc.com.mx,Member,TRUE,Hutchison Ports LCT,,Subgerencia  de Compras y Servicios
Julio César Olvera García,olvera.julio@timsamx.com,Member,TRUE,Hutchison Ports TIMSA,,Almacen CFS
Julio César Pantoja Enríquez,pantoja.julio@icave.com.mx,Member,TRUE,Hutchison Ports México,,Dirección de Finanzas y Administración
Julio Cesar Rivera Gil,rivera.julio@tilh.com.mx,Member,TRUE,Hutchison Ports TILH,,Planning Center
Julio Cesar Sanchez Navarrete,sanchez.julio@timsamx.com,Member,TRUE,Hutchison Ports TIMSA,,Ingenieria y Desarrollo
Julio Salado,jsalado@ppc.com.pa,Member,TRUE,Panama Ports Company,,Ingeniería
"June Chan (CKHH - Senior Manager - Group Management Services, GMS)",JuneC_ckh.com.hk#EXT#@icavecommx0.onmicrosoft.com,Guest,,,Invitation,
"June Tam (Hutchison Ports, FINANCE)",tam.juneht_hutchisonports.com#EXT#@icavecommx0.onmicrosoft.com,Guest,,,Invitation,
Justo Pineda,jpineda@ppc.com.pa,Member,TRUE,Panama Ports Company,,Operaciones
Juventino Bladimir Teyes de la Cruz,teyes.juventino@timsamx.com,Member,TRUE,Hutchison Ports TIMSA,,Subgerencia de Mantenimiento
Kadesha Russell,Russell.Kadesha@fcpbahamas.com,Member,TRUE,Freeport Container Port,,Human Resources Department
Kadir Rojas,krojas@ppc.com.pa,Member,TRUE,Panama Ports Company,,Tecnología de Información
Kal User,kaluser@FCPBS.COM,Member,TRUE,,,
Karen Del Carmen Solano Garcia,solano.karen@hutchisonports.com.mx,Member,TRUE,Hutchison Ports ICAVE,,Gerencia de Administración
Karen Dellaneyra Hernandez Gonzalez,hernandez.karen@timsamx.com,Member,TRUE,Hutchison Ports TIMSA,,Compras
Karen Gisselle Lara Garcia,lara.karen@tnghph.com.mx,Member,TRUE,Hutchison Ports TNG,,Human Resources
Karen Guadalupe Abarca Espino,abarca.karen@icavecommx0.onmicrosoft.com,Member,TRUE,Hutchison Ports LCT,,Jefatura de Control y Equipo
Karen Liset Madrigal Michel,madrigal.karen@timsamx.com,Member,TRUE,Hutchison Ports TIMSA,,Sistema de Gestion Integrado
"Karen Pinto (SEC, Contractor)",kpinto@ppc.com.pa,Member,TRUE,Panama Ports Company,,Protección y Seguridad
Karen Rocio Salazar Pardiñas,karen.salazar_brivesoluciones.com#EXT#@icavecommx0.onmicrosoft.com,Guest,,,Invitation,
Karen Rodriguez,karen.rodriguez_garrigues.com#EXT#@icavecommx0.onmicrosoft.com,Guest,,,Invitation,
karen.castillo,karen.castillo_glovis.mx#EXT#@icavecommx0.onmicrosoft.com,Guest,,,Invitation,
Karina Cortes Gallardo,cortes.karina@hutchisonports.com.mx,Member,TRUE,Hutchison Ports México,,Dirección de Finanzas y Administración
Karina Cristell Gomez Cruz,gomez.karina@tnghph.com.mx,Member,TRUE,Hutchison Ports TNG,,Warehouse & Finance
Karina Maldonado Esquivel,maldonado.karina@lctpc.com.mx,Member,TRUE,Hutchison Ports LCT,,Subgerencia de Planeacion
Karina Ramos,kramos@ppc.com.pa,Member,TRUE,Panama Ports Company,,Operaciones
Karina Rocio Sanchez Gil,sanchezg.karina@icave.com.mx,Member,TRUE,Hutchison Ports México,,Gerencia Senior de Recursos Humanos
Karina Sánchez Bracamontes,sanchezb.karina@lctpc.com.mx,Member,TRUE,Hutchison Ports LCT,,Subgerencia de Mantenimiento
Karina Sánchez Bracamontes LCMT,sanchezb.karinamt@lcmt.mx,Member,FALSE,Hutchison Ports LCMT,,
Karina Sánchez Matus,sanchez.karina@icave.com.mx,Member,TRUE,Hutchison Ports ICAVE,,Gerencia de Administración
Karla Danitza Dominguez Tenorio,consultor.td@hutchisonports.com.mx,Member,TRUE,Hutchison Ports ICAVE,,Transformacion Digital para Clientes
Karla Flores,kaflores@ppc.com.pa,Member,TRUE,Panama Ports Company,,Seguridad y Proteccion Portuaria
Karla Gabriela Garrido de la Cruz,garrido.karla@icavecommx0.onmicrosoft.com,Member,TRUE,Asesoria Técnica,,Subgerencia de TI
Karla Gabriela Osegueda Martinez,osegueda.karla@timsamx.com,Member,TRUE,Hutchison Ports TIMSA,,Torre de Control
Karla Giovana Matias Lopez,matias.karla@icave.com.mx,Member,TRUE,Hutchison Ports ICAVE,,Seguridad y Salud Ocupacional
Karla Gutierrez Hernandez,gutierrez.karla@icave.com.mx,Member,TRUE,Hutchison Ports ICAVE,,Seguridad Portuaria
Karla Iliana Delgado Santana,kdelgado@enseit.com,Member,TRUE,Hutchison Ports EIT,,Almacen CFS
Karla Johana Esquivel Zuñiga,esquivel.karla@enseit.com,Member,TRUE,Hutchison Ports EIT,,SOSYPA EIT
Karla Mariscal,kmariscal@ppc.com.pa,Member,TRUE,Panama Ports Company,,Ingeniería
Karla Montañez Tapia,kmontanez@enseit.com,Member,TRUE,Hutchison Ports EIT,,Facturación y Control de Ingresos
Karla Oliva Lara Castro,lara.karla@hutchisonports.com.mx,Member,TRUE,Hutchison Ports México,,Dirección de Comercialización
Karla Rubí Hernández Cruz,aux.servtec@tilh.com.mx,Member,TRUE,Asesoria Técnica,,Mantenimiento
Karla Yanetssi Tovar Flores,ktovar@enseit.com,Member,TRUE,Hutchison Ports EIT,,Contabilidad
Karol Godar Tirado,godar.karol@lctpc.com.mx,Member,TRUE,Hutchison Ports LCT,,Gerencia de Comercialización
Karynn Mosqueda Palafox,kmosqueda@enseit.com,Member,TRUE,Hutchison Ports EIT,,Comercializacion
kate.vilchis,kate.vilchis_warantum.com.mx#EXT#@icavecommx0.onmicrosoft.com,Guest,,,Invitation,
Katherine Alabarca,kalabarca@ppc.com.pa,Member,TRUE,Panama Ports Company,,Operaciones
Katherine Castillo,kcastillo@ppc.com.pa,Member,TRUE,Panama Ports Company,,Seguridad Industrial
Katherine Vergara,kvergara@ppc.com.pa,Member,TRUE,Panama Ports Company,,Finanzas
Kathia Barsallo,kbarsallo@ppc.com.pa,Member,TRUE,Panama Ports Company,,Recursos Humanos
Kathiuska Saavedra,ksaavedra@ppc.com.pa,Member,TRUE,Panama Ports Company,,Operaciones
Katia Anahi Leon Vargas,aux.compras@tilh.com.mx,Member,TRUE,Hutchison Ports TILH,,Compras y Servicios
Katia Gisela Salas Galeana,salas.katia@lctpc.com.mx,Member,TRUE,Hutchison Ports LCT,,Subgerencia de Planeación Financiera
Katia Margarita Bermudez Rosado,bermudez.katia@icave.com.mx,Member,TRUE,Hutchison Ports México,,Dirección de Operaciones
katiabermudez1,katiabermudez1_gmail.com#EXT#@icavecommx0.onmicrosoft.com,Guest,,,Invitation,
Katiana Prado,kprado@ppc.com.pa,Member,TRUE,Panama Ports Company,,Proteccion y Seguridad
"Katiani Prado (SEC, Contractor)",kaprado@ppc.com.pa,Member,TRUE,Panama Ports Company,,Protección y Seguridad
katthy2510,katthy2510_gmail.com#EXT#@icavecommx0.onmicrosoft.com,Guest,,,Invitation,
Katya Susana Cid Arellano,cid.katya@lctpc.com.mx,Member,TRUE,Hutchison Ports LCT,,Salud Ocupacional y Seguridad
Kauan Torci (TIL Group),kauan.torci_tilgroup.com#EXT#@icavecommx0.onmicrosoft.com,Guest,,,Invitation,
Kayla Rolle,rolle.kayla@fhcbahamas.com,Member,TRUE,Freeport Harbour Company,,FHC Security Department
Kayla Saunders,Saunders.Kayla@fhcbahamas.com,Member,TRUE,Freeport Harbour Company,,FHC Cargo Department
Kayleisha Burrows,burrows.kayleisha@fcpbahamas.com,Member,TRUE,Freeport Container Port,,Human Resources Department
Keeron Butler,butler.keeron@fcpbahamas.com,Member,TRUE,Freeport Container Port,,FCP Engineering Department
Keiannah Charlton,charlton.keiannah@fcpbahamas.com,Member,TRUE,Freeport Container Port,,FCP Engineering Department
Keithlyn Russell,Russell.Keithlyn@fcpbahamas.com,Member,TRUE,Freeport Container Port,,FCP Operations Department
Kelibeth Rodriguez,krodriguez@ppc.com.pa,Member,TRUE,Panama Ports Company,,Seguridad Industrial
Kenia Guadalupe Ramirez Govea,ramirez.kenia@timsamx.com,Member,TRUE,Hutchison Ports TIMSA,,Ingresos
Kenia Lizbeth Aguilar Espinoza,aguilar.kenia@timsamx.com,Member,TRUE,Hutchison Ports TIMSA,,Control Tower
Kenneth Bravo,kbravo@ppc.com.pa,Member,TRUE,Panama Ports Company,,Operaciones
Kenneth Hendfield,Hendfield.Kenneth@fcpbahamas.com,Member,TRUE,Freeport Container Port,,FCP Security Department
Kenneth Smith,Smith.Kenneth@fcpbahamas.com,Member,TRUE,Freeport Container Port,,FCP Engineering Department
Kentrea Stuart,Stuart.Kentrea@fcpbahamas.com,Member,TRUE,Freeport Container Port,,Human Resources Department
Keva Clarke,clarke.keva@fhcbahamas.com,Member,TRUE,Freeport Harbour Company,,FHC Security Department
Kevin Arevalo López,arevalo.kevin@lctpc.com.mx,Member,TRUE,Hutchison Ports LCT,,Subgerencia de Informacion Financiera
Kevin Ariel Luis Alvarado,luis.kevin@enseit.com,Member,TRUE,Hutchison Ports EIT,,Almacen
Kevin Daniel Lopez Mijangos,lopezm.kevin@lctpc.com.mx,Member,TRUE,Hutchison Ports LCT,,Jefatura de Relaciones Laborales
Kevin De la Cruz,kdelacruz@ppc.com.pa,Member,TRUE,Panama Ports Company,,Operaciones
Kevin Frias,kfrias@ppc.com.pa,Member,TRUE,Panama Ports Company,,Recursos Humanos
Kevin Ivan Peñaloza Flores,penaloza.kevin@lctpc.com.mx,Member,TRUE,Hutchison Ports LCT,,Jefatura de Telecomunicaciones
Kevin Jaret Sereno Mendoza,sereno.kevin@lctpc.com.mx,Member,TRUE,Hutchison Ports LCT,,Subgerencia de Mantenimiento
Kevin Katich Hernandez,katich.kevin@enseit.com,Member,TRUE,Hutchison Ports EIT,,Finanzas y Productividad
Kevin Limón Torres,klimon@enseit.com,Member,TRUE,Hutchison Ports EIT,,Calidad y Mejora Continua EIT
KEVIN MONTES TRONCO,l22020205_veracruz.tecnm.mx#EXT#@icavecommx0.onmicrosoft.com,Guest,,,Invitation,
Kevin Nayib Tamariz Lopez,tamariz.kevin@hutchisonports.com.mx,Member,TRUE,Hutchison Ports ICAVE,,Tecnologias de la Información
Kevin Newry,Newry.Kevin@fcpbahamas.com,Member,TRUE,Freeport Container Port,,FCP Operations Department
kevin.ramirez,kevin.ramirez_capstechnology.co#EXT#@icavecommx0.onmicrosoft.com,Guest,,,Invitation,
Khalila Deveaux,Deveaux.Khalila@fcpbahamas.com,Member,TRUE,Freeport Container Port,,FCP Facilities Department
khaliladeveaux,khaliladeveaux_gmail.com#EXT#@icavecommx0.onmicrosoft.com,Guest,,,Invitation,
Kinaz Rolle,rolle.kinaz@fcpbahamas.com,Member,TRUE,,,Bahamas Customs
Kintor Tynes,Tynes.Kintor@fcpbahamas.com,Member,TRUE,Freeport Container Port,,Information Technology Department
Kleber Luan Novoa Goncalves,novoa.kleber@lctpc.com.mx,Member,TRUE,Hutchison Ports LCT,,Subgerencia de Recursos Humanos
kmrodasc,kmrodasc_gmail.com#EXT#@icavecommx0.onmicrosoft.com,Guest,,,Invitation,
Kristin Parker,Parker.Kristin@fcpbahamas.com,Member,TRUE,Freeport Container Port,,FCP Finance Department
Kristopher Deveaux,deveaux.kristopher@fhcbahamas.com,Member,TRUE,Freeport Harbour Company,,FHC Cargo Department
Kronos Admin,kronadmin@FCPBS.COM,Member,TRUE,,,
kroorolop,kroorolop_gmail.com#EXT#@icavecommx0.onmicrosoft.com,Guest,,,Invitation,
KUA.SSYEDPUTRA,KUA.SSYEDPUTRA_cma-cgm.com#EXT#@icavecommx0.onmicrosoft.com,Guest,,,Invitation,
"Kuijl, Hugo van",hugo.van.kuijl_boskalis.com#EXT#@icavecommx0.onmicrosoft.com,Guest,,,Invitation,
kvillanueva,kvillanueva_transpac.com.mx#EXT#@icavecommx0.onmicrosoft.com,Guest,,,Invitation,
Kyle Greene,Greene.Kyle@fhcbahamas.com,Member,TRUE,,,FHC Facilities Department
Kyria Worrell,Worrell.Kyria@fcpbahamas.com,Member,TRUE,Freeport Container Port,,Human Resources Department
L C TERMIANL PORTUARIA DE CONTENEDORES,LCTERMIANLPORTUARIADECONTENEDORES@icavecommx0.onmicrosoft.com,Member,,,,
Labour Phone,Labour.Phone@fcpbahamas.com,Member,TRUE,,,
labourdepartment,labourdepartment_fcp.com#EXT#@icavecommx0.onmicrosoft.com,Guest,,,Invitation,
Laidy Marlenee Castorena Sanchez,castorena.laidy@tilh.com.mx,Member,TRUE,Hutchison Ports TILH,,Subgerencia de Comercializacion
Lakerah Bastian,Bastian.Lakerah@fcpbahamas.com,Member,TRUE,,,
Lakerra Francis,francis.lakerra@fhcbahamas.com,Member,TRUE,Freeport Harbour Company,,FHC Finance Department
Lashan Saunders,saunders.lashan@fhcbahamas.com,Member,TRUE,Freeport Harbour Company,,FHC Security Department
Lataunee Williams,Williams.Lataunee@fcpbahamas.com,Member,TRUE,Freeport Container Port,,FCP Finance Department
Latoya Russell-Ingraham,Russell-Ingraham.Latoya@fcpbahamas.com,Member,TRUE,Freeport Container Port,,FCP Finance Department
Latoya Thomas,thomas.latoya@fcpbahamas.com,Member,TRUE,Freeport Container Port,,Bahamas Customs
Laura Elena Leyva Martinez,leyva.laura@tilh.com.mx,Member,TRUE,Kelly Services,,Subgerencia de Comercialización
Laura Elizabeth Navarro Ponce,auxiliar.tesoreria@tilh.com.mx,Member,TRUE,Hutchison Ports TILH,,Jefatura de Egresos
Laura Gabriela Corza Manriquez,corza.laura@lctpc.com.mx,Member,TRUE,Hutchison Ports LCT,,Gerencia Comercial
Laura Isela Cebreros Velazquez,cebreros.laura@enseit.com,Member,TRUE,Hutchison Ports EIT,,Operaciones
Laura Jessica Manjarrez Rico,manjarrez.laura@hutchisonports.com.mx,Member,TRUE,Hutchison Ports LCT,,Gerencia de Comercialización LCT
Laura Lara Sandoval,lara.laura@hutchisonports.com.mx,Member,TRUE,Hutchison Ports México,,Gerencia de Administración
Laura Norely Lagunes Tellez,lagunes.laura@tnghph.com.mx,Member,TRUE,Hutchison Ports TNG,,Human Resources
Laura Vargas,lvargas@ppc.com.pa,Member,TRUE,Panama Ports Company,,Finanzas
Laura Yadira Rodriguez Sanchez,lrodriguezs@enseit.com,Member,TRUE,Hutchison Ports ECV,,Gerencia de Operaciones
laurayadira.rodriguez,laurayadira.rodriguez_gmail.com#EXT#@icavecommx0.onmicrosoft.com,Guest,,,Invitation,
Lázaro Ademir Rodríguez Castañón,rodriguez.lazaro@enseit.com,Member,TRUE,Hutchison Ports EIT,,Sistemas
LC Báscula,bascula.lc@lctpc.com.mx,Member,TRUE,Hutchison Ports LCT,,Jefatura de Vacios
LCL Operaciones,lcl.operaciones@icave.com.mx,Member,TRUE,Hutchison Ports ICAVE,,Gerencia de Operaciones
lct ocr OCR,ocr.lct@lctpc.com.mx,Member,TRUE,Hutchison Ports LCT,,Subgerencia de Sistemas
LCT Test,lcttest@icavecommx0.onmicrosoft.com,Member,,,,
Learning Is-fun,Learning-Is-fun@fcpbahamas.com,Member,TRUE,,,
Learning Is Fun,Learningisfun@fcpbahamas.com,Member,TRUE,,,
lecona.jorgem,lecona.jorgem_hutchisonports.com#EXT#@icavecommx0.onmicrosoft.com,Guest,,,Invitation,
lee,lee_waughconstruction.com#EXT#@icavecommx0.onmicrosoft.com,Guest,,,Invitation,
Lefred Stubbs,Stubbs.Lefred@fcpbahamas.com,Member,TRUE,Freeport Container Port,,FCP Security Department
Legal,legal@ppc.com.pa,Member,TRUE,Panama Ports Company,,"Legal, Seguros y Reclamos"
Leidy Diana Pineda,lpineda@ppc.com.pa,Member,TRUE,Panama Ports Company,,Finanzas
Lenessa Coverley,coverley.lenessa@fhcbahamas.com,Member,TRUE,Freeport Harbour Company,,FHC Security Department
Leon David Piña Lagunes,pina.david@hutchisonports.com.mx,Member,TRUE,Hutchison Ports México,,Dirección de Operaciones
Leon Ellis,ellis.leon@fcpbahamas.com,Member,TRUE,Freeport Container Port,,FCP Finance Department
Leonard Batista,lbatista@ppc.com.pa,Member,TRUE,Panama Ports Company,,Direccion de Operaciones
Leonard Hudson,Hudson.Leonard@FHCBAHAMAS.COM,Member,TRUE,Freeport Harbour Company,,FHC Marine Control Department
Leonardo Andres Marcelo Posadas,leonardo.marcelo_cybolt.com#EXT#@icavecommx0.onmicrosoft.com,Guest,,,Invitation,
Leonardo Antonio Vargas Lopez,vargas.leonardo@lctpc.com.mx,Member,TRUE,Hutchison Ports LCT,,Jefatura de Proteccion Portuaria
Leonardo Francisco Guzmán Trujillo,guzman.leonardo@icave.com.mx,Member,TRUE,Hutchison Ports ICAVE,,Gerencia de Operaciones
Leonardo Gabriel Gonzalez Espinoza,gonzalez.leonardo@tilh.com.mx,Member,TRUE,Hutchison Ports TILH,,Jefatura de Patio y FFCC
Leonardo Morales Murillo,morales.leonardo@lctpc.com.mx,Member,TRUE,Hutchison Ports LCT,,Subgerencia de Servicios a la Carga
Leonardo Morales Murillo LCMT,morales.leonardomt@lcmt.mx,Member,FALSE,Hutchison Ports LCMT,,
Leonardo Sanchez Arroyo,sanchez.leonardo@icave.com.mx,Member,TRUE,Hutchison Ports ICAVE,,Gerencia de Operaciones
Leonel  Arguello,larguello@ppc.com.pa,Member,TRUE,Panama Ports Company,,Recursos Humanos
Leonel de Jesús Cabrera Cárdenas,cabrera.leonel@lctpc.com.mx,Member,TRUE,Hutchison Ports LCT,,Jefatura de Sistemas Portuarios
Leoni Linden,linden.leoni@fhcbahamas.com,Member,TRUE,Freeport Harbour Company,,FHC Security Department
Leopoldo Jardón Granados,jardon.leopoldo@icave.com.mx,Member,TRUE,Hutchison Ports ICAVE,,Gerencia General
Leovardo Francisco Martínez,martinez.leovardo@icave.com.mx,Member,TRUE,Hutchison Ports ICAVE,,Gerencia de Operaciones
Lesley Guadalupe De Jesus Casarrubias,dejesus.lesley@lctpc.com.mx,Member,TRUE,Hutchison Ports LCT,,Subgerencia de Planeacion
Leslie Von Chong,lvonchong@ppc.com.pa,Member,TRUE,Panama Ports Company,,Seguridad Industrial
Leslye Shantell Astudillo Carrasco,supervisor.mcc@icave.com.mx,Member,TRUE,Manpower,,Calidad y Mejora Continua
Leticia Cisneros Moreno,cisneros.leticia@tnghph.com.mx,Member,TRUE,Hutchison Ports TNG,,Purchasing
Leticia Mejia Espinoza,mejia.leticia@timsamx.com,Member,TRUE,Hutchison Ports TIMSA,,Recursos Humanos
Leticia Romero Lozano,romero.leticia@icave.com.mx,Member,TRUE,Hutchison Ports México,,Gerencia de Administración
Leydi Sanchez Gutierrez,sanchez.leydi@hutchisonports.com.mx,Member,TRUE,Hutchison Ports México,,Gerencia de Administración
"Leydi Serracin (SEC, Contractor)",lserracin@ppc.com.pa,Member,TRUE,Panama Ports Company,,Protección y Seguridad
Leyla Dominguez,ledominguez@ppc.com.pa,Member,TRUE,Panama Ports Company,,Finanzas
Leyvis Castro,lcastro@ppc.com.pa,Member,TRUE,Panama Ports Company,,Seguridad Industrial
lgomez,lgomez_joaseguros.com#EXT#@icavecommx0.onmicrosoft.com,Guest,,,Invitation,
Liberaciones LCTPC,liberaciones.lctpc@icavecommx0.onmicrosoft.com,Member,,,,
lic.salvador,lic.salvador_marvanycadinanos.com#EXT#@icavecommx0.onmicrosoft.com,Guest,,,Invitation,
Licea Alvarez Dolores,alvarez.licea@lctpc.com.mx,Member,TRUE,Hutchison Ports LCT,,Jefatura de Sosypa
Licitaciones PPC,licitaciones@ppc.com.pa,Member,TRUE,Panama Ports Company,,Cadena de Abastecimiento
Licitaciones TNG,licitaciones.tng@tnghph.com.mx,Member,TRUE,Hutchison Ports TNG,,Legal
Lideres Proteccion POB,lproteccionpob@ppc.com.pa,Member,TRUE,Panama Ports Company,,Seguridad y Proteccion Portuaria
Lideres Proteccion POC,lproteccionpoc@ppc.com.pa,Member,TRUE,Panama Ports Company,,Seguridad y Proteccion Portuaria
Lilia Juárez González,juarez.lilia@lctpc.com.mx,Member,TRUE,Hutchison Ports LCT,,Subgerencia de Ingresos y Control Aduanero
Lilia Juárez González LCMT,juarez.liliamt@lcmt.mx,Member,FALSE,Hutchison Ports LCMT,,
lilia.lopez,lilia.lopez_msc.com#EXT#@icavecommx0.onmicrosoft.com,Guest,,,Invitation,
Lilian Macias Villalobos,macias.lilian@timsamx.com,Member,TRUE,Hutchison Ports TIMSA,,Planeacion Financiera
Liliana,liliana_beiranaconsultores.com#EXT#@icavecommx0.onmicrosoft.com,Guest,,,Invitation,
Liliana Barrientos Rodríguez,barrientos.liliana@lctpc.com.mx,Member,TRUE,Hutchison Ports LCT,,Subgerencia de Servicios a la Carga
Liliana Karina Solorio Garcia,tecnico.soporte3@enseit.com,Member,TRUE,Hutchison Ports EIT,,Sistemas
Liliane Negrete Frebault,negrete.liliane@tnghph.com.mx,Member,TRUE,Hutchison Ports TNG,,Customer Service and Customer Satisfaction
Lily Zhang,lzhang@ppc.com.pa,Member,TRUE,Panama Ports Company,,Compras
lin.lindacy,lin.lindacy_hutchisonports.com#EXT#@icavecommx0.onmicrosoft.com,Guest,,,Invitation,
linolemus,linolemus_abogados-ola.com.mx#EXT#@icavecommx0.onmicrosoft.com,Guest,,,Invitation,
linolemustrinidad,linolemustrinidad_gmail.com#EXT#@icavecommx0.onmicrosoft.com,Guest,,,Invitation,
Lisbeth  Vega,lvega@ppc.com.pa,Member,TRUE,Panama Ports Company,,Recursos Humanos
Lisbeth Vanegas Hip,LVenegas@enseit.com,Member,TRUE,Hutchison Ports EIT,,Patio
Liss  Quintero,liquintero@ppc.com.pa,Member,TRUE,Panama Ports Company,,Cadena de Abastecimiento
litzi.solares,litzi.solares_glovis.mx#EXT#@icavecommx0.onmicrosoft.com,Guest,,,Invitation,
Litzy Kenia Bañuelos Pedrizco,banuelos.litzy@lctpc.com.mx,Member,TRUE,Hutchison Ports LCT,,Gerencia Comercial
Litzy Kenia Bañuelos Pedrizco,asistente.proyecto02@lctpc.com.mx,Member,TRUE,Hutchison Ports LCT,,Gerencia Comercial
Litzy Oriana Sanchez Pineda,sanchez.litzy@lctpc.com.mx,Member,TRUE,Hutchison Ports LCT,,Subgerencia de Planeacion
Liz itzel Rodriguez Mendoza,rodriguez.liz@tilh.com.mx,Member,TRUE,Hutchison Ports TILH,,Jefatura de Planeación
"Liz Rodriguez (SEC, Contractor)",lrodriguez@ppc.com.pa,Member,TRUE,Panama Ports Company,,Protección Portuaria
Lizbet Sánchez Olivares,sanchez.lizbet@icave.com.mx,Member,TRUE,Hutchison Ports ICAVE,,"Subgerencia de Compras, Servicios y Digitalización"
Lizbeth Piña Zuñiga,pina.lizbeth@lctpc.com.mx,Member,TRUE,Hutchison Ports LCT,,Controlador en Capacitacion Apto
Lizette Trinidad Aburto,trinidad.lizette@tnghph.com.mx,Member,TRUE,Hutchison Ports TNG,,Purchasing
liztene,liztene_hotmail.com#EXT#@icavecommx0.onmicrosoft.com,Guest,,,Invitation,
Llimini Solis,lsolis@ppc.com.pa,Member,TRUE,Panama Ports Company,,Operaciones
Local Admin,admin@icavecommx0.onmicrosoft.com,Member,,,,
Lohana Minerva Vasseur Sánchez,vasseur.lohana@icave.com.mx,Member,TRUE,Hutchison Ports México,,Dirección de Finanzas y Administración
Lorena Montiel Arreola,montiel.lorena@lctpc.com.mx,Member,TRUE,Hutchison Ports LCT,,Jefatura de Almacen de Refacciones
Lorenzo Campos Calvario,campos.lorenzo@timsamx.com,Member,TRUE,Hutchison Ports TIMSA,,Mantenimiento
Lorenzo McIntosh,mcintosh.lorenzo@fhcbahamas.com,Member,TRUE,Freeport Harbour Company,,FHC Facilities Department
Lourdes  Navarro,lnavarro@ppc.com.pa,Member,TRUE,Panama Ports Company,,Finanzas
Lourdes Guevara,lguevara@ppc.com.pa,Member,TRUE,Panama Ports Company,,Finanzas
ltoral,ltoral_autosise.com.mx#EXT#@icavecommx0.onmicrosoft.com,Guest,,,Invitation,
Lucero Hernández Ruiz,medico.tilh@tilh.com.mx,Member,TRUE,Kelly Services,,Subgerencia de Mejora Continua
Lucia Ho,lho@ppc.com.pa,Member,TRUE,Panama Ports Company,,Tecnología de Información
Luciano Galindo,lgalindo@ppc.com.pa,Member,TRUE,Panama Ports Company,,Proyectos e infraestructura
"Lucien Castaneda (SEC, Contractor)",lcastaneda@ppc.com.pa,Member,TRUE,Panama Ports Company,,Protección y Seguridad
Lucila del Carmen Mora Bravo,mora.lucila@hutchisonports.com.mx,Member,TRUE,Hutchison Ports México,,Gerencia de Administración
Luis  Acquie,lacquie@ppc.com.pa,Member,TRUE,Panama Ports Company,,Ingeniería
Luis  Alberto Barroso Aquino,barroso.luis@lctpc.com.mx,Member,TRUE,Hutchison Ports LCT,,Subgerencia de Operaciones
Luis  Dutari,ldutari@ppc.com.pa,Member,TRUE,Panama Ports Company,,Operaciones
Luis  Mora,lmora@ppc.com.pa,Member,TRUE,Panama Ports Company,,Seguridad Industrial
Luis Adrian Gallegos Sanchez,gallegos.luis@enseit.com,Member,TRUE,Hutchison Ports EIT,,Planeación
Luis Alberto Alderete Navarro,alderete.luis@icave.com.mx,Member,TRUE,Hutchison Ports ICAVE,,Muelle
Luis Alberto Barroso Aquino LCMT,barroso.luismt@lcmt.mx,Member,FALSE,Hutchison Ports LCMT,,
Luis Alberto Campos Cazarin,campos.luis@icave.com.mx,Member,TRUE,Hutchison Ports ICAVE,,Seguridad y Salud Ocupacional
Luis Alberto Espinoza Hernandez,espinoza.luis@icave.com.mx,Member,TRUE,Hutchison Ports ICAVE,,"Subgerencia de Compras, Servicios y Digitalización"
Luis Alberto Jimenez Dimas,jimenezd.luis@icave.com.mx,Member,TRUE,Hutchison Ports ICAVE,,Subgerencia de Mantenimiento ICAVE
Luis Alberto Montiel Mendoza,montiel.luis@tilh.com.mx,Member,TRUE,Hutchison Ports TILH,,Jefatura de Operaciones
Luis Aldair García Téllez,garciat.luis@icave.com.mx,Member,TRUE,Asesoria Técnica,,Control Tower
Luis Alejandro Gonzalez Lagarda,gonzalez.alejandro@lctpc.com.mx,Member,TRUE,Hutchison Ports LCT,,Subgerencia de Planeacion
Luis Angel Castellanos Dominguez,castellanos.luis@tnghph.com.mx,Member,TRUE,Hutchison Ports TNG,,Human Resources
Luis Ángel Cruz Pérez,cruz.luis@lctpc.com.mx,Member,TRUE,Hutchison Ports LCT,,Jefatura de Vacios
Luis Angel Jimenez Delgado LCMT,jimenez.angelmt@lcmt.mx,Member,TRUE,Hutchison Ports LCMT,,Operaciones
Luis Anselmo Aleman Falcon,aleman.luis@tnghph.com.mx,Member,TRUE,Hutchison Ports TNG,,Maintenance
Luis Antonio Bello Carsolio,bello.luis@icave.com.mx,Member,TRUE,Hutchison Ports ICAVE,,Gerencia de Administración
Luis Antonio Borja Mata,borja.luis@lctpc.com.mx,Member,TRUE,Hutchison Ports LCT,,Jefatura de Vacios
Luis Antonio Lopez Cervantes,lopezc.luis@timsamx.com,Member,TRUE,Hutchison Ports TIMSA,,Recursos Humanos
Luis Antonio Pérez Martin,perez.antonio@icave.com.mx,Member,TRUE,Hutchison Ports México,,Dirección de Operaciones
Luis Armando Garcia Gallegos,lgarcia@enseit.com,Member,TRUE,Hutchison Ports EIT,,Ingeniería y Desarrollo
Luis Armando Mejia Espinoza,mejia.luis@timsamx.com,Member,TRUE,Hutchison Ports TIMSA,,CONTROL TOWER
Luis Armando Perez Castro,lperez@enseit.com,Member,TRUE,Hutchison Ports EIT,,Muelle
Luis Arturo Solis Cruz,helgen@icave.com.mx,Member,TRUE,Helgen,,Innovación
Luis Canto,lcanto@ppc.com.pa,Member,TRUE,Panama Ports Company,,Operaciones
Luis Carlos Mendoza,lcmendoza@ppc.com.pa,Member,TRUE,Panama Ports Company,,Ingeniería
Luis Chacón Lora,chacon.luis@lctpc.com.mx,Member,TRUE,Hutchison Ports LCT,,Jefatura de Patio
"Luis Cotes (SC, Contractor)",lcotes@ppc.com.pa,Member,TRUE,Panama Ports Company,,Almacén
Luis Cuero,lcuero@ppc.com.pa,Member,TRUE,Panama Ports Company,,Operaciones
Luis Daniel Sandoval Sanson,sandoval.luis@lctpc.com.mx,Member,TRUE,Hutchison Ports LCT,,Subgerencia de Mantenimiento
Luis Donato Mata Aguilera,mata.luis@lctpc.com.mx,Member,TRUE,Hutchison Ports LCT,,Gerencia de Operaciones
Luis Eduardo Hernandez Castro,soporte.desarrollo@tnghph.com.mx,Member,TRUE,Consultoría Técnica - TICSD,,Information Technology
Luis Eduardo Lezama Cepeda,lezama.luis@hutchisonlogistics.com.mx,Member,TRUE,Hutchison Ports Logistics México,,Finanzas
Luis Enrique Alvarado Vieyra,alvarado.luis@enseit.com,Member,TRUE,Hutchison Ports EIT,,Sistemas
Luis Enrique Cervantes Machain,cervantes.luis@enseit.com,Member,TRUE,Hutchison Ports EIT,,Muelle
Luis Felipe Martinez Juan,martinez.luis@timsamx.com,Member,TRUE,Hutchison Ports TIMSA,,Almacén CFS
Luis Fernando López Reyes,supervisor.opip@icave.com.mx,Member,TRUE,Manpower,,Protección Portuaria
Luis Fernando Reyes Martin,reyes.fernando@tilh.com.mx,Member,TRUE,Hutchison Ports TILH,,Contabilidad
Luis Fernando Vizcarra Núñez,vizcarra.luis@enseit.com,Member,TRUE,Hutchison Ports EIT,,Calidad y Mejora Continua
Luis Fidel Alcantar Castellanos,alcantar.luis@timsamx.com,Member,TRUE,Hutchison Ports TIMSA,,Torre de Control
Luis Figueroa Rangel,figueroar.luis@hutchisonlogistics.com.mx,Member,TRUE,Hutchison Ports Logistics México,,Comercial
Luis Flores,lflores@ppc.com.pa,Member,TRUE,Panama Ports Company,,Operaciones
Luis Francisco Castillo Saviñon,castillo.luis@hutchisonports.com.mx,Member,TRUE,Hutchison Ports ICAVE,,Gerencia de Operaciones
Luis Gerardo González Padilla,gonzalez.luis@enseit.com,Member,TRUE,Hutchison Ports EIT,,Finanzas y Productividad
Luis Gerardo Jaen Arellano,jaen.luis@icave.com.mx,Member,TRUE,Hutchison Ports ICAVE,,Gerencia de Operaciones
Luis Guerra,lguerra@ppc.com.pa,Member,TRUE,Panama Ports Company,,Operaciones
Luis Guerrero,lguerrero@ppc.com.pa,Member,TRUE,Panama Ports Company,,Proteccion y Seguridad
Luis Ignacio Malpica Carballo,malpica.luis@tnghph.com.mx,Member,TRUE,Hutchison Ports TNG,,Production & Maintenance
Luis Jesus Villarruel Martinez,villaruel.luis@enseit.com,Member,TRUE,Hutchison Ports ECV,,Sistemas
Luis Jonathan Morales Aguilar,sup.mecanico@tnghph.com.mx,Member,TRUE,Hutchison Ports TNG,,Production & Maintenance
Luis Jose Hernandez Alonso,hernandez.luis@icave.com.mx,Member,TRUE,Asesoía Técnica,,Control Tower
Luis Josue Ferreyra Calderon,ferreyra.luis@lctpc.com.mx,Member,TRUE,Hutchison Ports LCT,,Jefatura de Infraestructura y Proyectos
Luis Lopez,llopez@ppc.com.pa,Member,TRUE,Panama Ports Company,,Operaciones
Luis Mariano Juarez Martinez,mariano.juarez_telcel.com#EXT#@icavecommx0.onmicrosoft.com,Guest,,,Invitation,
Luis Mario Garcia Lobato,garcia.luis@hutchisonports.com.mx,Member,TRUE,Hutchison Ports ICAVE,,Gerencia de Operaciones
Luis Mauricio Perez Reyes,perez.luis@lctpc.com.mx,Member,TRUE,Hutchison Ports LCT,,Jefatura de Vacios
Luis Miguel Lopez Cruz,soporte.apps1@enseit.com,Member,TRUE,Asesoría Técnica – Ehecatl,,Sistemas
Luis Miguel Sánchez García,Asistente.Ca1@lctpc.com.mx,Member,TRUE,Hutchison Ports LCT,,Jefatura de Control Aduanero
Luis Miguel Sánchez García LCMT,asistenteca1.mt@lcmt.mx,Member,FALSE,Hutchison Ports LCMT,,
Luis Omar Lopez Estevez,lopez.luis@icave.com.mx,Member,TRUE,Hutchison Ports ICAVE,,Gerencia de Operaciones
Luis Pablo Plaza Martínez,plaza.luis@enseit.com,Member,TRUE,Hutchison Ports EIT,,SOSYPA EIT
Luis Padilla,lpadilla@ppc.com.pa,Member,TRUE,Panama Ports Company,,Operaciones
Luis Parada,lparada@ppc.com.pa,Member,TRUE,Panama Ports Company,,Operaciones
Luis Perea,lperea@ppc.com.pa,Member,TRUE,Panama Ports Company,,Recursos Humanos
Luis Perez,lperez@ppc.com.pa,Member,TRUE,Panama Ports Company,,Operaciones
Luis Rios,lrios@ppc.com.pa,Member,TRUE,Panama Ports Company,,Operaciones
Luis Roberto Jiménez Barrios,jimenez.luis@icave.com.mx,Member,TRUE,Hutchison Ports ICAVE,,Gerencia de Operaciones
Luis Silva,lsilva_gforceint.com#EXT#@icavecommx0.onmicrosoft.com,Guest,,,Invitation,
Luis Tapia,ltapia@ppc.com.pa,Member,TRUE,Panama Ports Company,,Operaciones
Luis Villareal,lvillareal@ppc.com.pa,Member,TRUE,Panama Ports Company,,Seguridad Industrial
Luis Yadier Fonseca García,fonseca.luis@enseit.com,Member,TRUE,Hutchison Ports EIT,,Vacios EIT
Luis Zazueta Lopez,lzazueta@enseit.com,Member,TRUE,Hutchison Ports ECV,,Operacion Cruceros
luis.vega,luis.vega_lpver.com#EXT#@icavecommx0.onmicrosoft.com,Guest,,,Invitation,
LUISMARIOBM372,LUISMARIOBM372_GMAIL.COM#EXT#@icavecommx0.onmicrosoft.com,Guest,,,Invitation,
Luissiana Gabriela Montiel Verde,montiel.luissiana@timsamx.com,Member,TRUE,Hutchison Ports TIMSA,,Planeacion
Luna Maxis,Maxis.Luna@FHCBAHAMAS.COM,Member,TRUE,Freeport Harbour Company,,FHC Marine Control Department
Lunch Room,LunchRoom@fhcbahamas.com,Member,,,,
luz,luz_digammacsi.com.mx#EXT#@icavecommx0.onmicrosoft.com,Guest,,,Invitation,
"Luz Cortes (SEC, Contractor)",lcortes@ppc.com.pa,Member,TRUE,Panama Ports Company,,Protección y Seguridad
lzc.cmacgm,lzc.cmacgm_transpac.com.mx#EXT#@icavecommx0.onmicrosoft.com,Guest,,,Invitation,
lzc.cmacgm,lzc.cmacgm_transpac.com#EXT#@icavecommx0.onmicrosoft.com,Guest,,,Invitation,
lzcvsl,lzcvsl_transpac.com.mx#EXT#@icavecommx0.onmicrosoft.com,Guest,,,Invitation,
Mac Brayan Castillo Lozano,castillo.mac@timsamx.com,Member,TRUE,Hutchison Ports TIMSA,,Administración
"Madelin pinzon (SEC, Contractor)",mpinzon@ppc.com.pa,Member,TRUE,Panama Ports Company,,Protección Portuaria
Maelet Salvatierra Gutierrez,salvatierra.maelet@lctpc.com.mx,Member,TRUE,Hutchison Ports LCT,,Subgerencia de Mantenimiento
MAERSK BULAN,MAERSKBULAN@icavecommx0.onmicrosoft.com,Member,,,,
Magaly Estefania Galan Castellanos,galan.magaly@enseit.com,Member,TRUE,Hutchison Ports EIT,,Facturación
"Magdalena Castro (SEC, Contractor)",macastro@ppc.com.pa,Member,TRUE,Panama Ports Company,,Protección Portuaria
Mahmoud Zakaria,zakaria.mahmoud_aict.com.eg#EXT#@icavecommx0.onmicrosoft.com,Guest,,,Invitation,
mail_monitor,mail_monitor@ppc.com.pa,Member,,,,
mailcts,mailcts@enseit.com,Member,TRUE,Hutchison Ports EIT,,
Main Gate,MainGate@fhcbahamas.com,Member,,,,
Main Lobby,MainLobby@fhcbahamas.com,Member,,,,
majo.fortaaaa,majo.fortaaaa_gmail.com#EXT#@icavecommx0.onmicrosoft.com,Guest,,,Invitation,
majva_13,majva_13_outlook.com#EXT#@icavecommx0.onmicrosoft.com,Guest,,,Invitation,
majvacs_13,majvacs_13_outlook.com#EXT#@icavecommx0.onmicrosoft.com,Guest,,,Invitation,
Malini Chandrasekar,Chandrasekar.Malini@fcpbahamas.com,Member,TRUE,,,Consultant
malninjo,malninjo_hotmail.com#EXT#@icavecommx0.onmicrosoft.com,Guest,,,Invitation,
Malvese Capron,Capron.Malvese@fcpbahamas.com,Member,TRUE,,,Human Resources Department
Mantenimiento Compras,mantto.compras@icave.com.mx,Member,TRUE,Hutchison Ports ICAVE,,Mantenimiento
Manuel Abrahams,mabrahams@ppc.com.pa,Member,TRUE,Panama Ports Company,,Seguridad Industrial
Manuel Alejandro Diaz Rodriguez,diaz.manuel@timsamx.com,Member,TRUE,Hutchison Ports TIMSA,,Riesgos
Manuel Alejandro Robles Zepeda,robles.manuel@enseit.com,Member,TRUE,Hutchison Ports ECV,,Operación Cruceros
Manuel Antonio Angulo Gonzalez,angulo.manuel@icave.com.mx,Member,TRUE,Hutchison Ports ICAVE,,Operaciones
Manuel Figueroa Azpeitia,figueroa.manuel@icave.com.mx,Member,TRUE,Hutchison Ports ICAVE,,Seguridad y Salud Ocupacional
Manuel García Gordillo,garcia.manuel@lctpc.com.mx,Member,TRUE,Hutchison Ports LCT,,Gerencia General
Manuel Hernandez Palomares,mhernandezp@enseit.com,Member,TRUE,Hutchison Ports EIT,,Mantenimiento
Manuel Nunez,mnunez@ppc.com.pa,Member,TRUE,Panama Ports Company,,Compras
Manuel Quintero,mquintero@ppc.com.pa,Member,TRUE,Panama Ports Company,,Tecnología de Información
Manuel Siu Lopez,siu.manuel@tnghph.com.mx,Member,TRUE,Hutchison Ports TNG,,Human Resources
Manuel Zarabia Bolaños,ssc.operador@icave.com.mx,Member,TRUE,Asesoría Técnica - Ehecatl,,Gerencia de Administración
Mara Isabel Guevara Preciado,guevara.mara@timsamx.com,Member,TRUE,Hutchison Ports TIMSA,,Servicios a la Carga
Marcel Castillo,mcastillo@ppc.com.pa,Member,TRUE,Panama Ports Company,,Proteccion y Seguridad
Marcelino Rodriguez,marodriguez@ppc.com.pa,Member,TRUE,Panama Ports Company,,Operaciones
Marco Antonio Garcia Pelcastre,aprog5@icave.com.mx,Member,TRUE,Asesoria Técnica,,Gerencia de Administración
Marco Antonio Lara Sanchez,lara.marco@tnghph.com.mx,Member,TRUE,Hutchison Ports TNG,,Inspection and Testing Control
Marco Antonio Maciel Tuz,consultor.sm@hutchisonports.com.mx,Member,TRUE,Caps Technology,,Transformación Digital Para Clientes
Marco Antonio Martínez Echevarria,martinez.marco@icave.com.mx,Member,TRUE,Hutchison Ports ICAVE,,Gerencia de Operaciones
Marco Antonio Medina Saldivar,medina.marco@lctpc.com.mx,Member,TRUE,Hutchison Ports LCT,,Jefatura de Muelle
Marco Antonio Navarro Muñoz,navarro.marco@enseit.com,Member,TRUE,Hutchison Ports EIT,,SOSYPA EIT
Marco Antonio Ramirez Mendez,ramirez.marco@lctpc.com.mx,Member,TRUE,Hutchison Ports LCT,,Jefatura de Vacios
Marco Antonio Ramirez Morales,op.kiosco@tilh.com.mx,Member,TRUE,Hutchison Ports TILH,,Asesoria Técnica
Marco Antonio Reyna Rubio,reyna.marco@timsamx.com,Member,TRUE,Hutchison Ports TIMSA,,Torre de Control
Marco Cesar Diaz Camacho,diaz.marco@enseit.com,Member,TRUE,Hutchison Ports EIT,,SOSYPA EIT
Marco Gabriel Cortés Toledo,soporte.servicedesk2@icave.com.mx,Member,TRUE,Asesoría Técnica,,Jefatura de Infraestructura
Marco Parra Chaparro,aprog3@icave.com.mx,Member,TRUE,Asesoría Técnica,,Gerencia de Administración
marco.lira,marco.lira_msc.com#EXT#@icavecommx0.onmicrosoft.com,Guest,,,Invitation,
marcoaht,marcoaht_oulook.es#EXT#@icavecommx0.onmicrosoft.com,Guest,,,Invitation,
marcoaht,marcoaht_outlook.es#EXT#@icavecommx0.onmicrosoft.com,Guest,,,Invitation,
marcoicave,marcoicave_hotmail.com#EXT#@icavecommx0.onmicrosoft.com,Guest,,,Invitation,
Marcos  Martinez,mmartinez@ppc.com.pa,Member,TRUE,Panama Ports Company,,Operaciones
Marcos Antonio Jimenez Torres,analista.infratng@tnghph.com.mx,Member,TRUE,Asesoría Técnica,,Information Technology
Marcos Barrera,mbarrera@ppc.com.pa,Member,TRUE,Panama Ports Company,,Seguridad Industrial
Marcos Ricardo Aguirre Ojeda,raguirre@enseit.com,Member,TRUE,Hutchison Ports EIT,,Patio
Margaret Burrows,burrows.margaret@fhcbahamas.com,Member,TRUE,Freeport Harbour Company,,FHC Security Department
Margaret Pennerman,Pennerman.Margaret@fcpbahamas.com,Member,TRUE,Freeport Container Port,,Human Resources Department
Margarita Guzman Vallejo,mguzman@enseit.com,Member,TRUE,Hutchison Ports EIT,,Nominas y Obligaciones.
Maria Avila,mavila@ppc.com.pa,Member,TRUE,Panama Ports Company,,Operaciones
María Carina Zavala Enríquez,Zavala.Carina@lctpc.com.mx,Member,TRUE,Hutchison Ports LCT,,Gerencia Comercial
María Carina Zavala Enríquez LCMT,zavala.carinamt@lcmt.mx,Member,FALSE,Hutchison Ports LCMT,,
María de Jesús Molina Delfín,molina.maria@hutchisonports.com.mx,Member,TRUE,Hutchison Ports México,,Dirección Ejecutiva HPH México
María de los Angeles Jimenez Peredia,jimenez.angeles@tilh.com.mx,Member,TRUE,Hutchison Ports TILH,,Jefatura de Planeación
Maria de los Angeles Rodriguez Martinez,rodriguez.angeles@tnghph.com.mx,Member,TRUE,Hutchison Ports TNG,,Project Management
Maria de los Angeles Valle Lopez,valle.maria@lctpc.com.mx,Member,TRUE,Hutchison Ports LCT,,Subgerencia de Planeacion
Maria del Carmen Flores Ruano,flores.maria@icave.com.mx,Member,TRUE,Hutchison Ports México,,Gerencia de Administración
María Del Carmen Sandoval Solorio,Sandoval.Maria@lctpc.com.mx,Member,TRUE,Hutchison Ports LCT,,Jefatura de Puerta de Salida
Maria Dolores Sanchez Cesaria,sanchez.mariad@timsamx.com,Member,TRUE,Hutchison Ports TIMSA,,Planeacion
Maria Elena Aguilar Mendoza,aguilar.maria@lctpc.com.mx,Member,TRUE,Hutchison Ports LCT,,Jefatura de Patio
María Elena Campos,mcampos@ppc.com.pa,Member,TRUE,Panama Ports Company,,Legal
Maria Elena Torralva Ramirez,torralva.maria@enseit.com,Member,TRUE,Hutchison Ports EIT,,Operaciones
Maria Elisa Proll,mproll@ppc.com.pa,Member,TRUE,Panama Ports Company,,Tecnología de Información
Maria Fernanda Aguilar Gonzalez,aguilar.fernanda@tilh.com.mx,Member,TRUE,Hutchison Ports TILH,,Gerencia de Administración y Finanzas
María Fernanda Cobarruvias Chavez,cobarruvias.maria@timsamx.com,Member,TRUE,Hutchison Ports TIMSA,,Vacios
María Fernanda Fregoso Macías,fregoso.maria@enseit.com,Member,TRUE,Hutchison Ports EIT,,Ingeniería y Desarrollo
Maria Fernanda Garcia Vieyra,garcia.maria@lctpc.com.mx,Member,TRUE,Hutchison Ports LCT,,Subgerencia de Servicios a la Carga
Maria Fernanda Muñoz Ayala,munoz.maria@icave.com.mx,Member,TRUE,Hutchison Ports ICAVE,,Relaciones Laborales
Maria Fernanda Suarez Del Real Rojas,suarez.maria@lctpc.com.mx,Member,TRUE,Hutchison Ports LCT,,Jefatura de Salud Ocupacional y Segurida
María Guadalupe Barojas Santiago,barojas.guadalupe@hutchisonports.com.mx,Member,TRUE,Hutchison Ports México,,Gerencia de Administración
Maria Jose Mejia Guzmán,pp.cyc2@icave.com.mx,Member,TRUE,Hutchison Ports México,,Gerencia de Administración
Maria Jose Ordaz Ruiz,ordaz.maria@icave.com.mx,Member,TRUE,Hutchison Ports México,,Centro Nacional de Talento y Desarrollo
Maria Jose Suazo Guido,suazo.maria@lctpc.com.mx,Member,TRUE,Hutchison Ports LCT,,Gerencia Comercial
Maria Magdalena Castro Arreguin,castro.maria@lctpc.com.mx,Member,TRUE,Hutchison Ports LCT,,Subgerencia de Planeación Financiera
María Margarita Guerrero Loera,guerrero.maria@lctpc.com.mx,Member,TRUE,Hutchison Ports LCT,,Subgerencia de Información Financiera
María Margarita Guerrero Loera LCMT,guerrero.mariamt@lcmt.mx,Member,FALSE,Hutchison Ports LCMT,,
María Soledad Barojas Barbosa,barojas.maria@icave.com.mx,Member,TRUE,Hutchison Ports ICAVE,,Gerencia General
Maria Susana Aguileta Roquet,aguileta.susana@tnghph.com.mx,Member,TRUE,Hutchison Ports TNG,,Integrated Management System
Mariana Bautista Robles,bautista.mariana@icave.com.mx,Member,TRUE,Hutchison Ports ICAVE,,Gerencia de Operaciones
Mariana de Jesús Medina Chávez,medina.mariana@icave.com.mx,Member,TRUE,Hutchison Ports ICAVE,,Gerencia de Comercialización ICAVE
Mariana Esteva Javier,Esteva.mariana@lctpc.com.mx,Member,TRUE,Hutchison Ports LCT,,Jefatura de Control Aduanero
Mariana Esteva Javier LCMT,esteva.marianamt@lcmt.mx,Member,FALSE,Hutchison Ports LCMT,,
Mariana Martinez Velasco,martinez.mariana@enseit.com,Member,TRUE,Hutchison Ports EIT,,SOSYPA EIT
Mariana Ortiz Lagunes,ortiz.mariana@icave.com.mx,Member,TRUE,Hutchison Ports ICAVE,,"Reclutamiento, Selección y Capacitación"
Mariana Pile Hernández,pile.mariana@hutchisonports.com.mx,Member,TRUE,Hutchison Ports México,,Gerencia de Administración
Mariana Sanchez Contreras,sanchez.mariana@tnghph.com.mx,Member,TRUE,Hutchison Ports TNG,,Customer Service and Customer Satisfaction
mariana.eguiarte,mariana.eguiarte_garrigues.com#EXT#@icavecommx0.onmicrosoft.com,Guest,,,Invitation,
Maribel Favela Sánchez,mfavela@enseit.com,Member,TRUE,Hutchison Ports EIT,,Ingeniería de Costos
Maribel Meza Contreras,meza.maribel@icave.com.mx,Member,TRUE,Hutchison Ports ICAVE,,Gerencia de Comercialización ICAVE
Maricruz Aguilar,maguilar@ppc.com.pa,Member,TRUE,Panama Ports Company,,Operaciones
Maricruz Rojo Coronado,rojo.maricruz@tilh.com.mx,Member,TRUE,Hutchison Ports TILH,,Finanzas
Mariel Angelica Ramírez,aux.reclutamiento@tilh.com.mx,Member,TRUE,Hutchison Ports TILH,,Jefatura de Recursos Humanos
Mariel Moreno Fomperosa,moreno.mariel@tnghph.com.mx,Member,TRUE,Hutchison Ports TNG,,Integrated Management System
Marielle Johnson,johnson.marielle@fcpbahamas.com,Member,TRUE,Freeport Container Port,,Human Resources Department
Marilyn Murphy,Murphy.Marilyn@fhcbahamas.com,Member,TRUE,Freeport Harbour Company,,FHC Cargo Department
Marina Berrones Pérez,berrones.marina@icave.com.mx,Member,TRUE,Hutchison Ports México,,Dirección de Finanzas y Administración
Marine Control,MarineControl@fhcbahamas.com,Member,,,,
Mario Alberto Barrera Rodriguez,barrera.mario@enseit.com,Member,TRUE,Hutchison Ports ECV,,Sistemas
Mario Augusto Juarez Rangel,juarez.mario@icave.com.mx,Member,TRUE,Hutchison Ports ICAVE,,Gerencia de Administración
Mario Barcenas,mbarcenas@ppc.com.pa,Member,TRUE,Panama Ports Company,,Operaciones
Mario Enrique Vazquez Alvarez,vazquez.mario@icave.com.mx,Member,TRUE,Hutchison Ports ICAVE,,Vacíos y Ferrocarril
Mario Espinoza,mespinoza@ppc.com.pa,Member,TRUE,Panama Ports Company,,Operaciones
Mario Lopez,malopez@ppc.com.pa,Member,TRUE,Panama Ports Company,,Operaciones
Mario Osvaldo Torres Rivas,torres.mario@icave.com.mx,Member,TRUE,Hutchison Ports ICAVE,,Gerencia General
Mario Prado,mario.prado_ecrubio.com#EXT#@icavecommx0.onmicrosoft.com,Guest,,,Invitation,
Mario Raimundo Martínez Alcalá,martinez.mario@icave.com.mx,Member,TRUE,Hutchison Ports ICAVE,,Control Tower
Mario Roberts,mroberts@ppc.com.pa,Member,TRUE,Panama Ports Company,,Ingeniería
Mario Romo Romero,romo.mario@icave.com.mx,Member,TRUE,Hutchison Ports ICAVE,,Gerencia de Operaciones
Mario Vinicio Villasis Canto,villasis.mario@timsamx.com,Member,TRUE,Hutchison Ports TIMSA,,Torre de control
mario.barrera.rodriguez,mario.barrera.rodriguez_gmail.com#EXT#@icavecommx0.onmicrosoft.com,Guest,,,Invitation,
mario_mendoza,mario_mendoza_colpal.com#EXT#@icavecommx0.onmicrosoft.com,Guest,,,Invitation,
Marisela Cruz Pérez,cruz.marisela@icave.com.mx,Member,TRUE,Hutchison Ports ICAVE,,Gerencia de Administración
Marisol Varela Silva,varela.marisol@lctpc.com.mx,Member,TRUE,Hutchison Ports LCT,,Jefatura de Facturación
Marisol Varela Silva LCMT,asist.fact03@lcmt.mx,Member,FALSE,Hutchison Ports LCT,,Jefatura de Facturacion
Maritza Selene Pérez Cambrón,cambron.maritza@enseit.com,Member,TRUE,Hutchison Ports ECV,,Compras
Mark Baptiste,mbaptiste@ppc.com.pa,Member,TRUE,Panama Ports Company,,Operaciones
Mark Lundy,Lundy.Mark@fcpbahamas.com,Member,TRUE,Freeport Container Port,,FCP Operations Department
Mark Seymour,Seymour.Mark@FHCBAHAMAS.COM,Member,TRUE,Freeport Harbour Company,,FHC Cruise | Marine Operations
Marlene Garibay Ortiz,garibay.marlene@lctpc.com.mx,Member,TRUE,Hutchison Ports LCT,,Finanzas e Impuestos
Marlene Lagunes Martínez,lagunes.marlene@tnghph.com.mx,Member,TRUE,Hutchison Ports TNG,,Legal
Marlene Landez Miranda,landez.marlene@timsamx.com,Member,TRUE,Hutchison Ports TIMSA,,Sistema Integrado de Gestion
Marleni Alvarez,mralvarez@ppc.com.pa,Member,TRUE,Panama Ports Company,,Recursos Humanos
"Marlenis Guerrero (SC, Contractor)",mguerrero@ppc.com.pa,Member,TRUE,Panama Ports Company,,Compras
Marlon Hoy,mhoy@ppc.com.pa,Member,TRUE,Panama Ports Company,,Tecnología de Información
Martha Cardenas,mcardenas_conglobal.com#EXT#@icavecommx0.onmicrosoft.com,Guest,,,Invitation,
Martha Patricia Suárez Ortíz,suarez.martha@icave.com.mx,Member,TRUE,Hutchison Ports ICAVE,,Subgerencia de Recursos Humanos
Martín Jiménez Aguilar,jimenez.martin@hutchisonports.com.mx,Member,TRUE,Hutchison Ports ICAVE,,Planning Center
Martín Mata Barron,mmata@enseit.com,Member,TRUE,Hutchison Ports EIT,,Ingeniería y Desarrollo
Martin Obregon Gutierrez,obregon.martin@enseit.com,Member,TRUE,Hutchison Ports EIT,,Muelle
Martín Ramírez Alvarado,ramirez.martin@icave.com.mx,Member,TRUE,Hutchison Ports ICAVE,,Gerencia de Administración
Martin Rolle Jr,Rolle.Martin@fhcbahamas.com,Member,TRUE,Freeport Harbour Company,,FHC Marine Control Department
master.kotapelangi,master.kotapelangi_gtmailplus.com#EXT#@icavecommx0.onmicrosoft.com,Guest,,,Invitation,
master.race,master.race_offenship.de#EXT#@icavecommx0.onmicrosoft.com,Guest,,,Invitation,
Matayo Burrows,burrows.matayo@fcpbahamas.com,Member,TRUE,Freeport Container Port,,FCP Operations Department
Mateo Marcial Castillo García,castillo.mateo@lctpc.com.mx,Member,TRUE,Hutchison Ports LCT,,Jefatura de Infraestructura y Proyectos
Mateo Marcial Castillo García LCMT,castillo.mateomt@lcmt.mx,Member,FALSE,Hutchison Ports LCMT,,
Matias Artemio Cordoba Montejo,cordoba.matias@tnghph.com.mx,Member,TRUE,Hutchison Ports TNG,,Production & Maintenance
Mauricio Antonio Ortiz Flores,ortiz.mauricio@enseit.com,Member,TRUE,Hutchison Ports EIT,,Servicios a la Carga
Mauricio Britton,Britton.Mauricio@fhcbahamas.com,Member,TRUE,Freeport Harbour Company,,FHC Marine Control Department
Mauricio Molina Chavez,molina.mauricio@tnghph.com.mx,Member,TRUE,Hutchison Ports TNG,,Warehouse & Finance
mauricio.arzate,mauricio.arzate_caaarem.mx#EXT#@icavecommx0.onmicrosoft.com,Guest,,,Invitation,
Mauro Jiménez,mjimenez_dexfreight.io#EXT#@icavecommx0.onmicrosoft.com,Guest,,Dexfreight,Invitation,
Max Robles,mrobles@ppc.com.pa,Member,TRUE,Panama Ports Company,,Tecnología de Información
Mayko De Gracia,mdegracia@ppc.com.pa,Member,TRUE,Panama Ports Company,,Operaciones
Mayoli Gonzalez,magonzalez@ppc.com.pa,Member,TRUE,Panama Ports Company,,Tecnología de Información
Mayra Angelica Molina Suarez,ss.gsti@hutchisonports.com.mx,Member,TRUE,Hutchison Ports México,,Dirección de Finanzas y Administración
Mayra Camacho,mayrac_achto.mx#EXT#@icavecommx0.onmicrosoft.com,Guest,,Achto,Invitation,
Mayra Camacho Godínez,camacho.mayra@lctpc.com.mx,Member,TRUE,Hutchison Ports LCT,,Subgerencia  de Ingenieria y Desarrollo
Mayra Camacho Godínez LCMT,camacho.mayramt@lcmt.mx,Member,FALSE,Hutchison Ports LCMT,,
Mayra Patricia Lorenzo Gomez,lorenzo.mayra@icave.com.mx,Member,TRUE,Hutchison Ports ICAVE,,Impuestos
Mayra Ramona Herrera Muñoz,herrera.mayra@timsamx.com,Member,TRUE,Hutchison Ports TIMSA,,Recursos Humanos
Mayte Bauza,Mayte.Bauza_kaleris.com#EXT#@icavecommx0.onmicrosoft.com,Guest,,,Invitation,
Mayte Godinez Granados,godinez.mayte@tilh.com.mx,Member,TRUE,Hutchison Ports TILH,,Subgerencia de Comercialización
McGarrett Dames,Dames.McGarrett@fhcbahamas.com,Member,TRUE,Freeport Harbour Company,,FHC Facilities Department
Mechanicshop@fhcbahamas.com,Mechanicshop@fhcbahamas.com,Member,,,,
"Medico Ocupacional (HR,Contractor)",mocupacional@ppc.com.pa,Member,TRUE,Panama Ports Company,,Recursos Humanos
megan,megan_waughconstruction.com#EXT#@icavecommx0.onmicrosoft.com,Guest,,,Invitation,
Meghan Taylor,taylor.meghan@fcpbahamas.com,Member,TRUE,Freeport Container Port,,Human Resources Department
Meisha Laing,Laing.Meisha@fcpbahamas.com,Member,TRUE,Freeport Container Port,,FCP Operations Department
Melani Rodriguez,mrodriguez@ppc.com.pa,Member,TRUE,Panama Ports Company,,Finanzas
Melany Peña Montero,pena.melany@tnghph.com.mx,Member,TRUE,Hutchison Ports TNG,,Human Resources
Melina Montserrat Luna Garcia,luna.melina@lctpc.com.mx,Member,TRUE,Hutchison Ports LCT,,Jefatura de Facturacion
Melina Montserrat Luna Garcia LCMT,asist.fact11@icavecommx0.onmicrosoft.com,Member,,,,
Melina Yamilet Torales Pelayo,torales.melina@icave.com.mx,Member,TRUE,Hutchison Ports México,,Gerencia de Administración
Melissa  Chavez,mchavez@ppc.com.pa,Member,TRUE,Panama Ports Company,,Dirección Ejecutiva
Melissa Chavez,chavez.melissa@hutchisonportsppc.com,Member,,,,
Melissa González Arroyo,gonzalez.melissa@icave.com.mx,Member,TRUE,Hutchison Ports ICAVE,,Gerencia de Administración
Melissa Peregrina,mperegrina@ppc.com.pa,Member,TRUE,Panama Ports Company,,Proyectos e Infraestructura
Melissa Vanegas,mvanegas@ppc.com.pa,Member,TRUE,Panama Ports Company,,Finanzas
Melissa Zavala Haaz,zavala.melissa@icave.com.mx,Member,TRUE,Hutchison Ports México,,Gerencia Senior de Mantenimiento
Melvin Dixon,dixon.melvin@fcpbahamas.com,Member,TRUE,Freeport Container Port,,FCP Operations Department
Melvin Rolle,rolle.melvin@fcpbahamas.com,Member,TRUE,Freeport Container Port,,Information Technology Department
Melvin Schouwe,mschouwe@ppc.com.pa,Member,TRUE,Panama Ports Company,,Ingeniería
Melvis Janett Zepeda Mota,zepeda.melvis@timsamx.com,Member,TRUE,Hutchison Ports TIMSA,,Infraestructura
memopnb01,memopnb01_gmail.com#EXT#@icavecommx0.onmicrosoft.com,Guest,,,Invitation,
Menagia Forbes,forbes.menagia@fhcbahamas.com,Member,TRUE,Freeport Harbour Company,,FHC Security Department
Meoshi Knowles,knowles.meoshi@fcpbahamas.com,Member,TRUE,Freeport Container Port,,FCP Finance Department
Merari Elizabeth Pérez García,perez.merari@hutchisonports.com.mx,Member,TRUE,Hutchison Ports México,,Gerencia de Administración
mercadeo,mercadeo@ppc.com.pa,Member,,,,
Mercedes Muñoz Rodriguez,munoz.mercedes@lctpc.com.mx,Member,TRUE,Hutchison Ports LCT,,Subgerencia de Planeacion
Merilyn Lewis,Lewis.Merilyn@fcpbahamas.com,Member,TRUE,Freeport Container Port,,FCP Safety Department
Mesa de Ayuda TILH,cau.tilh@tilh.com.mx,Member,TRUE,Hutchison Ports TILH,,
mgomez,mgomez_anguloflores.com#EXT#@icavecommx0.onmicrosoft.com,Guest,,,Invitation,
Michael Gomez,mgomez@ppc.com.pa,Member,TRUE,Panama Ports Company,,Operaciones
Michael Ivan Mondragon Marin,mondragon.michael@timsamx.com,Member,TRUE,Hutchison Ports TIMSA,,PATIO
Michael Lightbourne,Lightbourne.Michael@fcpbahamas.com,Member,TRUE,,,FCP Operations Department
Michael Miller,miller.michael@fcpbahamas.com,Member,TRUE,Freeport Container Port,,Bahamas Customs
Michael Smith,Smith.Michael@fcpbahamas.com,Member,TRUE,Freeport Container Port,,FCP Operations Department
Michael Sweeting,Sweeting.Michael@fcpbahamas.com,Member,TRUE,Freeport Container Port,,FCP Engineering Department
Michael Turnquest,turnquest.michael@fhcbahamas.com,Member,TRUE,Freeport Harbour Company,,FHC Marine Control Department
Michel Campos Michel,campos.michel@timsamx.com,Member,TRUE,Hutchison Ports TIMSA,,Sistemas
Michele Oropeza Retolaza,oropeza.michele@icave.com.mx,Member,TRUE,Hutchison Ports México,,Dirección de Finanzas y Administración
michele.maiutto,michele.maiutto_hwleurope.com#EXT#@icavecommx0.onmicrosoft.com,Guest,,,Invitation,
Michelean Poitier,Poitier.Michelean@fcpbahamas.com,Member,TRUE,Freeport Container Port,,FCP Finance Department
Michelle Castro Ruiz,mcastro@enseit.com,Member,TRUE,Hutchison Ports EIT,,Sistemas
Michelle Strachan,Strachan.Michelle@fcpbahamas.com,Member,TRUE,Freeport Container Port,,Information Technology Department
Michelle Vera Matias,pp.mantto@icave.com.mx,Member,TRUE,Hutchison Ports ICAVE,,Gerencia Senior de Mantenimiento de Equipo
Michellys Santos,msantos@ppc.com.pa,Member,TRUE,Panama Ports Company,,Tecnología de Información
Migdalia Solis,msolis@ppc.com.pa,Member,TRUE,Panama Ports Company,,Recursos Humanos
Miguel Aguilera Calixto,aguilera.miguel@lctpc.com.mx,Member,TRUE,Hutchison Ports LCT,,Jefatura de Sistemas Portuarios
Miguel Aguilera Calixto LCMT,aguilera.miguelmt@lcmt.mx,Member,FALSE,Hutchison Ports LCMT,,
Miguel Angel Aguilar Benitez,aguilar.miguel@lctpc.com.mx,Member,TRUE,Hutchison Ports LCT,,Jefatura de Vacios
Miguel Angel Ake Cruz,ake.miguel@tnghph.com.mx,Member,TRUE,Hutchison Ports TNG,,Maintenance
Miguel Angel Alvarez Lara,alvarez.miguel@icave.com.mx,Member,TRUE,Hutchison Ports ICAVE,,Gerencia de Operaciones
Miguel Angel Andrade Colorado,andrade.miguel@icave.com.mx,Member,TRUE,Hutchison Ports ICAVE,,Compras y Servicios
Miguel Angel Becerra Carbajal,becerra.miguel@lctpc.com.mx,Member,TRUE,Hutchison Ports LCT,,Previos
Miguel Angel Beltran Cardoso,beltran.miguel@icave.com.mx,Member,TRUE,Hutchison Ports México,,"Mejora, Desarrollo e Innovacion"
Miguel Angel Bermudez Diaz,bermudez.miguel@timsamx.com,Member,TRUE,Hutchison Ports TIMSA,,Subgerencia de Sistemas
Miguel Angel Hernandez Muñoz,hernandez.miguel@hutchisonports.com.mx,Member,TRUE,Hutchison Ports México,,Transformacion Digital para Clientes
Miguel Angel Ibarra Estela,ibarra.miguel@icave.com.mx,Member,TRUE,Hutchison Ports ICAVE,,Gerencia de Operaciones
Miguel Angel Palacios Silva,palacios.miguel@tnghph.com.mx,Member,TRUE,Hutchison Ports TNG,,Production & Maintenance
Miguel Angel Pantoja Martinez,mpantoja@enseit.com,Member,TRUE,Hutchison Ports EIT,,Planeación de Mantenimiento
Miguel Angel Sanchez Salgado,sanchez.miguel@tnghph.com.mx,Member,TRUE,Hutchison Ports TNG,,Project
Miguel Angel Soriano Cruz,soriano.miguel@icave.com.mx,Member,TRUE,Hutchison Ports ICAVE,,Gerencia de Operaciones
Miguel Angel Turrubiates Cuellar,turrubiates.miguel@icave.com.mx,Member,TRUE,Hutchison Ports ICAVE,,Control Tower
Miguel Angel Velazquez Rubio,velazquez.miguel@tnghph.com.mx,Member,TRUE,Hutchison Ports TNG,,Sales & Contracts
Miguel Arturo Parra Galindo,parra.miguel@timsamx.com,Member,TRUE,Hutchison Ports TIMSA,,Patio de Vacios
Miguel Felipe Ortega Sosa,ortega.miguel@tnghph.com.mx,Member,TRUE,Hutchison Ports TNG,,Project
Miguel Gray,mgray@ppc.com.pa,Member,TRUE,Panama Ports Company,,Ingeniería
Miguel Gustavo Mora González,mora.gustavo@icave.com.mx,Member,TRUE,Hutchison Ports México,,Dirección de Finanzas y Administración
Miguel Jauregui Morales,mjauregui@enseit.com,Member,TRUE,Hutchison Ports EIT,,Planeación
Miguel Leonardo Gómez,leonardo.miguel@lctpc.com.mx,Member,TRUE,Hutchison Ports LCT,,Jefatura de Relaciones Laborales
Miguel Lopez Colorado,lopez.miguel@icave.com.mx,Member,TRUE,Asesoría Técnica,,Gerencia de Operaciones
Miguel Mendoza,mmendoza@ppc.com.pa,Member,TRUE,Panama Ports Company,,Operaciones
Miguel Torres,mitorres@ppc.com.pa,Member,TRUE,Panama Ports Company,,Ingeniería
miguel.chavez,miguel.chavez_deltaing-sustentable.com#EXT#@icavecommx0.onmicrosoft.com,Guest,,,Invitation,
miguel.gonzalez,miguel.gonzalez_lpver.com#EXT#@icavecommx0.onmicrosoft.com,Guest,,,Invitation,
Mikail Mon,mmon@ppc.com.pa,Member,TRUE,Panama Ports Company,,Tecnología de Información
mike.elevations,mike.elevations_gmail.com#EXT#@icavecommx0.onmicrosoft.com,Guest,,,Invitation,
Mikel de Aldecoa Balbuena,aldecoa.mikel@icave.com.mx,Member,TRUE,Hutchison Ports ICAVE,,Gerencia de Comercialización ICAVE
"Milagros Galego (SEC, Contractor)",mgalego@ppc.com.pa,Member,TRUE,Panama Ports Company,,Protección y Seguridad
"Milagros Guevara (SEC, Contractor)",mguevara@ppc.com.pa,Member,TRUE,Panama Ports Company,,Protección y Seguridad
Mildred Gutiérrez,mgutierrez_gforceint.com#EXT#@icavecommx0.onmicrosoft.com,Guest,,,Invitation,
millersam2,millersam2_hotmail.com#EXT#@icavecommx0.onmicrosoft.com,Guest,,,Invitation,
Milton Batista,mbatista@ppc.com.pa,Member,TRUE,Panama Ports Company,,Operaciones
Mireya Diaz Martinez,diaz.mireya@icave.com.mx,Member,TRUE,Hutchison Ports ICAVE,,Salud Ocupacional y Seguridad
Mireya Molina Gutierrez,molina.mireya@hutchisonports.com.mx,Member,TRUE,Hutchison Ports México,,Tesoreria y Cuentas por Pagar
Miriam Denisse Muñoz Enriquez,munoz.miriam@hutchisonports.com.mx,Member,TRUE,Hutchison Ports México,,Dirección de Operaciones
Miriam Gómez Perafan,gomez.miriam@hutchisonports.com.mx,Member,TRUE,Hutchison Ports México,,Gerencia de Administración
Miriam Lopez Gallardo,lopez.miriam@lctpc.com.mx,Member,TRUE,Hutchison Ports LCT,,Jefatura de Facturacion
Miriam Lopez Gallardo,asistente.fact072@lctpc.com.mx,Member,TRUE,Hutchison Ports LCT,,Jefatura de Facturacion
Miriam Lopez Gallardo LCMT,asist.fact07@lcmt.mx,Member,FALSE,Hutchison Ports LCT,,Jefatura de Facturacion
Miriam Peralta Rebolledo,peralta.miriam@hutchisonports.com.mx,Member,TRUE,Hutchison Ports México,,Dirección de Finanzas y Administración
Miriam Peralta Urtiz,peraltau.miriam@lctpc.com.mx,Member,TRUE,Hutchison Ports LCT,,Jefatura de Calidad
mirmun28,mirmun28_gmail.com#EXT#@icavecommx0.onmicrosoft.com,Guest,,,Invitation,
Mirna Rojas,mrojas@ppc.com.pa,Member,TRUE,Panama Ports Company,,Recursos Humanos
Misael Alejandro Bolado Trujillo,bolado.misael@icave.com.mx,Member,TRUE,Asesoría Técnica,,Gerencia de Operaciones
mmartinez,mmartinez_predesa.com.mx#EXT#@icavecommx0.onmicrosoft.com,Guest,,,Invitation,
mmontes,mmontes_parker-russell.com#EXT#@icavecommx0.onmicrosoft.com,Guest,,,Invitation,
Mobile E. Supervisor,Mobile.Supervisor@fcpbahamas.com,Member,TRUE,,,FCP Engineering Department
Modulo Previos ICAVE,modulo.previos@icave.com.mx,Member,TRUE,Hutchison Ports ICAVE,,Gerencia de Operaciones
"Moimir Zelinka  (CKHH - HWEL -  Assistant Manager , GMS-Europe)",Moimir.Zelinka_hwleurope.com#EXT#@icavecommx0.onmicrosoft.com,Guest,,CKHH - HWEL ,Invitation,
Moises  Hurtado,mhurtado@ppc.com.pa,Member,TRUE,Panama Ports Company,,Operaciones
Moises Alfael Flores Correa,flores.moises@lctpc.com.mx,Member,TRUE,Hutchison Ports LCT,,Jefatura de Vacios
Moises Cano,mcano@ppc.com.pa,Member,TRUE,Panama Ports Company,,Proteccion y Seguridad
Moisés Guzmán Chagala,guzman.moises@icave.com.mx,Member,TRUE,Hutchison Ports ICAVE,,Relaciones Laborales
Monica Alexandra Jimenez Aragon,jimenez.monica@lctpc.com.mx,Member,TRUE,Hutchison Ports LCT,,Jefatura de Facturacion
Monica Alexandra Jimenez Aragon LCMT,asist.fact13@lcmt.mx,Member,FALSE,Hutchison Ports LCMT,,Jefatura de Facturacion
Monica Emilia Gomez Reyes,gomez.monica@tilh.com.mx,Member,TRUE,Hutchison Ports TILH,,Jefatura de Egresos
Mónica Ramírez Gutiérrez,ramirez.monica@icave.com.mx,Member,TRUE,Hutchison Ports México,,Dirección de Finanzas y Administración
Monique Coakley,Coakley.Monique@fcpbahamas.com,Member,TRUE,Freeport Container Port,,Human Resources Department
Monique S. Russell,Russell.Monique@fcpbahamas.com,Member,TRUE,Freeport Container Port,,Information Technology Department
Monitoreo de Control de Equipo,monitoreo.control@lctpc.com.mx,Member,TRUE,Hutchison Ports LCT,,Subgerencia de Mantenimiento
Monitoreo Planeacion,monitoreo.planning@tilh.com.mx,Member,TRUE,Hutchison Ports TILH,,
Monitorista Yss,monitorista.yss@timsamx.com,Member,TRUE,Hutchison Ports TIMSA,,Salud Ocupacional y Seguridad
Monserrat Plancarte Reyes,plancarte.monserrat@lctpc.com.mx,Member,TRUE,Hutchison Ports LCT,,Subgerencia de Informacion Financiera
Monserrat Virgen Villaseñor,virgen.monserrat@timsamx.com,Member,TRUE,Hutchison Ports TIMSA,,Control Tower
moreno.luiscarlos,moreno.luiscarlos_glarbitraje.com#EXT#@icavecommx0.onmicrosoft.com,Guest,,,Invitation,
Moya Russell,Russell.Moya@fcpbahamas.com,Member,TRUE,Freeport Container Port,,FCP Finance Department
msastrep,msastrep_cotemar.com.mx#EXT#@icavecommx0.onmicrosoft.com,Guest,,,Invitation,
mstrozzi,mstrozzi_freyssinet.com.mx#EXT#@icavecommx0.onmicrosoft.com,Guest,,,Invitation,
mvazquez,mvazquez_parker-russell.com#EXT#@icavecommx0.onmicrosoft.com,Guest,,,Invitation,
mxo.cdiaz,mxo.cdiaz_cma-cgm.com#EXT#@icavecommx0.onmicrosoft.com,Guest,,,Invitation,
"Myron Ma (Hutchison Ports, OPERATIONS)",ma.myronch_hutchisonports.com#EXT#@icavecommx0.onmicrosoft.com,Guest,,,Invitation,
n.gupta,n.gupta_isdbahamas.com#EXT#@icavecommx0.onmicrosoft.com,Guest,,,Invitation,
N.HERNANDEZ,N.HERNANDEZ_CONGLOBAL.COM#EXT#@icavecommx0.onmicrosoft.com,Guest,,,Invitation,
N4 User,N4User@fcpbahamas.com,Member,TRUE,,,
Nadeka Liscombe,Liscombe.nadeka@fhcbahamas.com,Member,TRUE,Freeport Harbour Company,,FHC Marine Control Department
Nadia Citlalli Hernandez Magaña,soporte.gestionadva@lctpc.com.mx,Member,TRUE,Hutchison Ports LCT,,Jefatura de Sistemas Portuarios
Nadio Rolle,Rolle.Nadio@fhcbahamas.com,Member,TRUE,Freeport Harbour Company,,FHC Cargo Department
Nadiuska Dixon,ndixon@ppc.com.pa,Member,TRUE,Panama Ports Company,,Tecnología de Información
Nallely De los Angeles Dominguez Rios,dominguez.nallely@icave.com.mx,Member,TRUE,Hutchison Ports ICAVE,,Gerencia de Administración
namibia.d@sealandmaersk.com,namibia.d_sealandmaersk.com#EXT#@icavecommx0.onmicrosoft.com,Guest,,,Invitation,
Nancy Sanchez Rojas,sanchez.nancy@hutchisonports.com.mx,Member,TRUE,Hutchison Ports México,,Contabilidad
Nassira De Leon,ndeleon@ppc.com.pa,Member,TRUE,Panama Ports Company,,Operaciones
Natalia Rodriguez Bravo,rodriguez.natalia@hutchisonports.com.mx,Member,TRUE,Hutchison Ports ICAVE,,Planning Center
Natalie Kersaint,kersaint.natalie@fcpbahamas.com,Member,TRUE,Freeport Container Port,,FCP Operations Department
Natanya Cooper,Cooper.Natanya@fcpbahamas.com,Member,TRUE,Freeport Container Port,,FCP Security Department
Natasha Bain,Bain.Natasha@fcpbahamas.com,Member,TRUE,Freeport Container Port,,FCP Operations Department
Natasha Barry,Barry.Natasha@fcpbahamas.com,Member,TRUE,Freeport Container Port,,FCP Operations Department
Natasha Pierre,pierre.natasha@fcpbahamas.com,Member,TRUE,Freeport Container Port,,Human Resources Department
navani,navani_wegon.com.mx#EXT#@icavecommx0.onmicrosoft.com,Guest,,,Invitation,
Navis Support,Navis.Support@fcpbahamas.com,Member,TRUE,,,
Naydelin Guadalupe Villegas Cabrera,villegas.naydelin@enseit.com,Member,TRUE,Hutchison Ports EIT,,Previos
Nayeli Denisse Ramirez Torres,nramirez@enseit.com,Member,TRUE,Hutchison Ports EIT,,Control Administrativos EIT
nayeli.1999.sep,nayeli.1999.sep_gmail.com#EXT#@icavecommx0.onmicrosoft.com,Guest,,,Invitation,
nayeli.ramirez,nayeli.ramirez_sentinelti.com.mx#EXT#@icavecommx0.onmicrosoft.com,Guest,,,Invitation,
nayeli9.um,nayeli9.um_gmail.com#EXT#@icavecommx0.onmicrosoft.com,Guest,,,Invitation,
Nayelli Uscanga Muñoz,uscanga.nayelli@tnghph.com.mx,Member,TRUE,Hutchison Ports TNG,,Inspection and Testing Control
nayleth2410,nayleth2410_gmail.com#EXT#@icavecommx0.onmicrosoft.com,Guest,,,Invitation,
nblsdemexico,nblsdemexico_gmail.com#EXT#@icavecommx0.onmicrosoft.com,Guest,,,Invitation,
Neftali Gomez Juarez,gomez.neftali@enseit.com,Member,TRUE,Hutchison Ports EIT,,Seguridad Portuaria
Neila Jesse,njesse@ppc.com.pa,Member,TRUE,Panama Ports Company,,Operaciones
Neira Ivette Montero Lagunes,nmontero_conglobal.com#EXT#@icavecommx0.onmicrosoft.com,Guest,,,Invitation,
Neisa De Gracia,ndegracia@ppc.com.pa,Member,TRUE,Panama Ports Company,,Operaciones
Nelida Valencia Tovar,valencia.nelida@timsamx.com,Member,TRUE,Hutchison Ports TIMSA,,Facturación
Nelson  Acosta,nacosta@ppc.com.pa,Member,TRUE,Panama Ports Company,,Operaciones
Nelson Jair Landa Marquez,landa.nelson@hutchisonports.com.mx,Member,TRUE,Hutchison Ports ICAVE,,Planning Center
Nelson Miranda,nmiranda@ppc.com.pa,Member,TRUE,Panama Ports Company,,Protección y Seguridad
Nelson Smith,Smith.Nelson@fcpbahamas.com,Member,TRUE,Freeport Container Port,,FCP Engineering Department
Nestor Alonso Torres Sánchez,soporte.apps04@lctpc.com.mx,Member,TRUE,Hutchison Ports LCT,,Jefatura de Sistemas Portuarios
Nestor Baez Ordoñez,baez.nestor@timsamx.com,Member,TRUE,Hutchison Ports TIMSA,,Salud Ocupacional y Seguridad
Nestor Daniel Garcia Viveros,garcia.nestor@icave.com.mx,Member,TRUE,Hutchison Ports ICAVE,,Gerencia de Operaciones
Nestor Jesus Salinas Rosales,soporte.ds03@lctpc.com.mx,Member,TRUE,Hutchison Ports LCT,,Jefatura de Sistemas Portuarios
Nestor Solorzano,nsolorzano@ppc.com.pa,Member,TRUE,Panama Ports Company,,Operaciones
Nestor Yair Barros Castillo,barros.nestor@tnghph.com.mx,Member,TRUE,Hutchison Ports TNG,,Production & Maintenance
Neville Brennen,Brennen.Neville@fcpbahamas.com,Member,TRUE,Freeport Container Port,,FCP Engineering Department
Newrika Missick,NewMissick@fcpbahamas.com,Member,TRUE,Freeport Container Port,,FCP Operations Department
Nicanor De La Espada,ndelaespada@ppc.com.pa,Member,TRUE,Panama Ports Company,,Operaciones
Nickaro Bailou,Bailou.Nickaro@FHCBAHAMAS.COM,Member,TRUE,Freeport Harbour Company,,FHC Marine Control Department
Nicodemo Pineda,npineda@ppc.com.pa,Member,TRUE,Panama Ports Company,,Proteccion y Seguridad
Nicolas de Jesus Ramirez Arauz,ramirez.nicolas@tnghph.com.mx,Member,TRUE,Hutchison Ports TNG,,Panol
Nicolás Hernández Rico,hernandez.nicolas@container-care.com,Member,TRUE,Container Care ICAVE,,Gerencia de Container Care
Nicolás Pérez Pérez,perez.nicolas@icave.com.mx,Member,TRUE,Hutchison Ports ICAVE,,Gerencia de Administración
Nicolas Quevedo Cano,quevedo.nicolas@tnghph.com.mx,Member,TRUE,Hutchison Ports TNG,,Infrastructure
Nicolas Salinas Perez,salinas.nicolas@tilh.com.mx,Member,TRUE,Hutchison Ports TILH,,Jefatura de Operaciones
Nicolas Young,nyoung@ppc.com.pa,Member,TRUE,Panama Ports Company,,Recursos Humanos
Ning.Franco,Ning.Franco_hutchisonports.com#EXT#@icavecommx0.onmicrosoft.com,Guest,,,Invitation,
"Ninoshka Martinez (SEC, Contractor)",nimartinez@ppc.com.pa,Member,TRUE,Panama Ports Company,,Protección y Seguridad
Nivaldo Martinez,nmartinez_dexfreight.io#EXT#@icavecommx0.onmicrosoft.com,Guest,,Dexfreight,Invitation,
Nixzia Vianey Reyna Ortega,reyna.nixzia@enseit.com,Member,TRUE,Hutchison Ports EIT,,Control Aduanero
Noé Hernández González,hernandez.noe@timsamx.com,Member,TRUE,Hutchison Ports TIMSA,,Subgerencia de Mantenimiento
Noe Montoya Angulo,montoya.noe@enseit.com,Member,TRUE,Hutchison Ports EIT,,Operaciones
Noe Morales Rivera,morales.noe@icave.com.mx,Member,TRUE,Asesoría Técnica,,Gerencia de Operaciones
Noe Nava Maravilla,nava.noe@lctpc.com.mx,Member,TRUE,Hutchison Ports LCT,,Jefatura de Vacios
Noe Quetzalcoatl Herrera Gonzalez,herrera.noe@timsamx.com,Member,TRUE,Hutchison Ports TIMSA,,Subgerencia de Sistemas
Noe Ricardo Torres Nuñez,torres.noe@lctpc.com.mx,Member,TRUE,Hutchison Ports LCT,,Subgerencia de Mantenimiento
Noel Campbell,ncampbell@ppc.com.pa,Member,TRUE,Panama Ports Company,,Tecnología de Información
Noel Lau,nlau@ppc.com.pa,Member,TRUE,Panama Ports Company,,Ingeniería
"Noel Rodriguez (FIN, Contractor)",nrodriguez@ppc.com.pa,Member,TRUE,Panama Ports Company,,Finanzas
Noel Soto,nsoto@ppc.com.pa,Member,TRUE,Panama Ports Company,,Ingeniería
Noemí Bibiano Hidalgo,bibiano.noemi@lctpc.com.mx,Member,TRUE,Hutchison Ports LCT,,Jefatura de Puerta de Salida
Noemí Bibiano Hidalgo LCMT,bibiano.noemimt@lcmt.mx,Member,FALSE,Hutchison Ports LCMT,,Puerta de Salida
Noemi Guerrero Gomez,guerrero.noemi@timsamx.com,Member,TRUE,Hutchison Ports TIMSA,,Servicios a la Carga/COP
Noemi Irasema Hernandez Nava,asistente.ca3@lctpc.com.mx,Member,TRUE,Hutchison Ports LCT,,Jefatura de Control Aduanero
Noemi Irasema Hernandez Nava LCMT,hernandez.noemimt@lcmt.mx,Member,FALSE,Hutchison Ports LCMT,,Jefatura de Control Aduanero
nohemi,nohemi_sillymatter.com#EXT#@icavecommx0.onmicrosoft.com,Guest,,,Invitation,
Nombramientosg,nombramientosg@lctpc.com.mx,Member,TRUE,Hutchison Ports LCT,,Subgerencia de Recursos Humanos
Nora Lizeth Romero Aguirre,nromero@enseit.com,Member,TRUE,Hutchison Ports EIT,,Aplicaciones Operativas
Nora Luisa Espinosa Lopez,espinosa.nora@tnghph.com.mx,Member,TRUE,Hutchison Ports TNG,,Assistant Manager Design and Management
Norberto Torres,consultor.cegid03@icave.com.mx,Member,TRUE,Asesoria tecnica,,Subgerencia de TI
Noriel Martinez,nmartinez@ppc.com.pa,Member,TRUE,Panama Ports Company,,Almacén
Norma Fernández,norma.fernandez_selome.com#EXT#@icavecommx0.onmicrosoft.com,Guest,,,Invitation,
Norma Juriana Oceguera Montalvo,oceguera.norma@hutchisonports.com.mx,Member,TRUE,Hutchison Ports México,,Gerencia de Administración
North Gate,NorthGate@fhcbahamas.com,Member,,,,
notaria20veracruz,notaria20veracruz_gmail.com#EXT#@icavecommx0.onmicrosoft.com,Guest,,,Invitation,
notaria20veracruz,notaria20veracruz_hotmail.com#EXT#@icavecommx0.onmicrosoft.com,Guest,,,Invitation,
Notificación,notificacion@icave.com.mx,Member,TRUE,Hutchison Ports ICAVE,,Gerencia de Administración
Notificaciones,notificaciones@icave.com.mx,Member,FALSE,Hutchison Ports ICAVE,,Subgerencia de Sistemas
Notificaciones  App TNG,Tng.App@tnghph.com.mx,Member,TRUE,Hutchison Ports TNG,,
notificaciones lc,lc_notificaciones@lctpc.com.mx,Member,TRUE,Hutchison Ports LCT,,
Notificaciones mobilePORT,notificaciones.mp@hutchisonports.com.mx,Member,TRUE,Hutchison Ports México,,Dirección de Finanzas y Administración
Notificaciones MT,notificaciones.mt@lcmt.mx,Member,TRUE,Hutchison Ports LCMT,,Jefatura de Sistemas Portuarios
Notificaciones Nómina,notificacion.nomina@hutchisonports.com.mx,Member,TRUE,Hutchison Ports ICAVE,,Subgerencia de Sistemas
Notificaciones Operaciones,notificaciones.op@icave.com.mx,Member,TRUE,Hutchison Ports ICAVE,,Subgerencia de operaciones
Notificaciones SPF,notificaciones.spf@icave.com.mx,Member,,,,
nroman,nroman_transpac.com.mx#EXT#@icavecommx0.onmicrosoft.com,Guest,,,Invitation,
ocoronel,ocoronel_predesa.com.mx#EXT#@icavecommx0.onmicrosoft.com,Guest,,,Invitation,
OCP,hpmx.planningcenter@hutchisonports.com.mx,Member,,,,
OCP LCTPC,planningcenter.lct@lctpc.com.mx,Member,,,,
Octavio Batista,obatista@ppc.com.pa,Member,TRUE,Panama Ports Company,,Almacén
Octavio Cota Valdés,cota.octavio@enseit.com,Member,TRUE,Hutchison Ports ECV,,Marina
Octavio Fabian Lemus Gallaga,lemus.octavio@tilh.com.mx,Member,TRUE,Hutchison Ports TILH,,Comercial
Octavio Orlando Garcia Chavez,garcia.octavio@tilh.com.mx,Member,TRUE,Hutchison Ports TILH,,Subgerencia de Operaciones
Odalyz Vianey Calvillo Garcia,calvillo.odalyz@timsamx.com,Member,TRUE,Hutchison Ports TIMSA,,Control Tower
Oficiales ProteccionCTBL,oproteccionctbl@ppc.com.pa,Member,TRUE,Panama Ports Company,,Seguridad y Proteccion Portuaria
Ogeler Pérez,operez@ppc.com.pa,Member,TRUE,Panama Ports Company,,Cadena de Abastecimiento
oiramtz,oiramtz_outlook.com#EXT#@icavecommx0.onmicrosoft.com,Guest,,,Invitation,
Oleander Room,OleanderRoom@fhcbahamas.com,Member,,,,
Oliver Chiru,ochiru@ppc.com.pa,Member,TRUE,Panama Ports Company,,Tecnología de Información
Oliver Juárez Lozano,juarez.oliver@lctpc.com.mx,Member,TRUE,Hutchison Ports LCT,,Jefatura de Relaciones Laborales
oliver.olea,oliver.olea_lotcomunicacion.com#EXT#@icavecommx0.onmicrosoft.com,Guest,,,Invitation,
Olivia Vivanco Quiroz,vivanco.olivia@icave.com.mx,Member,TRUE,Hutchison Ports México,,Dirección de Finanzas y Administración
Ollincuauhtli Méndez Ramírez,mendez.cuauhtli@enseit.com,Member,TRUE,Hutchison Ports EIT,,Gerencia General
Omar Batista,ombatista@ppc.com.pa,Member,TRUE,Panama Ports Company,,Operaciones
Omar Brooks,obrooks@ppc.com.pa,Member,TRUE,Panama Ports Company,,Operaciones
Omar Cristen García,cristen.omar@icave.com.mx,Member,TRUE,Hutchison Ports ICAVE,,Gerencia de Operaciones
Omar Cuevas Que,cuevas.omar@icave.com.mx,Member,TRUE,Hutchison Ports ICAVE,,Gerencia de Operaciones
Omar Ladron de Guevara Barrientos,ladron.omar@tnghph.com.mx,Member,TRUE,Hutchison Ports TNG,,Maintenance
Omar Morales,omorales@ppc.com.pa,Member,TRUE,Panama Ports Company,,Operaciones
Omar Santana Toledo Menchaca,otoledo@enseit.com,Member,TRUE,Hutchison Ports EIT,,Comercializacion
On-Premises Directory Synchronization Service Account,Sync_HPH3WP-ACD1_8e111b1f1d04@icavecommx0.onmicrosoft.com,Member,TRUE,,,
On-Premises Directory Synchronization Service Account,Sync_HPH3WP-ADCONN_d63c90d0cfd4@icavecommx0.onmicrosoft.com,Member,TRUE,,,
Oneil Wildgoose,Wildgoose.Oneil@fcpbahamas.com,Member,TRUE,Freeport Container Port,,FCP Operations Department
Operaciones LCTPC,operaciones.lct@lctpc.com.mx,Member,TRUE,Hutchison Ports LCT,,Jefatura de Vacios
Operaciones Muelle,diazb.miguel@timsamx.com,Member,TRUE,Hutchison Ports TIMSA,,Operaciones
Operador de Control Aduanero,ope.aduanero@icave.com.mx,Member,TRUE,Hutchison Ports ICAVE,,Gerencia de Administración
Operador Puerta de Entrada NT,Puertaentradant@lctpc.com.mx,Member,TRUE,Hutchison Ports LCT,,Subgerencia de Planning
Operadores de Puerta de Entrada T1,Pentrada@lctpc.com.mx,Member,TRUE,Hutchison Ports LCT,,Subgerencia de Planning
Operadores Pórtico 1,opportico1@icave.com.mx,Member,TRUE,Hutchison Ports ICAVE,,Gerencia de Operaciones
Operadores Pórtico 2,opportico2@icave.com.mx,Member,TRUE,Hutchison Ports ICAVE,,Gerencia de Operaciones
Operadores Pórtico 3,opportico3@icave.com.mx,Member,TRUE,Hutchison Ports ICAVE,,Gerencia de Operaciones
operations,operations_imexmarine.com#EXT#@icavecommx0.onmicrosoft.com,Guest,,,Invitation,
ops,ops@fcpbahamas.com,Member,TRUE,,,
ordendecompra,ordendecompra@ppc.com.pa,Member,TRUE,Panama Ports Company,,Compras
Oreean Fernando Gallardo Pinos,gallardo.oreean@enseit.com,Member,TRUE,Hutchison Ports EIT,,Contabilidad
Orlando Arauz,orlandoa@ppc.com.pa,Member,TRUE,Panama Ports Company,,Ingeniería
Orlando Muñiz Guevara,mu_iz.orlando@icavecommx0.onmicrosoft.com,Member,TRUE,Hutchison Ports LCT,,Puerta de  Salida
Ortavia Rolle,rolle.ortavia@fcpbahamas.com,Member,TRUE,Freeport Container Port,,FCP Operations Department
Ortiz Robles Jose Norberto,ortiz.norberto@tnghph.com.mx,Member,TRUE,Hutchison Ports TNG,,Inspection and Testing Control
Oscar Alejandro Torres Vizcaino,torres.oscar@timsamx.com,Member,TRUE,Hutchison Ports TIMSA,,Recursos Humanos
Oscar Ariel Cruz Mejia,asistente.contable@tilh.com.mx,Member,TRUE,Hutchison Ports TILH,,Contabilidad
Oscar Castillo,ocastillo@ppc.com.pa,Member,TRUE,Panama Ports Company,,Operaciones
Oscar Couary Arauz,couary.oscar@icave.com.mx,Member,TRUE,Hutchison Ports ICAVE,,Gerencia de Operaciones
Oscar Daniel Neri Velez,neri.oscar@lctpc.com.mx,Member,TRUE,Hutchison Ports LCT,,Subgerencia de Mantenimiento
Oscar Daniel Tepatlan Blanco,tepatlan.oscar@icave.com.mx,Member,TRUE,Hutchison Ports ICAVE,,Control Tower
Oscar David Guevara Reyes,guevara.oscar@icave.com.mx,Member,TRUE,Hutchison Ports ICAVE,,Gerencia de Operaciones
Oscar Gerardo Balcells Cayetano,balcells.oscar@icave.com.mx,Member,TRUE,Hutchison Ports ICAVE,,Gerencia de Operaciones
Oscar Lopez Perez,lopez.oscar@tilh.com.mx,Member,TRUE,Hutchison Ports TILH,,Jefatura de Administración Aduanal
Oscar Manuel Castro Serrano,castro.oscar@enseit.com,Member,TRUE,Hutchison Ports EIT,,Vacios EIT
Oscar Medina Alarcon,medina.oscar@icave.com.mx,Member,TRUE,Hutchison Ports ICAVE,,Gerencia de Operaciones
Oscar Mendez Angeles,mendez.oscar@timsamx.com,Member,TRUE,Hutchison Ports TIMSA,,Almacen y Previos
Oscar Moreno Juarez,moreno.oscar@enseit.com,Member,TRUE,Hutchison Ports EIT,,Finanzas y Productividad
Oscar Newman,Newman.Oscar@FHCBAHAMAS.COM,Member,TRUE,Freeport Harbour Company,,FHC Marine Control Department
Oscar Urena,ourena@ppc.com.pa,Member,TRUE,Panama Ports Company,,Operaciones
Oscar Uriel Martinez Reyes,martinez.oscar@icavecommx0.onmicrosoft.com,Member,TRUE,Hutchison Ports LCT,,Jefatura de Control y Equipo
"Osejo Rodriguez, Jorge",jorge.rodriguez_boskalis.com#EXT#@icavecommx0.onmicrosoft.com,Guest,,,Invitation,
Oskarch Patino,opatino@ppc.com.pa,Member,TRUE,Panama Ports Company,,Ingeniería
osorio.oscar,osorio.oscar_hotmail.com#EXT#@icavecommx0.onmicrosoft.com,Guest,,,Invitation,
Osvaldo Arosemena,oarosemena@ppc.com.pa,Member,TRUE,Panama Ports Company,,Operaciones
Oswaldo Antonio Castro Malaga,castro.oswaldo@lctpc.com.mx,Member,TRUE,Hutchison Ports LCT,,Subgerencia de Planeacion
Oswaldo Ortiz Chavez,oortiz@enseit.com,Member,TRUE,Hutchison Ports ECV,,Operación Cruceros
ouscanga,ouscanga_parker-russell.com#EXT#@icavecommx0.onmicrosoft.com,Guest,,,Invitation,
Owen Thompson,Thompson.Owen@FHCBAHAMAS.COM,Member,TRUE,Freeport Harbour Company,,FHC Marine Control Department
Oziel de Jesus Vergara Guatzozon,vergara.oziel@icave.com.mx,Member,TRUE,Hutchison Ports ICAVE,,Almacen de Refacciones
p f,pfe@lctpc.com.mx,Member,TRUE,Hutchison Ports LCT,,
p f,pfe.lcmt@lcmt.mx,Member,TRUE,Hutchison Ports LCT,,Jefatura de Sistemas Portuarios
p.michel,p.michel_iopsamzo.com.mx#EXT#@icavecommx0.onmicrosoft.com,Guest,,,Invitation,
Pablo Alfonso Ojeda Gutiérrez,ojeda.pablo@icave.com.mx,Member,TRUE,Hutchison Ports ICAVE,,Gerencia de Administración
Pablo Alvarez Araiza,alvarez.pablo@lctpc.com.mx,Member,TRUE,Hutchison Ports LCT,,Subgerencia de Planeacion
Pablo Antonio Ordoñez Mora,ordonez.pablo@hutchisonports.com.mx,Member,TRUE,Hutchison Ports México,,Dirección de Finanzas y Administración
Pablo González Carballo,consultor.ecm01@icavecommx0.onmicrosoft.com,Member,TRUE,Asesoria Técnica,,Subgerencia de Sistemas
Pablo Jesus Almada Ranalli,aux.telecom@timsamx.com,Member,TRUE,Hutchison Ports TIMSA,,Infraestructura
Pablo Juan de Dios Huerta Angelina,huerta.pablo@timsamx.com,Member,TRUE,Hutchison Ports TIMSA,,Mantenimiento
Pablo Utrilla Villagomez,utrilla.pablo@tnghph.com.mx,Member,TRUE,Hutchison Ports TNG,,Project
Pablo.rodriguez3,Pablo.rodriguez3_softwareone.com#EXT#@icavecommx0.onmicrosoft.com,Guest,,,Invitation,
pacheco.daniel,pacheco.daniel_tecnosoft.tech#EXT#@icavecommx0.onmicrosoft.com,Guest,,,Invitation,
pacodelareguera,pacodelareguera_cent.edu.mx#EXT#@icavecommx0.onmicrosoft.com,Guest,,,Invitation,
Pagos,pagos@ppc.com.pa,Member,TRUE,,,Finanzas
Pagos TILH,pagos.tilh@tilh.com.mx,Member,TRUE,Hutchison Ports TILH,,Gerencia de Administración y Finanzas
Pamela Valenzuela Barajas,pvalenzuela@enseit.com,Member,TRUE,Hutchison Ports ECV,,Cuentas por Cobrar
Pamela Zepeda Santillan,administracion.tilh@tilh.com.mx,Member,TRUE,Hutchison Ports TILH,,Jefatura de Recursos Humanos
Paol Gonzalez,pgonzalez@ppc.com.pa,Member,TRUE,Panama Ports Company,,Operaciones
Paola del Carmen Yepez Dominguez,yepez.paola@tnghph.com.mx,Member,TRUE,Hutchison Ports TNG,,Integrated Management System
Paola Horak Mata,pp.cnn@icave.com.mx,Member,TRUE,Hutchison Ports ICAVE,,Centro Nacional de Nóminas
Paola Suman,psuman@ppc.com.pa,Member,TRUE,Panama Ports Company,,Servicios Comerciales
Paolo Rojas Cessa,rojas.paolo@hutchisonports.com.mx,Member,TRUE,Asesoría Técnica - Ehecatl,,Infraestructura de TI GSTI y Gerencia de Finanzas.
Paoly Pollett Ochoa Camarena,ochoa.paoly@enseit.com,Member,TRUE,Hutchison Ports EIT,,Facturación
Patio de Vacios NT,Patiodevaciosnt@lctpc.com.mx,Member,TRUE,Hutchison Ports LCT,,Jefatura de Vacios
Patreka Pinder,pinder.patreka@fcpbahamas.com,Member,TRUE,Freeport Container Port,,Information Technology Department
Patricia Lozano Espinoza,lozano.patricia@timsamx.com,Member,TRUE,Hutchison Ports TIMSA,,Salud Ocupacional y Seguridad
patricia.perez,patricia.perez_capstechnology.co#EXT#@icavecommx0.onmicrosoft.com,Guest,,,Invitation,
Patrick Bain,Bain.Patrick@fcpbahamas.com,Member,TRUE,Freeport Container Port,,Information Technology Department
Patrick Thompson,Thompson.Patrick@fcpbahamas.com,Member,TRUE,Freeport Container Port,,FCP Engineering Department
Paul Bastian,bastian.paul@fcpbahamas.com,Member,TRUE,Freeport Container Port,,FCP Engineering Department
Paul Pomare,ppomare@ppc.com.pa,Member,TRUE,Panama Ports Company,,Operaciones
paul.ma,paul.ma_ptcl.com.hk#EXT#@icavecommx0.onmicrosoft.com,Guest,,,Invitation,
Paula Estela Perez Romero,auxiliar.datos@icave.com.mx,Member,TRUE,Asesoría Técnica,,Gerencia Senior de Operaciones
paulina,paulina_aponteconsultores.com#EXT#@icavecommx0.onmicrosoft.com,Guest,,,Invitation,
Pedro Adles,padles@ppc.com.pa,Member,TRUE,Panama Ports Company,,Ingeniería
Pedro Alexander Pulido Lopez,pulido.pedro@icave.com.mx,Member,TRUE,Hutchison Ports ICAVE,,Operaciones
Pedro de Jesus Varela Martínez,varela.pedro@icave.com.mx,Member,TRUE,Hutchison Ports ICAVE,,Gerencia de Operaciones
Pedro Enriquez Díaz Velázquez,diaz.pedro@enseit.com,Member,TRUE,Hutchison Ports EIT,,Mantenimiento
Pedro Felipe Trillo Romero,trillo.pedro@icave.com.mx,Member,TRUE,Hutchison Ports ICAVE,,Gerencia de Operaciones
Pedro Flores Saustegui,flores.pedro@lctpc.com.mx,Member,TRUE,Hutchison Ports LCT,,Subgerencia de Mantenimiento
Pedro Garriga,pgarriga@ppc.com.pa,Member,TRUE,Panama Ports Company,,Operaciones
Pedro Gomez Hernandez,gomez.pedro@timsamx.com,Member,TRUE,Hutchison Ports TIMSA,,Servicios
Pedro Martinez Ramos,martinez.pedro@tnghph.com.mx,Member,TRUE,Hutchison Ports TNG,,Production & Maintenance
Pedro Pineda,ppineda@ppc.com.pa,Member,TRUE,Panama Ports Company,,Ingeniería
Pedro Sanchez,psanchez@ppc.com.pa,Member,TRUE,Panama Ports Company,,Ingeniería
perico,perico_grupoaguilar.com.mx#EXT#@icavecommx0.onmicrosoft.com,Guest,,,Invitation,
Perla Ayala Torres,ayala.perla@lctpc.com.mx,Member,TRUE,Hutchison Ports LCT,,Subgerencia de Compras y Servicios
Perla Giazul Andrade Duran,andrade.perla@tilh.com.mx,Member,TRUE,Hutchison Ports TILH,,Comercial
Perla Grisell Roman García,roman.perla@enseit.com,Member,TRUE,Hutchison Ports EIT,,Facturación y Control de Ingresos
Phillip Maycock,MaycockC.Phillip@fcpbahamas.com,Member,TRUE,,,Information Technology Department
Phillip Maycock,Maycock.Phillip@fcpbahamas.com,Member,TRUE,Freeport Container Port,,Information Technology Department
Phillip Pinder,pinder.phillip@fcpbahamas.com,Member,TRUE,Freeport Container Port,,FCP Operations Department
Phillippa Woodside,Woodside.Phillippa@fcpbahamas.com,Member,TRUE,Freeport Container Port,,FCP Engineering Department
Phyllis Wong,pwong@ppc.com.pa,Member,TRUE,Panama Ports Company,,Cadena de Abastecimiento
phylliswong0627,phylliswong0627_gmail.com#EXT#@icavecommx0.onmicrosoft.com,Guest,,,Invitation,
Pilar Angel Estrada Chaidez,estrada.pilar@lctpc.com.mx,Member,TRUE,Hutchison Ports LCT,,Gerente de Operaciones
Planeación Marítima,planeacion.maritima@icave.com.mx,Member,TRUE,Hutchison Ports ICAVE,,Gerencia de Operaciones
Planning Center EIT,eit.planningcenter@hutchisonports.com.mx,Member,TRUE,Hutchison Ports EIT,,Planning Center
Planning Center ICAVE,icave.planningcenter@hutchisonports.com.mx,Member,TRUE,Hutchison Ports ICAVE,,Planning Center
Planning Center LCT,lct.planningcenter@hutchisonports.com.mx,Member,TRUE,Hutchison Ports LCT,,Planning Center
Planning Center TIMSA,timsa.planningcenter@hutchisonports.com.mx,Member,TRUE,Hutchison Ports TIMSA,,Planning Center
Planning Department,planning@fcpbahamas.com,Member,TRUE,,,FCP Operations Department
Planning LCMT,planning.mt@lcmt.mx,Member,TRUE,Hutchison Ports LCMT,,
Planning Services,planningservices@icave.com.mx,Member,,,,
Planningtilh,planningtilh@tilh.com.mx,Member,TRUE,Hutchison Ports TILH,,Jefatura de Planeación
Plinio Maure,pmaure@ppc.com.pa,Member,TRUE,Panama Ports Company,,Recursos Humanos
POC Fabric Operativas,poc.ope@icavecommx0.onmicrosoft.com,Member,,,,
poon.wilsonhy,poon.wilsonhy_hutchisonports.com#EXT#@icavecommx0.onmicrosoft.com,Guest,,,Invitation,
Power Automate RPAs,rpa.sgsa@icave.com.mx,Member,TRUE,Hutchison Ports México,,Dirección de Finanzas y Administración
pp.comercial,pp.comercial@enseit.com,Member,TRUE,Hutchison Ports EIT,,Comercializacion
PPC daily online news,PPCdailyonlinenews@ppc.com.pa,Member,TRUE,Panama Ports Company,,Comunicacion
Practicante Comercial,practicas.comercial@lctpc.com.mx,Member,TRUE,Hutchison Ports LCT,,Gerencia Comercial
Practicante Comercio Exterior,p.comercio@icavecommx0.onmicrosoft.com,Member,TRUE,Hutchison Ports TNG,,Foreign Trade
Practicante de Calidad,practicante.calidad@lctpc.com.mx,Member,TRUE,Hutchison Ports LCT,,Jefatura de Calidad
Practicante de Compras,practicas.compras@lctpc.com.mx,Member,TRUE,Hutchison Ports LCT,,Subgerencia de Compras y Servicios
Practicante de Compras,pp.compras@icave.com.mx,Member,TRUE,Hutchison Ports México,,Dirección de Finanzas y Administración
Practicante de Ingenieria,practicas.ingenieria@lctpc.com.mx,Member,TRUE,Hutchison Ports LCT,,Subgerencia de Ingenieria y Desarrollo
Practicante de Mantenimiento Estructural,pp.manttoes@icave.com.mx,Member,TRUE,Hutchison Ports ICAVE,,Subgerencia de Mantenimiento ICAVE
Practicante de Mejora Continua y Calidad,pp.mejora@enseit.com,Member,TRUE,,,
Practicante de Proteccion Portuaria,practicas.proteccion@lctpc.com.mx,Member,TRUE,Hutchison Ports LCT,,Jefatura de Proteccion Portuaria
Practicante de Proyectos,practicas.proyectos2@lctpc.com.mx,Member,TRUE,Hutchison Ports LCT,,Jefatura de Proyectos e Innovacion
Practicante de Proyectos,practicas.proyectos@lctpc.com.mx,Member,TRUE,Hutchison Ports LCT,,Subgerencia de Proyectos
Practicante de Sosypa,practicante.sosypa@lctpc.com.mx,Member,TRUE,Hutchison Ports LCT,,Jefatura de Sosypa
Practicante Gerencia,p.gerencia@icavecommx0.onmicrosoft.com,Member,TRUE,Hutchison Ports TNG,,General Management
Practicante InternShip,pp.ti4@icavecommx0.onmicrosoft.com,Member,TRUE,Practicas Profecionales,,Information and Technology
Practicante InternShip,pp.ti2@icavecommx0.onmicrosoft.com,Member,TRUE,Practicas Profecionales,,Information and Technology
Practicante InterShip,pp.ti6@icavecommx0.onmicrosoft.com,Member,TRUE,Practicas Profecionales,,Information and Technology
Practicante InterShip,pp.ti5@icavecommx0.onmicrosoft.com,Member,TRUE,Practicas Profecionales,,Information and Technology
Practicante InterShip,pp.ti1@icavecommx0.onmicrosoft.com,Member,TRUE,Practicas Profecionales,,Information and Technology
Practicante InterShip,pp.ti7@icavecommx0.onmicrosoft.com,Member,TRUE,Practicas Profecionales,,Information and Technology
Practicante InterShip,pp.ti3@icavecommx0.onmicrosoft.com,Member,TRUE,Practicas Profecionales,,Information and Technology
Practicante MAC,pp.mac@lctpc.com.mx,Member,TRUE,Hutchison Ports LCT,,Gerencia Comercial
Practicante Mantenimiento,p.mantenimiento@icavecommx0.onmicrosoft.com,Member,TRUE,Hutchison Ports TNG,,Maintenance
Practicante SIG,p.sig@icavecommx0.onmicrosoft.com,Member,TRUE,Hutchison Ports TNG,,"TNG - Seguridad, Higiene y Medio Ambiente"
Practicantes Reclutamiento y Capacitación,practicas.recap@lctpc.com.mx,Member,TRUE,Hutchison Ports LCT,,Subgerencia de Recursos Humanos
Practicas Mejora Continua y Calidad,practicas.mcc@icave.com.mx,Member,TRUE,Hutchison Ports ICAVE,,Gerencia General
Pradeep Gupta,gupta.pradeep@fcpbahamas.com,Member,TRUE,,,Consultant
Prakasam Annamalai,p.annamalai_isdbahamas.com#EXT#@icavecommx0.onmicrosoft.com,Guest,,,Invitation,
prg1@allied.com.mx,prg1_allied.com.mx#EXT#@icavecommx0.onmicrosoft.com,Guest,,,Invitation,
"Priscila Peralta (FIN, Contractor)",pperalta@ppc.com.pa,Member,TRUE,Panama Ports Company,,Contabilidad
"Procter, Thomas",thomas.procter_wsp.com#EXT#@icavecommx0.onmicrosoft.com,Guest,,,Invitation,
Programador 2,prg2_allied.com.mx#EXT#@icavecommx0.onmicrosoft.com,Guest,,,Invitation,
Prospero Quintana,pquintana@ppc.com.pa,Member,TRUE,Panama Ports Company,,Ingeniería
Proveedores,proveedores@ppc.com.pa,Member,TRUE,Panama Ports Company,,Compras
Proyecto CFS,proyecto.cfs@hutchisonports.com.mx,Member,TRUE,Asesoria Técnica,,Innovación
proyectos,proyectos_torresconstructora.com#EXT#@icavecommx0.onmicrosoft.com,Guest,,,Invitation,
proyectos,proyectos_geoceanica.com.mx#EXT#@icavecommx0.onmicrosoft.com,Guest,,,Invitation,
proyectos01,proyectos01_grupoelecon.com#EXT#@icavecommx0.onmicrosoft.com,Guest,,,Invitation,
proyectos04,proyectos04_grupoelecon.com#EXT#@icavecommx0.onmicrosoft.com,Guest,,,Invitation,
proyectos1,proyectos1_deltaing-sustentable.com#EXT#@icavecommx0.onmicrosoft.com,Guest,,,Invitation,
proyectosopemsa,proyectosopemsa_gmail.com#EXT#@icavecommx0.onmicrosoft.com,Guest,,,Invitation,
prueba.planningcenter@hutchisonports.com.mx,prueba.planningcenter@icavecommx0.onmicrosoft.com,Member,,,,
Puerta de Entrada,puerta.entrada@tilh.com.mx,Member,TRUE,Hutchison Ports TILH,,
Puerta de entrada Interna 2,diaz.juan@timsamx.com,Member,TRUE,Hutchison Ports TIMSA,,Planeacion
Puertas de Entrada,pta.entrada@icave.com.mx,Member,TRUE,Hutchison Ports ICAVE,,Gerencia de Operaciones
Purchasing Courier,Purchasing.Courier@fcpbahamas.com,Member,TRUE,,,
PWC USER HK,hk.pwcuser@icavecommx0.onmicrosoft.com,Member,TRUE,,,
Qianna Johnson,johnson.qianna@fcpbahamas.com,Member,TRUE,Freeport Container Port,,FCP Finance Department
Quejas Licitación,quejas.licitacion@icavecommx0.onmicrosoft.com,Member,,,,
Quincy Gordon,Gordon.Quincy@FHCBAHAMAS.COM,Member,TRUE,Freeport Harbour Company,,FHC Cargo Department
Quinton Goddard,Goddard.Quinton@fcpbahamas.com,Member,TRUE,Freeport Container Port,,FCP Operations Department
Quorry Griffin,griffin.quorry@fcpbahamas.com,Member,TRUE,Freeport Container Port,,FCP Finance Department
radiocoysolid,radiocoysolid_outlook.com#EXT#@icavecommx0.onmicrosoft.com,Guest,,,Invitation,
Rafa,reta.rafael@icavecommx0.onmicrosoft.com,Member,,,,
rafa.cas.1995,rafa.cas.1995_gmail.com#EXT#@icavecommx0.onmicrosoft.com,Guest,,,Invitation,
Rafael Ángel Hernández Mora,hernandez.rafael@icave.com.mx,Member,TRUE,Hutchison Ports ICAVE,,Gerencia de Administración
Rafael Chiang Rascon,chiang.rafael@icave.com.mx,Member,TRUE,Asesoría Técnica,,Gerencia de Operaciones
Rafael Moran,rmoran@ppc.com.pa,Member,TRUE,Panama Ports Company,,Proyectos e Infraestructura
Rafael Murillo,rmurillo_murillo.legal#EXT#@icavecommx0.onmicrosoft.com,Guest,,,Invitation,
Rafael Rodriguez Morales,rodriguez.rafael@icave.com.mx,Member,TRUE,Hutchison Ports ICAVE,,Gerencia de Operaciones
Rafael Romero Alarcón,romero.rafael@lctpc.com.mx,Member,TRUE,Hutchison Ports LCT,,Jefatura de Muelle
Rafael Said Hernández Demeneghi,especialista.secops@icave.com.mx,Member,TRUE,Asesoría Técnica,,Sistemas
Rafael Sandoval Moctezuma,sandoval.rafael@hutchisonports.com.mx,Member,TRUE,Hutchison Ports México,,Gerencia de Administración
rafavilchismar,rafavilchismar_warantum.com.mx#EXT#@icavecommx0.onmicrosoft.com,Guest,,,Invitation,
Rainiero Hurtado,rhurtado@ppc.com.pa,Member,TRUE,Panama Ports Company,,Operaciones
Rajat Rajbhandari,rajat_dexfreight.io#EXT#@icavecommx0.onmicrosoft.com,Guest,,Dexfreight,Invitation,
Ramiro Pedraza Pulido LCMT,pedraza.ramiromt@lcmt.mx,Member,TRUE,Hutchison Ports LCMT,,Muelle-Patio
Ramón Atanasio Castellanos,consultor.cegid02@icavecommx0.onmicrosoft.com,Member,TRUE,Asesoria tecnica,,Subgerencia de TI
Ramón Guzmán Agíss,guzman.ramon@icave.com.mx,Member,TRUE,Hutchison Ports ICAVE,,Gerencia de Administración
Ramón Hernández Meraz,hernandez.ramon@lctpc.com.mx,Member,TRUE,Hutchison Ports LCT,,Jefatura de Facturacion
Ramón Hernández Meraz LCMT,hernandez.ramonmt@lcmt.mx,Member,FALSE,Hutchison Ports LCMT,,
Ramón León Nava,leon.ramon@icave.com.mx,Member,TRUE,Hutchison Ports ICAVE,,Muelle
ramon_peral,ramon_peral_abogados-ola.com.mx#EXT#@icavecommx0.onmicrosoft.com,Guest,,,Invitation,
Ramses Azuara Anguiano,azuara.ramses@enseit.com,Member,TRUE,Hutchison Ports EIT,,Mantenimiento a la Infraestructura
Rashad Newton,Newton.Rashad@fhcbahamas.com,Member,TRUE,Freeport Harbour Company,,FHC Marine Control Department
Raul Adame Rendon,adame.raul@lctpc.com.mx,Member,TRUE,Hutchison Ports LCT,,Subgerencia de Planeacion
Raul Alberto Garcia Camargo,garcia.raul@enseit.com,Member,TRUE,Hutchison Ports EIT,,Muelle
Raul Chong,rchong@ppc.com.pa,Member,TRUE,Panama Ports Company,,Operaciones
Raul Eligio Marin Cerezo,marin.raul@hutchisonports.com.mx,Member,TRUE,Hutchison Ports ICAVE,,"Subgerencia de Compras, Servicios y Digitalización"
Raúl Israel Nava Castillo,nava.raul@timsamx.com,Member,TRUE,Hutchison Ports TIMSA,,Planeacion
Raúl Martínez Pérez,martinez.raul@timsamx.com,Member,TRUE,Hutchison Ports TIMSA,,Recursos Humanos
Raúl Olivares Metzger,olivares.raul@icave.com.mx,Member,TRUE,Hutchison Ports ICAVE,,Gerencia de Operaciones
Raul Ramon Cruz,ramon.raul@tnghph.com.mx,Member,TRUE,Hutchison Ports TNG,,Infrastructure
Raúl Rosas Castañeda,rosas.raul@enseit.com,Member,TRUE,Hutchison Ports EIT,,Mantenimiento
Raul Valderrama,rvalderrama@ppc.com.pa,Member,TRUE,Panama Ports Company,,Direccion de Operaciones
raulbarillas,raulbarillas_yahoo.com.mx#EXT#@icavecommx0.onmicrosoft.com,Guest,,,Invitation,
Raymond Jones,raymond.jones_ctlmaritime.com#EXT#@icavecommx0.onmicrosoft.com,Guest,,,Invitation,
Raymundo Barradas Giles,barradas.raymundo@tnghph.com.mx,Member,TRUE,Hutchison Ports TNG,,Sales & Contracts
Raymundo Francisco Gonzalez Azamar,gonzalez.raymundo@tnghph.com.mx,Member,TRUE,Hutchison Ports TNG,,Maintenance Submanagement
Raymundo Molina Cordova,molina.raymundo@icave.com.mx,Member,TRUE,Hutchison Ports ICAVE,,Gerencia de Operaciones
raymundo.mata,raymundo.mata_imexmarine.com#EXT#@icavecommx0.onmicrosoft.com,Guest,,,Invitation,
rcmauddocs@maersk.com,rcmauddocs_maersk.com#EXT#@icavecommx0.onmicrosoft.com,Guest,,,Invitation,
rcmops@maersk.com,rcmops_maersk.com#EXT#@icavecommx0.onmicrosoft.com,Guest,,,Invitation,
rcmprod@maersk.com,rcmprod_maersk.com#EXT#@icavecommx0.onmicrosoft.com,Guest,,,Invitation,
rcolee,rcolee_hotmail.com#EXT#@icavecommx0.onmicrosoft.com,Guest,,,Invitation,
realsusa,realsusa_hotmail.com#EXT#@icavecommx0.onmicrosoft.com,Guest,,,Invitation,
Rebeca Torres Ponce,torres.rebeca@lctpc.com.mx,Member,TRUE,Hutchison Ports LCT,,Subgerencia de Planeacion
Recardo Williams,Williams.Recardo@fcpbahamas.com,Member,TRUE,Freeport Container Port,,FCP Engineering Department
recepcion,recepcion_dattainc.com.mx#EXT#@icavecommx0.onmicrosoft.com,Guest,,,Invitation,
"Recepcion Balboa (HR, Contractor)",recepcionbalboa@ppc.com.pa,Member,TRUE,Panama Ports Company,,Recursos Humanos
recepcion.not20,recepcion.not20_outlook.com#EXT#@icavecommx0.onmicrosoft.com,Guest,,,Invitation,
Reception Desk,ReceptionDesk@fhcbahamas.com,Member,,,,
receptionright@fhcbahamas.com,receptionright@fhcbahamas.com,Member,,,,
Recinto Fiscalizado Estrategico LCTPC,fiscalizado.recinto@lctpc.com.mx,Member,TRUE,Hutchison Ports LCT,,Control Aduanero
Reclutamiento Recursos Humanos,reclutamiento@icave.com.mx,Member,TRUE,Hutchison Ports ICAVE,,Gerencia de Administración
Reclutamiento Recursos Humanos,reclutamiento@enseit.com,Member,TRUE,Hutchison Ports EIT,,Recursos Humanos
Recursos Humanos ICAVE,RH.ICAVE@icavecommx0.onmicrosoft.com,Member,,,,
Reefers NT,Reefersnt@lctpc.com.mx,Member,TRUE,Hutchison Ports LCT,,Jefatura de Reefers
Regina Luna Mata,luna.regina@lctpc.com.mx,Member,TRUE,Hutchison Ports LCT,,Subgerencia de Planeacion
registroppc,registroppc@ppc.com.pa,Member,TRUE,Panama Ports Company,,Protección y Seguridad
Reinaldo Sharpe,rsharpe@ppc.com.pa,Member,TRUE,Panama Ports Company,,Ingeniería
Relaciones Públicas,relacionespublicas@hutchisonports.com.mx,Member,,,,
Relaciones Públicas Hutchison Ports México,rp@hutchisonports.com.mx,Member,,,,
Rene Avello Mendez,avello.rene@tnghph.com.mx,Member,TRUE,Hutchison Ports TNG,,Information Technology
Rene Galvan Belmonte,galvan.rene@enseit.com,Member,TRUE,Hutchison Ports EIT,,Gerencia de Operaciones
René Payán Tenorio,payan.rene@lctpc.com.mx,Member,TRUE,Hutchison Ports LCT,,Subgerencia de Servicios a la Carga
Renee Blatch-Roache,Blatch-Roache.Renee@fcpbahamas.com,Member,TRUE,Freeport Container Port,,FCP Legal Department
Report,Report@fcpbahamas.com,Member,TRUE,,,
"Resendiz, Juan Carlos",juancarlos.resendiz_lrqa.com#EXT#@icavecommx0.onmicrosoft.com,Guest,,,Invitation,
Reservacion Sala CFS-01,reserva.salacfs01@icavecommx0.onmicrosoft.com,Member,,,,
Reservacion Salas Morelos,reserva.salasmorelos@icavecommx0.onmicrosoft.com,Member,,,,
revaingenieria,revaingenieria_live.com#EXT#@icavecommx0.onmicrosoft.com,Guest,,,Invitation,
Reyes Barrios Loza,barrios.reyes@timsamx.com,Member,TRUE,Hutchison Ports TIMSA,,Operaciones
Reyes Zarco Ortega,zarco.reyes@timsamx.com,Member,TRUE,Hutchison Ports TIMSA,,Planeacion
Reyna Lorena Lagunes Morales,lagunes.reyna@hutchisonports.com.mx,Member,TRUE,Hutchison Ports México,,Dirección de Finanzas y Administración
Reyna Yunuen Delgadillo Ramirez,delgadillo.reyna@lctpc.com.mx,Member,TRUE,Hutchison Ports LCT,,Jefatura de Salud Ocupacional y Segurida
Reynaldo Barrios,rbarrios@ppc.com.pa,Member,TRUE,Panama Ports Company,,Servicios Comerciales
Reynaldo Menendez,rmenendez@ppc.com.pa,Member,TRUE,Panama Ports Company,,Operaciones
Reynaldo Tuñon,rtunon@ppc.com.pa,Member,TRUE,Panama Ports Company,,Ingeniería
Reynel Rodriguez,reynelr@ppc.com.pa,Member,TRUE,Panama Ports Company,,Ingeniería
rh,rh_dattainc.com.mx#EXT#@icavecommx0.onmicrosoft.com,Guest,,,Invitation,
Rhamze Solomon,Solomon.Rhamze@fcpbahamas.com,Member,TRUE,Freeport Container Port,,FCP Facilities Department
Ricardo  Gudino,rgudino@ppc.com.pa,Member,TRUE,Panama Ports Company,,Operaciones
Ricardo Arturo Castellanos Ruiz,castellanos.ricardo@icave.com.mx,Member,TRUE,Hutchison Ports ICAVE,,Subgerencia de Calidad y Salud Ocupacional
Ricardo Bonaby,Bonaby.Ricardo@fcpbahamas.com,Member,TRUE,Freeport Container Port,,FCP Projects and Development
Ricardo Crispin Calles Castro,calles.ricardo@tnghph.com.mx,Member,TRUE,Hutchison Ports TNG,,Operative Engineering
Ricardo Gonzalez,rgonzalez@ppc.com.pa,Member,TRUE,Panama Ports Company,,Operaciones
Ricardo Hermida Hernandez,hermida.ricardo@tnghph.com.mx,Member,TRUE,Hutchison Ports TNG,,Project
Ricardo Humberto Castillo Verdugo,Rcastillo@enseit.com,Member,TRUE,Hutchison Ports EIT,,Patio
Ricardo Kirton,rkirton@ppc.com.pa,Member,TRUE,Panama Ports Company,,Operaciones
Ricardo Mack,mack.ricardo@fcpbahamas.com,Member,TRUE,Freeport Container Port,,FCP Operations Department
Ricardo Molina Sanchez,molina.ricardo@tnghph.com.mx,Member,TRUE,Hutchison Ports TNG,,"Tender, Work Development and Infrastructure"
Ricardo Ochoa Betancourt,ochoa.ricardo@icave.com.mx,Member,TRUE,Hutchison Ports México,,Ingeniería y Desarrollo
Ricardo Outten,Outten.Ricardo@fcpbahamas.com,Member,TRUE,Freeport Container Port,,FCP Security Department
Ricardo Rodriguez,rirodriguez@ppc.com.pa,Member,TRUE,Panama Ports Company,,Operaciones
"Ricardo Rosales (IT, Contractor)",rrosales@ppc.com.pa,Member,TRUE,Panama Ports Company,,Tecnología de Información
Ricardo Tellez Carranza,tellez.ricardo@lctpc.com.mx,Member,TRUE,Hutchison Ports LCT,,Subgerencia de Planeacion
Ricardo Villarreal,rivillarreal@ppc.com.pa,Member,TRUE,Panama Ports Company,,Seguridad y Proteccion Portuaria
ricardo.flores,ricardo.flores_procisalzc.com#EXT#@icavecommx0.onmicrosoft.com,Guest,,,Invitation,
ricardob,ricardob_beristain.com.mx#EXT#@icavecommx0.onmicrosoft.com,Guest,,,Invitation,
rich,rich_sillymatter.com#EXT#@icavecommx0.onmicrosoft.com,Guest,,,Invitation,
Richard Kelly,Kelly.Richard@fcpbahamas.com,Member,TRUE,Freeport Container Port,,FCP Engineering Department
Rigoberto Eutiquio Covarrubias Huizar,rcovarrubias@enseit.com,Member,TRUE,Hutchison Ports EIT,,Operaciones
Rigoberto Samaniego,rsamaniego@ppc.com.pa,Member,TRUE,Panama Ports Company,,Operaciones
rimisob,rimisob_gmail.com#EXT#@icavecommx0.onmicrosoft.com,Guest,,,Invitation,
Rinada Grant,Grant.Rinada@fcpbahamas.com,Member,TRUE,Freeport Container Port,,FCP Operations Department
Rita Maribel Pille Gutierrez,rita.pille_selome.com#EXT#@icavecommx0.onmicrosoft.com,Guest,,,Invitation,
RMARTINEZ,RMARTINEZ_CONGLOBAL.COM#EXT#@icavecommx0.onmicrosoft.com,Guest,,,Invitation,
rmurillo,rmurillo_predesa.com.mx#EXT#@icavecommx0.onmicrosoft.com,Guest,,,Invitation,
Robert J. Russell,Russell.Robert@fcpbahamas.com,Member,TRUE,Freeport Container Port,,FCP Finance Department
Robert Johnson,Johnson.Robert@fcpbahamas.com,Member,TRUE,Freeport Container Port,,FCP Engineering Department
Robert Lewis,Lewis.Robert@fcpbahamas.com,Member,TRUE,Freeport Container Port,,FCP Engineering Department
Roberto Adonai Flores Rodriguez,especialista.noc@icave.com.mx,Member,TRUE,Asesoría Técnica - Ehecatl,,Gerencia de Administración
Roberto Alexandro Vergara Delgadillo,soporte.apps3@enseit.com,Member,TRUE,Asesoría Técnica – Ehecatl,,Sistemas
Roberto Atencio,ratencio@ppc.com.pa,Member,TRUE,Panama Ports Company,,Control de Equipo
Roberto Campos Robles,rcampos@enseit.com,Member,TRUE,Hutchison Ports EIT,,Patio
Roberto Castillo,rocastillo@ppc.com.pa,Member,TRUE,Panama Ports Company,,Ingeniería
Roberto Chavez,rchavez@ppc.com.pa,Member,TRUE,Panama Ports Company,,Operaciones
Roberto Hector Escalera Casillas,escalera.roberto@tilh.com.mx,Member,TRUE,Hutchison Ports TILH,,Jefatura de Administración Aduanal
Roberto Hernández Colorado,hernandezc.roberto@icave.com.mx,Member,TRUE,Hutchison Ports ICAVE,,Gerencia General
Roberto Mendez Herrera,mendez.roberto@icave.com.mx,Member,TRUE,Hutchison Ports ICAVE,,Mantenimiento de Equipo Menor
"Roberto Moreno (FIN, Contractor)",rmoreno@ppc.com.pa,Member,TRUE,Panama Ports Company,,Finanzas
Roberto Ortega,rwortega@ppc.com.pa,Member,TRUE,Panama Ports Coopmpany,,Operaciones
Roberto Osuna Arellano,osuna.roberto@enseit.com,Member,TRUE,Hutchison Ports EIT,,Proyecto nGEN
Roberto Pena,rpena@ppc.com.pa,Member,TRUE,Panama Ports Company,,Operaciones
Roberto Saenz,rosaenz@ppc.com.pa,Member,TRUE,Panama Ports Company,,Ingeniería
Roberto Tellez Banderas,tellez.roberto@lctpc.com.mx,Member,TRUE,Hutchison Ports LCT,,Jefatura de Vacios
Roberto Tristan,rtristan@ppc.com.pa,Member,TRUE,Panama Ports Company,,Operaciones
Roberto Zapata,rzapata@ppc.com.pa,Member,TRUE,Panama Ports Company,,Direccion de Operaciones
Rochelle Knowles-Bridgewater,knowles-bridgewater.rochelle@fhcbahamas.com,Member,TRUE,Freeport Harbour Company,,FHC Finance Department
Rochelle Stuart,Stuart.Rochelle@fcpbahamas.com,Member,TRUE,Freeport Container Port,,FCP Operations Department
Rocher Pierre,pierre.rocher@fcpbahamas.com,Member,TRUE,Freeport Container Port,,FCP Operations Department
Rocio Berenice Chavez Rosas,chavez.rocio@timsamx.com,Member,TRUE,Hutchison Ports TIMSA,,Tim-Maniobras y Operaciones Portuarias
Rocio Magaly Jimenez Quiroz,jimenez.rocio@enseit.com,Member,TRUE,Hutchison Ports EIT,,Control Aduanero
Rocio Oyuki Torres López,torres.rocio@enseit.com,Member,TRUE,Hutchison Ports EIT,,SOSYPA EIT
Roderick  Castillo,rodcastillo@ppc.com.pa,Member,TRUE,Panama Ports Company,,Almacén
Roderick Jones,Jones.Roderick@fcpbahamas.com,Member,TRUE,Freeport Container Port,,FCP Security Department
Roderick Wheatle,rwheatle@ppc.com.pa,Member,TRUE,Panama Ports Company,,Operaciones
Rodolfo Arriaga Guerrero,rodolfo.arriaga_grupoindi.com#EXT#@icavecommx0.onmicrosoft.com,Guest,,,Invitation,
Rodolfo Camacho Torres,rcamacho@enseit.com,Member,TRUE,Hutchison Ports EIT,,Mantenimiento
Rodolfo Nuñez,rnunez@ppc.com.pa,Member,TRUE,Panama Ports Company,,Tecnología de Información
Rodolfo Ramirez Sanchez,ramirez.rodolfo@icave.com.mx,Member,TRUE,Hutchison Ports ICAVE,,Gerencia de Administración
Rodolfo Ricardo Alvarez Moreno,sup.aduanal@icave.com.mx,Member,TRUE,Asesoria Técnica,,Jefatura de Control y Administración Aduanal
Rodrigo Alejandro Delgado Castro,delgado.rodrigo@hutchisonlogistics.com.mx,Member,TRUE,Hutchison Ports Logistics México,,Comercial
Rodrigo Alonso Velazquez Serrano,rvelazquez@enseit.com,Member,TRUE,Hutchison Ports EIT,,Patio
Rodrigo Estrada Hernandez,estrada.rodrigo@lctpc.com.mx,Member,TRUE,Hutchison Ports LCT,,Subgerencia de Servicios a la Carga
Rodrigo Guzman Lagunes,guzman.rodrigo@icave.com.mx,Member,TRUE,Hutchison Ports ICAVE,,Servicio al Cliente
Rodrigo Killingbeck,rkillingbeck@ppc.com.pa,Member,TRUE,Panama Ports Company,,Operaciones
Rodrigo Montero Varela,montero.rodrigo@tnghph.com.mx,Member,TRUE,Hutchison Ports TNG,,Production & Maintenance
Rodrigo Rafael Eugenio Lopez Hernandez,lopez.rodrigo@timsamx.com,Member,TRUE,Hutchison Ports TIMSA,,Planeación Financiera y Compras
Rodrigo Solaiza Baeza,rsolaiza@enseit.com,Member,TRUE,Hutchison Ports EIT,,Finanzas y Productividad
rodriguez.javier,rodriguez.javier_setecnorte.com#EXT#@icavecommx0.onmicrosoft.com,Guest,,,Invitation,
Rogelia Lara Maldonado,lara.rogelia@lctpc.com.mx,Member,TRUE,Hutchison Ports LCT,,Compras Adquisiciones y Servicios
Rogelio Alejandro Valenzuela Gonzalez,rvalenzuela@enseit.com,Member,TRUE,Hutchison Ports EIT,,Comercializacion
Rogelio Benjamin,rbenjamin@ppc.com.pa,Member,TRUE,Panama Ports Company,,Ingeniería
Rogelio Castillo,rgcastillo@ppc.com.pa,Member,TRUE,Panama Ports Company,,Seguridad Industrial
Rogelio Cervantes Rodriguez,cervantesr.rogelio@icave.com.mx,Member,TRUE,Hutchison Ports ICAVE,,Jefatura de Muelle
Rogelio Cervantes Solano,segcorp@icave.com.mx,Member,TRUE,Hutchison Ports ICAVE,,Seguridad Corporativa
Rogelio de Jesús Rodríguez Gallardo,rodriguez.rogelio@hutchisonports.com.mx,Member,TRUE,Hutchison Ports México,,Gerencia de Administración
Rogelio Escobar,rescobar@ppc.com.pa,Member,TRUE,Panama Ports Company,,Tecnología de Información
Rogelio Gonzalez Antele,gonzalez.rogelio@icave.com.mx,Member,TRUE,Asesoría Técnica,,Gerencia de Operaciones
Rogelio Mejia Miranda,mejia.rogelio@lctpc.com.mx,Member,TRUE,Hutchison Ports LCT,,Jefatura de Relaciones Laborales
Rogelio Ortega,rortega@ppc.com.pa,Member,TRUE,Panama Ports Company,,Operaciones
Rolando Ibarben,ribarben@ppc.com.pa,Member,TRUE,Panama Ports Company,,Operaciones
Rolando Joel Barrios Ramirez,barrios.rolando@timsamx.com,Member,TRUE,Hutchison Ports TIMSA,,Servicios a la Carga
Rolando Ramirez Delgadillo,ramirez.rolando@timsamx.com,Member,TRUE,Hutchison Ports TIMSA,,Riesgos
Rolando Yarin Lacio Contreras,lacio.rolando@icave.com.mx,Member,TRUE,Hutchison Ports México,,Gerencia de Administración
Roman de Jesus Escamilla Garduño,escamilla.roman@icave.com.mx,Member,TRUE,Hutchison Ports ICAVE,,Pátio
Roman Laing,Laing.Roman@FHCBAHAMAS.COM,Member,TRUE,Freeport Harbour Company,,FHC Marine Control Department
Romeo Butler,Butler.Romeo@fcpbahamas.com,Member,TRUE,Freeport Container Port,,FCP Operations Department
Romina Covadonga Carvajal Jimenez,carvajal.romina@tnghph.com.mx,Member,TRUE,Hutchison Ports TNG,,Production & Maintenance
Romordo Cash,cash.romordo@fcpbahamas.com,Member,TRUE,Freeport Container Port,,FCP Operations Department
Ron Hall,Hall.Ron@fcpbahamas.com,Member,TRUE,Freeport Container Port,,FCP Operations Department
Ronald Jose Serrano,rjserrano@ppc.com.pa,Member,TRUE,Panama Ports Company,,Legal
Roquis Gutiérrez,rogutierrez@ppc.com.pa,Member,TRUE,Panama Ports Company,,Operaciones
Rosa Azucena Flores Trejo,flores.rosa@lctpc.com.mx,Member,TRUE,Hutchison Ports LCT,,Planeación Financiera
Rosa María Lagunes Estrada,lagunes.rosa@icave.com.mx,Member,TRUE,Hutchison Ports ICAVE,,Gerencia de Administración
Rosalba Pacheco Ramirez,pacheco.rosalba@lctpc.com.mx,Member,TRUE,Hutchison Ports LCT,,Subgerencia de Planeacion
Rosalee Adderley,Adderley.Rosalee@fcpbahamas.com,Member,TRUE,Freeport Container Port,,FCP Operations Department
Rosalva Monserrat Lopez Delgado,lopez.rosalva@icave.com.mx,Member,TRUE,Hutchison Ports ICAVE,,Facturacion
Rosario Guadalupe Reyes Mendoza,reyes.rosario@enseit.com,Member,TRUE,Hutchison Ports EIT,,Patio
Roselia Ortiz Romero,ortiz.roselia@lctpc.com.mx,Member,TRUE,Hutchison Ports LCT,,Jefatura de Facturación
Rosenberg Tellez Carranza,tellez.rosenberg@lctpc.com.mx,Member,TRUE,Hutchison Ports LCT,,Jefatura de Muelle
Rossana Salgado Caraza,salgado.rossana@icave.com.mx,Member,TRUE,Hutchison Ports ICAVE,,Gerencia General
Roxana Ortega,roxanao@ppc.com.pa,Member,TRUE,Panama Ports Company,,Proyectos e Infraestructura
RTG 14,rtg.14@icavecommx0.onmicrosoft.com,Member,TRUE,Hutchison Ports ICAVE,,Mantenimiento
Rubén Antonio Covarrubias Huizar,rcovarrubiash@enseit.com,Member,TRUE,Hutchison Ports EIT,,Patio
Rubén Arturo Rosas Rodríguez,rosas.ruben@icave.com.mx,Member,TRUE,Hutchison Ports ICAVE,,Gerencia de Administración
Ruben Castaneda,rcastaneda@ppc.com.pa,Member,TRUE,Panama Ports Company,,Operaciones
Ruben Cenci,rcenci@ppc.com.pa,Member,TRUE,Panama Ports Company,,Proyectos e Infraestructura
Rubén Darío García Lagunes,garcia.ruben@hutchisonports.com.mx,Member,TRUE,Hutchison Ports ICAVE,,Planning Center
Ruben Delgado,rdelgado@ppc.com.pa,Member,TRUE,Panama Ports Company,,Direccion Comercial
Ruben Herrar,rherrar@ppc.com.pa,Member,TRUE,Panama Ports Company,,Almacén
Rubén Leopoldo Valenzuela Duarte,lvalenzuela@enseit.com,Member,TRUE,Hutchison Ports EIT,,Proyecto nGEN
Ruben Mora,rmora@ppc.com.pa,Member,TRUE,Panama Ports Company,,Finanzas
Rubén Sanchez Manuel,sanchez.ruben@icave.com.mx,Member,TRUE,Hutchison Ports ICAVE,,Gerencia de Operaciones
Rubicel Reyes Gallardo,rreyesg@enseit.com,Member,TRUE,Hutchison Ports EIT,,Mantenimiento
Ruth Teresa Arregui Delgado,arregui.ruth@tnghph.com.mx,Member,TRUE,Hutchison Ports TNG,,Project
ruth.mcintosh,ruth.mcintosh_wsp.com#EXT#@icavecommx0.onmicrosoft.com,Guest,,,Invitation,
Ryan Thomas,thomas.ryan@fcpbahamas.com,Member,TRUE,Freeport Container Port,,FCP Operations Department
Sabas de Jesús Rueda Díaz,rueda.sabas@icave.com.mx,Member,TRUE,Asesoría Técnica,,Control Tower
"Sabina Atencio (COM, Contractor)",siatencio@ppc.com.pa,Member,TRUE,Panama Ports Company,,Direccion Comercial
Sabina Cristel De Jesús Calleja,dejesus.sabina@timsamx.com,Member,TRUE,Hutchison Ports TIMSA,,PLANEACION
Sadrac Noriega,snoriega@ppc.com.pa,Member,TRUE,Panama Ports Company,,Operaciones
Sahid Alcantara Barragan,aprog6@icave.com.mx,Member,TRUE,Asesoría Técnica,,Jefatura de Desarrollo
Said Oswaldo Oviedo Uriarte,oviedo.said@enseit.com,Member,TRUE,Hutchison Ports EIT,,Patio
Sala Comercial MX,sala.comercialMX@icave.com.mx,Member,TRUE,Hutchison Ports México,,Dirección de Comercialización
Sala de Dirección,sala.direccion@icave.com.mx,Member,,,,
Sala de Estimaciones,SaladeEstimaciones@icavecommx0.onmicrosoft.com,Member,,,,
Sala de Gerencia General,sala.gerenciagral@lctpc.com.mx,Member,,,,
Sala de Gerencia General,sala.gerencia@icave.com.mx,Member,TRUE,Hutchison Ports ICAVE,,Sala de Gerencia General
Sala de Juntas 01 Morelos,sala1morelos@icave.com.mx,Member,,,,
Sala de Juntas 03 Morelos,sala3morelos@icave.com.mx,Member,,,,
Sala de Juntas Comercial Morelos,salacomercialmorelos@icave.com.mx,Member,,,,
Sala de Juntas Ingeniería y Desarrollo,sala.juntasid@icave.com.mx,Member,TRUE,Hutchison Ports ICAVE,,Ingeniería y Desarrollo
Sala de Juntas SIG,SaladeJuntasSIG1@icavecommx0.onmicrosoft.com,Member,,,,
SALA DE JUNTAS SIG,SALADEJUNTASSIG@icavecommx0.onmicrosoft.com,Member,,,,
Sala de Operaciones,sala.operaciones@lctpc.com.mx,Member,,,,
Sala Magna,sala.magna@icave.com.mx,Member,,,,
Sala Oval,salaoval@icavecommx0.onmicrosoft.com,Member,,,,
Salas de Formación,salas.formacion@icave.com.mx,Member,TRUE,Hutchison Ports ICAVE,,Subgerencia de Recursos Humanos
SALAS DE JUNTA,SALASDEJUNTA@icavecommx0.onmicrosoft.com,Member,,,,
salesordersteam,salesordersteam@ppc.com.pa,Member,TRUE,Panama Ports Company,,Finanzas
Salome Estrada Chaidez,sestrada@enseit.com,Member,TRUE,Hutchison Ports EIT,,Servicios a la Carga
Salon de Conferencia POB 2 Piso,SalonPOBPiso2@ppc.com.pa,Member,,Panama Ports Company,,
Salon de Conferencia POB 3 Piso,SalonPOBPiso3@ppc.com.pa,Member,,Panama Ports Company,,
Salon de Conferencia POB Finanzas,SalonPOBFinanzas@ppc.com.pa,Member,,Panama Ports Company,,
Salon de Conferencia POB IT,SalonPOBIT@ppc.com.pa,Member,,Panama Ports Company,,
Salon de Conferencia POB Operaciones,SalonPOBOperaciones@ppc.com.pa,Member,,Panama Ports Company,,
Salon de Conferencia POB RH,SalonPOBRH@ppc.com.pa,Member,,Panama Ports Company,,
Salon de Conferencia POC 1010,SalonPOC1010@ppc.com.pa,Member,,Panama Ports Company,,
Salon de Conferencia POC 1103,SalonPOC1103@ppc.com.pa,Member,,Panama Ports Company,,
Salon de Reuniones POB CEO,SalonPOBCEO@ppc.com.pa,Member,,Panama Ports Company,,
Salon Relaciones Laborales,salonrelacioneslaborales@ppc.com.pa,Member,,Panama Ports Company,,
Salon Sydney,SalonSydney@ppc.com.pa,Member,,Panama Ports Company,,
Salustiano Camacho Abarca,camacho.salustiano@timsamx.com,Member,TRUE,Hutchison Ports TIMSA,,Planeación
Salvador Maldonado Achirica,maldonado.salvador@hutchisonports.com.mx,Member,TRUE,Hutchison Ports México,,Dirección de Finanzas y Administración
Salvador Salazar Moreno LCMT,salazar.salvadormt@lcmt.mx,Member,FALSE,Hutchison Ports LCMT,,
Salvador Zenón Bravo Arriaga LCMT,bravo.salvadormt@lcmt.mx,Member,FALSE,Hutchison Ports LCMT,,
Sam Query,samquery@FCPBS.COM,Member,TRUE,,,
Samanta De Jesus Martinez Juarez,martinez.samanta@tnghph.com.mx,Member,TRUE,Hutchison Ports TNG,,Assistant Manager Design and Management
Samantha Ferguson,ferguson.samantha@fcpbahamas.com,Member,TRUE,Freeport Container Port,,FCP Operations Department
Samuel Abrahams,sabrahams@ppc.com.pa,Member,TRUE,Panama Ports Company,,Operaciones
Samuel Bodie,bodie.samuel@fhcbahamas.com,Member,TRUE,Freeport Harbour Company,,FHC Cargo Department
Samuel Brito Andaya,brito.samuel@lctpc.com.mx,Member,TRUE,Hutchison Ports LCT,,Jefatura de Muelle
Samuel Gonzalez Alvarado,sagonzalez@ppc.com.pa,Member,TRUE,Panama Ports Company,,Seguridad Industrial
Samuel Rios,srios@ppc.com.pa,Member,TRUE,Panama Ports Company,,Operaciones
Sandra Glenda Montenegro Fierro,aprog10@icave.com.mx,Member,TRUE,Asesoría Técnica - Ehecatl,,Gerencia de Administración
Sandra Hernández Mortera,hernandez.sandra@hutchisonports.com.mx,Member,TRUE,Hutchison Ports ICAVE,,Gerencia de Administración
Sandra Knowles,knowles.sandra@fhcbahamas.com,Member,TRUE,Freeport Harbour Company,,FHC Security Department
Sandra Rolle,Rolle.Sandra@fcpbahamas.com,Member,TRUE,Freeport Container Port,,FCP Operations Department
Sandy Estela Barragan Guerrero,barragan.sandy@icave.com.mx,Member,TRUE,Hutchison Ports ICAVE,,Protección Ambiental
Sanford Roberts,Roberts.Sanford@fhcbahamas.com,Member,TRUE,,,FHC Facilities Department
Santa Noemí Cano Meza,cano.noemi@hutchisonports.com.mx,Member,TRUE,Hutchison Ports México,,Gerencia de Administración
Santiago Olachea Alvarez,olachea.santiago@enseit.com,Member,TRUE,Hutchison Ports EIT,,Planeación
Sara Favorite,sfavorite@ppc.com.pa,Member,TRUE,Panama Ports Company,,Recursos Humanos
Sasha Connolly,connolly.sasha@fcpbahamas.com,Member,TRUE,Freeport Container Port,,FCP Operations Department
Saskia Moreno,smoreno@ppc.com.pa,Member,TRUE,Panama Ports Company,,Operaciones
Sathya Cecilia Medina Valencia,nutriologo.lct@lctpc.com.mx,Member,TRUE,Hutchison Ports LCT,,Jefatura de Sosypa
Saúl Cucurachi Bello,cucurachi.saul@hutchisonlogistics.com.mx,Member,TRUE,Hutchison Ports and Logistics México,,Comercial
Saul Mariano Jimenez Ocampo,jimenez.saul@tnghph.com.mx,Member,TRUE,Hutchison Ports TNG,,Project
Saul Oviedo Rodriguez,soviedo@enseit.com,Member,TRUE,Hutchison Ports ECV,,Mantenimiento
Saul Reid,sreid@ppc.com.pa,Member,TRUE,Panama Ports Company,,Operaciones
Saul Rivas Valencia,srivas_conglobal.com#EXT#@icavecommx0.onmicrosoft.com,Guest,,,Invitation,
Saúl Vazquez Valenzuela,vazquez.saul@enseit.com,Member,TRUE,Hutchison Ports EIT,,Muelle
Saúl Velázquez Domínguez,velazquez.saul@lctpc.com.mx,Member,TRUE,Hutchison Ports LCT,,Subgerencia de Mantenimiento
sbarrat77,sbarrat77_gmail.com#EXT#@icavecommx0.onmicrosoft.com,Guest,,,Invitation,
scanapp users,scanappusers@icavecommx0.onmicrosoft.com,Member,TRUE,Hutchison Ports ICAVE,,Subgerencia de Sistemas
Scott Miller,miller.scott@fcpbahamas.com,Member,TRUE,Freeport Container Port,,FCP Safety Department
Sebastian Hidalgo Nito,hidalgo.sebastian@tnghph.com.mx,Member,TRUE,Hutchison Ports TNG,,Project
Sebastian Naranjo Ruiz,naranjo.sebastian@tnghph.com.mx,Member,TRUE,Hutchison Ports TNG,,Project
Sebastian Oviedo,SebastianOviedo_chazeypartners.com#EXT#@icavecommx0.onmicrosoft.com,Guest,,Chazeypartners,Invitation,
Security Operation Center Infra,soc.infra@icave.com.mx,Member,,,,
securitycommand@fhcbahamas.com,secuirtycommand@fhcbahamas.com,Member,,,,
Seguridad_corp,Seguridad_corp@icave.com.mx,Member,TRUE,Hutchison Ports ICAVE,,Seguridad Corporativa
Selene Carolina Guzmán Mercado,guzman.selene@icave.com.mx,Member,TRUE,Hutchison Ports México,,Dirección de Finanzas y Administración
Sergio  Ceballos,sceballos@ppc.com.pa,Member,TRUE,Panama Ports Company,,Ingeniería
Sergio Adrian Espinosa Cruz,espinosa.sergio@timsamx.com,Member,TRUE,Hutchison Ports TIMSA,,Comercialización
Sergio Aguirre,saguirre@ppc.com.pa,Member,TRUE,Panama Ports Company,,Finanzas
Sergio Alberto Elías Altamirano,elias.sergio@icave.com.mx,Member,TRUE,Hutchison Ports ICAVE,,Gerencia de Administración
Sergio Arturo Aguilar López,aguilar.sergio@icave.com.mx,Member,TRUE,Hutchison Ports México,,Dirección de Operaciones
Sergio Arturo Amador Sandez,samador@enseit.com,Member,TRUE,Hutchison Ports EIT,,Mantenimiento
Sergio de Jesus Reyes Gutierrez,reyes.sergio@icave.com.mx,Member,TRUE,Hutchison Ports ICAVE,,Gerencia General
Sergio Dominguez Gutierrez,dominguez.sergio@lctpc.com.mx,Member,TRUE,Hutchison Ports LCT,,Jefatura de Patio
Sergio Horacio Castro Esquer,castro.sergio@enseit.com,Member,TRUE,Hutchison Ports EIT,,Planeación
Sergio Jaimes Suarez,jaimes.sergio@timsamx.com,Member,TRUE,Hutchison Ports TIMSA,,Control de Equipo
Sergio Monje Bejar,monje.sergio@lctpc.com.mx,Member,TRUE,Hutchison Ports LCT,,Subgerencia de Mantenimiento
Sergio Ricardo Cardenas Torres,cardenas.sergio@tnghph.com.mx,Member,TRUE,Hutchison Ports TNG,,Sales & Contracts
Sergio Vidaña González,vidana.sergio@icave.com.mx,Member,TRUE,Hutchison Ports ICAVE,,Gerencia de Operaciones
Server Manager,servermanager@FCPBS.COM,Member,TRUE,,,
Service Account for Cloud Insider,CloudInsider@icavecommx0.onmicrosoft.com,Member,,,,
ServiceNow ECV,servicenow.ecv@enseit.com,Member,TRUE,Hutchison Ports EIT,,Sistemas
ServiceNow EIT,servicenow.eit@enseit.com,Member,TRUE,Hutchison Ports EIT,,Sistemas
Servicio Social Comercializacion,ss.comercializacion@icave.com.mx,Member,TRUE,Hutchison Ports ICAVE,,Gerencia de Comercialización ICAVE
Servicio Social Comercialización,ss.comercialtilh@tilh.com.mx,Member,TRUE,Hutchison Ports TILH,,
Servicio Social de Soporte Tecnico,ss.soporte@icave.com.mx,Member,TRUE,Hutchison Ports ICAVE,,Gerencia de Administración
Servicio Social Infraestructura,ss.sistemas@tilh.com.mx,Member,TRUE,Hutchison Ports TILH,,
Servicios Alacargapob,serviciosalacargapob@ppc.com.pa,Member,TRUE,Panama Ports Company,,Operaciones
Servicios Electrónicos Avanzados,sea@icave.com.mx,Member,TRUE,Hutchison Ports ICAVE,,Gerencia de Administración
Servicios Generales,serviciosgenerales@ppc.com.pa,Member,TRUE,Panama Ports Company,,Recursos Humanos
Servicios Santa Fe,Serviciossf@icave.com.mx,Member,TRUE,Hutchison Ports ICAVE,,Gerencia de Operaciones
sfcorro,sfcorro_gmail.com#EXT#@icavecommx0.onmicrosoft.com,Guest,,,Invitation,
Shakegra Thompson,Thompson.Shakegra@fcpbahamas.com,Member,TRUE,Freeport Container Port,,FCP Finance Department
Shaneka Hall,hall.shaneka@fcpbahamas.com,Member,TRUE,Freeport Container Port,,FCP Operations Department
Shanese Davis,Davis.Shanese@FHCBAHAMAS.COM,Member,TRUE,Freeport Harbour Company,,FHC Cruise Operations Department
Shante Pearson,Pearson.Shante@fhcbahamas.com,Member,TRUE,Freeport Harbour Company,,FHC Marine Control Department
Shantel Lotmore,lotmore.shantel@fhcbahamas.com,Member,TRUE,Freeport Harbour Company,,FHC Security Department
SharedMailbox,sharedmailbox@icave.com.mx,Member,,,,
SharePoint Administrator,spsadmin@icave.com.mx,Member,TRUE,Hutchison Ports ICAVE,,Dirección de Finanzas y Administración
SharePoint de EIT,sharepoint.eit@enseit.com,Member,TRUE,Hutchison Ports EIT,,Sistemas
Sharepointdeveloper,sharepointdeveloper@ppc.com.pa,Member,TRUE,Panama Ports Company,,
Shatan Pinder,pinder.shatan@fcpbahamas.com,Member,TRUE,Freeport Container Port,,FCP Engineering Department
Shateco Cummings,cummings.shateco@fhcbahamas.com,Member,TRUE,Freeport Harbour Company,,FHC Facilities Department
Shawn Maycock,maycock.shawn@fcpbahamas.com,Member,TRUE,Freeport Container Port,,FCP Facilities Department
Shawn Thurston,Thurston.Shawn@FHCBAHAMAS.COM,Member,TRUE,Freeport Harbour Company,,FHC Marine Control Department
Sheila Perez,sperez@ppc.com.pa,Member,TRUE,Panama Ports Company,,Tecnología de Información
Shelley Cooper,Cooper.Shelley@fcpbahamas.com,Member,TRUE,Freeport Container Port,,Information Technology Department
Sherman Rigby,Rigby.Sherman@FHCBAHAMAS.COM,Member,TRUE,Freeport Harbour Company,,FHC Cargo Department
Sherry Brookes,Brookes.Sherry@fcpbahamas.com,Member,TRUE,,,FCP Corporate Affairs
Shevonne Munroe,Munroe.Shevonne@fhcbahamas.com,Member,TRUE,Freeport Harbour Company,,FHC Facilities Department
Sheyla Diaz,shdiaz@ppc.com.pa,Member,TRUE,Panama Ports Company,,Operaciones
Shianira Moreno,shmoreno@ppc.com.pa,Member,TRUE,Panama Ports Company,,Ingeniería
Shing Fung,sfung@ppc.com.pa,Member,TRUE,Panama Ports Company,,Tecnología de Información
Shinika Russell,russell.shinika@fcpbahamas.com,Member,TRUE,Freeport Container Port,,FCP Safety Department
Shisell Durango,sdurango@ppc.com.pa,Member,TRUE,Panama Ports Company,,Operaciones
Shorah Johnson,Johnson.Shorah@fcpbahamas.com,Member,TRUE,Freeport Container Port,,FCP Operations Department
ShowRoom,showroom@icavecommx0.onmicrosoft.com,Member,,,,
Sidney Ingraham,ingraham.sidney@fcpbahamas.com,Member,TRUE,Freeport Container Port,,Bahamas Customs
Silvia Berenice Valencia Torres,valencia.silvia@hutchisonports.com.mx,Member,TRUE,Hutchison Ports México,,Subgerencia de Ingresos y Control Aduanero
Silvia Flores Garcia,flores.silvia@timsamx.com,Member,TRUE,Hutchison Ports TIMSA,,Comercializacion
Silvia Valeria Espinosa Perez,espinosa.silvia@tnghph.com.mx,Member,TRUE,Hutchison Ports TNG,,Project
silvia.castillo,silvia.castillo_kenrick.mx#EXT#@icavecommx0.onmicrosoft.com,Guest,,,Invitation,
Simelene Forbes,forbes.simelene@fcpbahamas.com,Member,TRUE,Freeport Container Port,,FCP Facilities Department
"Simon Chung (Hutchison Ports, FINANCE-RISK MGT)",Chung.SimonMC_hutchisonports.com#EXT#@icavecommx0.onmicrosoft.com,Guest,,,Invitation,
Simon Young,syoung@ppc.com.pa,Member,TRUE,Panama Ports Company,,Operaciones
Simone Miller,Miller.Simone@fcpbahamas.com,Member,TRUE,Freeport Container Port,,FCP Engineering Department
Sinai Gallardo Aburto,gallardo.sinai@tnghph.com.mx,Member,TRUE,Hutchison Ports TNG,,Project
siniestros,siniestros_admseguros.com.mx#EXT#@icavecommx0.onmicrosoft.com,Guest,,,Invitation,
sis_elect,sis_elect_hotmail.com#EXT#@icavecommx0.onmicrosoft.com,Guest,,,Invitation,
Sistemas ECV,sistemas.ecv@enseit.com,Member,TRUE,Hutchison Ports EIT,,Tecnologías de la Información
Sixta Acosta Salazar,acosta.sixta@timsamx.com,Member,TRUE,Hutchison Ports TIMSA,,Subgerencia de Servicios a la Carga
Sofia Andrea Camacho Villavicencio,camacho.sofia@enseit.com,Member,TRUE,Hutchison Ports ECV,,Cruceros
Sofía Guadalupe Martinez Herrera,aux.administrativo@icave.com.mx,Member,TRUE,"Manpower, S.A. de C.V.",,Gerencia de Administración
Sofía Lagunas Ruiz,lagunas.sofia@lctpc.com.mx,Member,TRUE,Hutchison Ports LCT,,Jefatura de Fiscal
Sofia Magallon,smagallon@ppc.com.pa,Member,TRUE,Panama Ports Company,,Finanzas
Solana Lightbourn,lightbourn.solana@fcpbahamas.com,Member,TRUE,,,
Solicitud de Cuadrilla3 - RORO,scuadrilla3@ppc.com.pa,Member,TRUE,Panama Ports Company,,Operaciones
"Solsireth Henriquez (OP, Contractor)",shenriquez@ppc.com.pa,Member,TRUE,Panama Ports Company,,Operaciones
sonia,sonia_beiranaconsultores.com#EXT#@icavecommx0.onmicrosoft.com,Guest,,,Invitation,
Sonia Castillo,scastillo@ppc.com.pa,Member,TRUE,Panama Ports Company,,Ingeniería
Sonia Martinez Marquez,martinez.sonia@tnghph.com.mx,Member,TRUE,Hutchison Ports TNG,,Project
Sonia Turnquest,Turnquest.Sonia@fcpbahamas.com,Member,TRUE,Freeport Harbour Company,,FHC Finance Department
Soporte  ServiceDesk,soporte@ppc.com.pa,Member,TRUE,Panama Ports Company,,Soluciones de Negocios
Soporte de Aplicaciones,soporte.apps@lctpc.com.mx,Member,TRUE,Hutchison Ports LCT,,Jefatura de Sistemas Portuarios
Soporte EIT,soporte.eit@enseit.com,Member,TRUE,Hutchison Ports EIT,,Sistemas
Soporte Flir,soporte.flir@icavecommx0.onmicrosoft.com,Member,TRUE,Hutchison Ports LCT,,Jefatura de Infraestructura y Proyectos
soporte.cctv,soporte.cctv@lctpc.com.mx,Member,TRUE,Hutchison Ports LCT,,
soporte.tecnico,adminbcklc@lctpc.com.mx,Member,TRUE,Hutchison Ports LCT,,Jefatura de Soporte Tecnico
soporte01,soporte01_grupoelecon.com#EXT#@icavecommx0.onmicrosoft.com,Guest,,,Invitation,
SOSYPA EIT/ECV,sosypaeitecv@icavecommx0.onmicrosoft.com,Member,,,,
"ST Pak (Hutchison Ports, OPERATIONS)",pak.sai-tak_hutchisonports.com#EXT#@icavecommx0.onmicrosoft.com,Guest,,,Invitation,
Stafford Albury,Albury.Stafford@fcpbahamas.com,Member,TRUE,Freeport Container Port,,FCP Operations Department
Stefania Robles Calvillo,robles.stefania@timsamx.com,Member,TRUE,Hutchison Ports TIMSA,,Comercializacion
stefanjknowles,stefanjknowles_gmail.com#EXT#@icavecommx0.onmicrosoft.com,Guest,,,Invitation,
Sterling Moss,Moss.Sterling@FHCBAHAMAS.COM,Member,TRUE,Freeport Harbour Company,,FHC Cargo Department
Sterry Martin,Martin.Sterry@fcpbahamas.com,Member,TRUE,Freeport Container Port,,FCP Operations Department
Steven Evans,Evans.Steven@fcpbahamas.com,Member,TRUE,Freeport Container Port,,FCP Engineering Department
Steven Rolle,rolle.steve@fcpbahamas.com,Member,TRUE,Freeport Container Port,,FCP Engineering Department
Steven Wilson (TIL Group),steven.wilson_tilgroup.com#EXT#@icavecommx0.onmicrosoft.com,Guest,,,Invitation,
Store Room,StoreRoom@fhcbahamas.com,Member,,,,
Suany Miranda,smiranda@ppc.com.pa,Member,TRUE,Panama Ports Company,,Finanzas
Sugey Cortés Valadez,cortes.sugey@lctpc.com.mx,Member,TRUE,Hutchison Ports LCT,,Subgerencia de Planeacion
"Sui Wong Lam (Hutchison Ports, OPERATIONS)",lam.suiwong_hutchisonports.com#EXT#@icavecommx0.onmicrosoft.com,Guest,,,Invitation,
Sulay Centeno,scenteno@ppc.com.pa,Member,TRUE,Panama Ports Company,,Recursos Humanos
Supervisor Control de Equipo,sup.control@icave.com.mx,Member,TRUE,Hutchison Ports ICAVE,,Gerencia de Operaciones
Supervisor de Ferrocarril,gonzalez.christian@timsamx.com,Member,TRUE,Hutchison Ports TIMSA,,Ferrocarril y Refrigerados
Supervisor de Refrigerados,Refrigerados@icave.com.mx,Member,TRUE,Hutchison Ports ICAVE,,Gerencia de Operaciones
Supervisor Muelle BLB,supervisormuelleblb@ppc.com.pa,Member,TRUE,Panama Ports Company,,Operaciones
Supervisores de CFS,Almacencfs@icave.com.mx,Member,TRUE,Hutchison Ports ICAVE,,Gerencia de Operaciones
Supervisores De Mantenimiento,nava.jose@timsamx.com,Member,TRUE,Hutchison Ports TIMSA,,Mantenimiento
Supervisores de Salud Ocupacional y Seguridad,sup.sos@icave.com.mx,Member,TRUE,Hutchison Ports ICAVE,,Gerencia General
support,support_servicedeskplus.com#EXT#@icavecommx0.onmicrosoft.com,Guest,,,Invitation,
Support Mail,Mail.Support@fcpbahamas.com,Member,TRUE,,,
Susan Atencio,satencio@ppc.com.pa,Member,TRUE,Panama Ports Company,,Finanzas
Susana Nefertari Nava Vicente,nava.susana@timsamx.com,Member,TRUE,Hutchison Ports TIMSA,,Ingresos y Control Aduanero
Suyitza Skeeret,sskeeret@ppc.com.pa,Member,TRUE,Panama Ports Company,,Control Interno y Riesgo Gerencial
svazquez,svazquez_geoceanica.com.mx#EXT#@icavecommx0.onmicrosoft.com,Guest,,,Invitation,
Tabin Jose,Jose.Tabin@fcpbahamas.com,Member,TRUE,Freeport Container Port,,FCP Safety Department
Tablet Zal,tabletzal@icave.com.mx,Member,TRUE,Hutchison Ports ICAVE,EmailVerified,Subgerencia de Servicios a la Carga
TAGS,TAGS@icavecommx0.onmicrosoft.com,Member,,,,
taibahamas,taibahamas_yahoo.com#EXT#@icavecommx0.onmicrosoft.com,Guest,,,Invitation,
Taleah Fox,Fox.Taleah@fhcbahamas.com,Member,TRUE,Freeport Harbour Company,,FHC Cruise Operations Department
Talento Hutchisonports,talento@icavecommx0.onmicrosoft.com,Member,,,,
Talya Wright-Hanna,Wright-Hanna.Talya@FHCBAHAMAS.COM,Member,TRUE,Freeport Harbour Company,,FHC Cargo Department
tam.amymy,tam.amymy_hutchisonports.com#EXT#@icavecommx0.onmicrosoft.com,Guest,,,Invitation,
Tamara Lockhart,Lockhart.Tamara@fhcbahamas.com,Member,TRUE,Freeport Harbour Company,,FHC Safety Department
Tamara Rolle,Rolle.Tamara@Fhcbahamas.com,Member,TRUE,Freeport Harbour Company,,FHC Finance Department
Tamica Stubbs,Stubbs.Tamica@FHCBAHAMAS.COM,Member,TRUE,Freeport Harbour Company,,FHC Marine Control Department
Tanazha Morris,morris.tanazha@fhcbahamas.com,Member,TRUE,Freeport Harbour Company,,FHC Cruise | Marine Operations
"Tandy Tam (Hutchison Ports, FINANCE-EBIS)",Tam.TandyCM_hutchisonports.com#EXT#@icavecommx0.onmicrosoft.com,Guest,,,Invitation,
Tania Itzel Moran Cortés,moran.tania@lctpc.com.mx,Member,TRUE,Hutchison Ports LCT,,Jefatura  de Administracion del Personal
Tanya Todd,Todd.Tanya@fcpbahamas.com,Member,TRUE,Freeport Container Port,,FCP Operations Department
Taria Lundy,lundy.taria@fcpbahamas.com,Member,TRUE,Freeport Container Port,,FCP Operations Department
Tatiana Mattus Reyes,mattus.tatiana@icave.com.mx,Member,TRUE,Hutchison Ports México,,Gerencia Senior de Recursos Humanos
Te Escucho,teescucho@icavecommx0.onmicrosoft.com,Member,,,,
"TecnicoSonda-Carlos Pérez (IT, Contractor)",tsonda@ppc.com.pa,Member,TRUE,Panama Ports Company,,Tecnología de Información
"Ted Chui (CKHH - Officer - Group Management Services, GMS)",TedC_ckh.com.hk#EXT#@icavecommx0.onmicrosoft.com,Guest,,,Invitation,
Temeko Albury,Albury.Temeko@fcpbahamas.com,Member,TRUE,Freeport Container Port,,Information Technology Department
"Templeton, Jane",jane.templeton_wsp.com#EXT#@icavecommx0.onmicrosoft.com,Guest,,,Invitation,
teo_yoshi,teo_yoshi_live.com.mx#EXT#@icavecommx0.onmicrosoft.com,Guest,,,Invitation,
Tere Mortera Moreno,mortera.tere@icave.com.mx,Member,TRUE,Hutchison Ports México,,Dirección de Finanzas y Administración
Teresa Jael Cruz Santos,cruz.teresa@timsamx.com,Member,TRUE,Hutchison Ports TIMSA,,Ingresos y Control Aduanero
Terminal EngTeam 01,EngTeam01.terminal@fcpbahamas.com,Member,,,,
Terminal EngTeam 02,EngTeam02.Terminal@fcpbahamas.com,Member,,,,
Terminal EngTeam 03,EngTeam03.Terminal@fcpbahamas.com,Member,,,,
Terminal EngTeam 04,EngTeam04.Terminal@fcpbahamas.com,Member,,,,
Terminal EngTeam 05,EngTeam05.Terminal@fcpbahamas.com,Member,,,,
Terminal EngTeam 06,EngTeam06.Terminal@fcpbahamas.com,Member,,,,
Terminal EngTeam 07,EngTeam07.Terminal@fcpbahamas.com,Member,,,,
Terminal EngTeam 08,EngTeam08.Terminal@fcpbahamas.com,Member,,,,
Terminal EngTeam 09,EngTeam09.Terminal@fcpbahamas.com,Member,,,,
Terminal EngTeam 10,EngTeam10.Terminal@fcpbahamas.com,Member,,,,
Terminal Services 1,services1.terminal@fcpbahamas.com,Member,,,,
Terminal Services 10,services10.terminal@fcpbahamas.com,Member,,,,
Terminal Services 2,services2.terminal@fcpbahamas.com,Member,,,,
Terminal Services 3,services3.terminal@fcpbahamas.com,Member,,,,
Terminal Services 4,services4.terminal@fcpbahamas.com,Member,,,,
Terminal Services 5,services5.terminal@fcpbahamas.com,Member,,,,
Terminal Services 6,services6.terminal@fcpbahamas.com,Member,,,,
Terminal Services 7,services7.terminal@fcpbahamas.com,Member,,,,
Terminal Services 8,services8.terminal@fcpbahamas.com,Member,,,,
Terminal Services 9,services9.terminal@fcpbahamas.com,Member,,,,
Terrance Delaney,delaney.terrance@fcpbahamas.com,Member,TRUE,Freeport Container Port,,Information Technology Department
Terry Cher,terry.cher_ptcl.com.hk#EXT#@icavecommx0.onmicrosoft.com,Guest,,,Invitation,
Tesoreria auxiliar,tesoreria.auxiliar@tilh.com.mx,Member,TRUE,Asesoria Tecnica,,Tesoreria
Tesoreria LCTPC,tesoreria.lctpc@lctpc.com.mx,Member,FALSE,,,
teunvan.olphen,teunvan.olphen_ect.nl#EXT#@icavecommx0.onmicrosoft.com,Guest,,,Invitation,
Tharon Munroe,munroe.tharon@fcpbahamas.com,Member,TRUE,Freeport Container Port,,FCP Safety Department
Thayli Virginia Lagunas Villagomez,lagunas.thayli@lctpc.com.mx,Member,TRUE,Hutchison Ports LCT,,Subgerencia de Contabilidad
Thelma P. Sturrup-Bosfield,Sturrup-Bosfield.Thelma@fcpbahamas.com,Member,TRUE,Freeport Container Port,,FCP Corporate Affairs
Theodore Russell,russell.theodore@fcpbahamas.com,Member,TRUE,,,FCP Operations Department
Theophilus Rolle,rolle.theophilus@fcpbahamas.com,Member,TRUE,Freeport Container Port,,FCP Operations Department
Thomas Russell,russell.thomas@fhcbahamas.com,Member,TRUE,Freeport Harbour Company,,FHC Security Department
Tiana Rolle,rolle.tiana@fcpbahamas.com,Member,TRUE,Freeport Container Port,,FCP Finance Department
Timothy Major,major.timothy@fhcbahamas.com,Member,TRUE,Freeport Harbour Company,,FHC Marine Control Department
Tionte Russell,russell.tionte@fhcbahamas.com,Member,TRUE,Freeport Harbour Company,,FHC Facilities Department
Tisheena Gardiner,gardiner.tisheena@fcpbahamas.com,Member,TRUE,,,Bahamas Customs
Tito Molina Perea,molina.tito@timsamx.com,Member,TRUE,Hutchison Ports TIMSA,,Almacen de Refacciones
TNG,tng@tnghph.com.mx,Member,TRUE,Hutchison Ports TNG,,Customer Service and Customer Satisfaction
TNG Seguridad,tng.seguridad@tnghph.com.mx,Member,TRUE,Hutchison Ports TNG,,Occupational Health and Safety
TNG Vigilancia,tng.vigilancia@tnghph.com.mx,Member,TRUE,Hutchison Ports TNG,,"Environment, Health & Safety"
tng.accesos,tng.accesos_hph.com.local#EXT#@icavecommx0.onmicrosoft.com,Guest,,,Invitation,
tng.tbt50,tng-tbt50@icavecommx0.onmicrosoft.com,Member,TRUE,Hutchison Ports TNG,,Production & Maintenance
tng.tbt51,tng.tbt51@icavecommx0.onmicrosoft.com,Member,TRUE,Hutchison Ports TNG,,Production & Maintenance
tng.tbt52,tng.tbt052@icavecommx0.onmicrosoft.com,Member,TRUE,Hutchison Ports TNG,,Production & Maintenance
tng.tbt53,tng.tbt53@icavecommx0.onmicrosoft.com,Member,TRUE,Hutchison Ports TNG,,Production & Maintenance
tngreporte,tngreporte@tnghph.com.mx,Member,TRUE,Hutchison Ports TNG,,Information Technology
Tomás Francisco Olvera Cabrera,olvera.tomas@icave.com.mx,Member,TRUE,Hutchison Ports ICAVE,,Gerencia de Operaciones
Tomas Soya Zetina,soya.tomas@tnghph.com.mx,Member,TRUE,Hutchison Ports TNG,,Production & Maintenance
Tonisha McQuay,McQuay.Tonisha@fcpbahamas.com,Member,TRUE,Freeport Container Port,,FCP Engineering Department
Tonisha Missick,missick.tonisha@fcpbahamas.com,Member,TRUE,Freeport Container Port,,Bahamas Customs
tonishamcquay,tonishamcquay_yahoo.com#EXT#@icavecommx0.onmicrosoft.com,Guest,,,Invitation,
Tony Bethell,Bethell.Tony@fcpbahamas.com,Member,TRUE,Freeport Container Port,,FCP Finance Department
"Tony Tse (Hutchison Ports, OPERATIONS)",tse.tonywc_hutchisonports.com#EXT#@icavecommx0.onmicrosoft.com,Guest,,,Invitation,
Tori Seymour,seymour.tori@fcpbahamas.com,Member,TRUE,Freeport Container Port,,FCP Engineering Department
Torino Hendfield,Hendfield.Torino@fcpbahamas.com,Member,TRUE,Freeport Container Port,,FCP Engineering Department
"Tracy Lo (Hutchison Ports, FINANCE-COMPLIANCE)",lo.tracymh_hutchisonports.com#EXT#@icavecommx0.onmicrosoft.com,Guest,,Hutchison Ports Holding,Invitation,
Trainee Comercial,pp.comercializacion@hutchisonports.com.mx,Member,TRUE,Hutchison Ports México,,Dirección de Comercialización
tramites,tramites_admseguros.com.mx#EXT#@icavecommx0.onmicrosoft.com,Guest,,,Invitation,
tramiteslzc,tramiteslzc_meritus.com.mx#EXT#@icavecommx0.onmicrosoft.com,Guest,,,Invitation,
Travaughn Colebrooke,colebrooke.travaughn@fcpbahamas.com,Member,TRUE,Freeport Container Port,,Information Technology Department
Tre'von Ferguson,Ferguson.Trevon@fhcbahamas.com,Member,TRUE,Freeport Harbour Company,,FHC Marine Control Department
Trevonte Adderley,Adderley.Trevonte@fcpbahamas.com,Member,TRUE,Freeport Container Port,,Bahamas Customs
Trevor Rolle,Rolle.Trevor@fcpbahamas.com,Member,TRUE,Freeport Container Port,,FCP Finance Department
Tristan Haziel Moreno Martinez,moreno.tristan@timsamx.com,Member,TRUE,Hutchison Ports TIMSA,,Torre de control
Tsang.AlexY,Tsang.AlexY_hutchisonports.com#EXT#@icavecommx0.onmicrosoft.com,Guest,,,Invitation,
Tykron Johnson,Johnson.Tykron@fcpbahamas.com,Member,TRUE,Freeport Container Port,,FCP Operations Department
Tyrell Whyley,whyley.tyrell@fcpbahamas.com,Member,TRUE,Freeport Container Port,,FCP Operations Department
Tyresha Dean,dean.tyresha@fhcbahamas.com,Member,TRUE,Freeport Harbour Company,,FHC Marine Control Department
Ugo Roberto Gutierrez Escamilla,gutierrez.ugo@hutchisonlogistics.com.mx,Member,TRUE,Hutchison Ports and Logistics México,,HUTCHISON LOGISTICS HPLM
UILC10,UILC10_cpkcr.com#EXT#@icavecommx0.onmicrosoft.com,Guest,,,Invitation,
Ulises Romero Moreno,romero.ulises@lctpc.com.mx,Member,TRUE,Hutchison Ports LCT,,Subgerencia de Informacion Financiera
Ulises Uriel Quezada Guerra,quezada.ulises@timsamx.com,Member,TRUE,Hutchison Ports TIMSA,,Torre de control
Umbrella_Connector,umbrella_connector@FCPBS.COM,Member,TRUE,,,
unaprop.ensenada,unaprop.ensenada_semar.gob.mx#EXT#@icavecommx0.onmicrosoft.com,Guest,,,Invitation,
unaprop103.lcardenas,unaprop103.lcardenas_semar.gob.mx#EXT#@icavecommx0.onmicrosoft.com,Guest,,,Invitation,
Uri Elizabeth Anota Serrano,anota.uri@icave.com.mx,Member,TRUE,Hutchison Ports ICAVE,,Aplicaciones Operativas
Uriel Alejandro Ochoa Espinoza,ochoa.uriel@lctpc.com.mx,Member,TRUE,Hutchison Ports LCT,,Previos
Uriel Balerio Sotero,balerio.uriel@lctpc.com.mx,Member,TRUE,Hutchison Ports LCT,,Jefatura de Salud Ocupacional y Segurida
Uriel Nava Flores,nava.uriel@lctpc.com.mx,Member,TRUE,Hutchison Ports LCT,,Previos
Uriel Tena Palmerin,tena.uriel@lctpc.com.mx,Member,TRUE,Hutchison Ports LCT,,Subgerencia de Mantenimiento
Ursa Sánchez González,sanchez.ursa@hutchisonports.com.mx,Member,TRUE,Hutchison Ports México,,Dirección de Finanzas y Administración
Ursula Ramirez Govea,ramirez.ursula@timsamx.com,Member,TRUE,Hutchison Ports TIMSA,,Control Aduanero
User Splunk Service,splunkservice@icavecommx0.onmicrosoft.com,Member,TRUE,,,
User Sync O365 Adconnect,usradconnect@icavecommx0.onmicrosoft.com,Member,,,,
usertest,usertest@icave.com.mx,Member,TRUE,Hutchison Ports ICAVE,,Subgerencia de Sistemas
Usuario Test Seguridad,test.userseg@icave.com.mx,Member,TRUE,,,
Usuario UAT Veronica,vero.user@icave.com.mx,Member,TRUE,Hutchison Ports ICAVE,,Infraestructura
Usuarios NGEN,usuarios.ngen@icavecommx0.onmicrosoft.com,Member,,,,
Vacios Mesa Tec,vaciosmesa.tec@icave.com.mx,Member,TRUE,Hutchison Ports ICAVE,,Gerencia de Operaciones
Valentín Pérez Pérez,perez.valentin@hutchisonports.com.mx,Member,TRUE,Hutchison Ports México,,Dirección de Finanzas y Administración
Valentine A Johnson,Johnson.Valentine@FHCBAHAMAS.COM,Member,TRUE,Freeport Harbour Company,,FHC Security Department
Valentino Johnson,johnson.valentino@fcpbahamas.com,Member,TRUE,Freeport Container Port,,FCP Operations Department
Valeria Cabiedes Garcia,cabiedes.valeria@icave.com.mx,Member,TRUE,Hutchison Ports ICAVE,,Gerencia Comercial
Valeria Fernanda Valero Ochoa,valeria.valero.ochoa_maersk.com#EXT#@icavecommx0.onmicrosoft.com,Guest,,,Invitation,
Valeria Galván Matos,pp.cml01@icave.com.mx,Member,TRUE,Hutchison Ports ICAVE,,Comercialización
Valeria Marquez Mina,marquez.valeria@tnghph.com.mx,Member,TRUE,Hutchison Ports TNG,,Engineering and Operational Development
Valery Abigail Cambara Gil,aprog8@icave.com.mx,Member,TRUE,Asesoría Técnica - Grupo CODA,,Gerencia de Administración
Validacion Facturas,validacion.facturas@icave.com.mx,Member,TRUE,Hutchison Ports México,,Dirección Ejecutiva HPH México
Validacion Facturas TI,validacion.ti@icave.com.mx,Member,FALSE,Hutchison Ports México,,Dirección de Finanzas y Administración
Validador CFDI,validadorcfdi@lctpc.com.mx,Member,TRUE,Hutchison Ports LCT,,
Vanesa Calderon Guzmán,calderon.vanesa@timsamx.com,Member,TRUE,Hutchison Ports TIMSA,,Subgerencia de Sistemas
Vanessa Grenard,vgrenard@ppc.com.pa,Member,TRUE,Panama Ports Company,,Recursos Humanos
Vanessa Jasmin Ozuna Felix,vozuna@enseit.com,Member,TRUE,Hutchison Ports EIT,,Proyecto nGEN
Vania Aguilar Soto,aguilar.vania@icave.com.mx,Member,TRUE,Hutchison Ports ICAVE,,Subgerencia de Recursos Humanos
Vania Morales Quibrera,morales.vania@tnghph.com.mx,Member,TRUE,Hutchison Ports TNG,,Production & Maintenance
Varonis LogoffDisabled,VarLogoff@FCPBS.COM,Member,TRUE,,,
Vasile.Maier,Vasile.Maier_mottmac.com#EXT#@icavecommx0.onmicrosoft.com,Guest,,,Invitation,
Veeam User for O365,veeamppc_o365@ppc.com.pa,Member,TRUE,Panama Ports Company,,Soluciones de Negocios
"Velazquez, Tania",Tania.Velazquez_marsh.com#EXT#@icavecommx0.onmicrosoft.com,Guest,,,Invitation,
Velia Patricia Delgado Rumais,delgado.velia@lctpc.com.mx,Member,TRUE,Hutchison Ports LCT,,Jefatura de Calidad
Velia Patricia Delgado Rumais LCMT,delgado.veliamt@lcmt.mx,Member,FALSE,Hutchison Ports LCMT,,
Veronica  Rodriguez,vrodriguez@ppc.com.pa,Member,TRUE,Panama Ports Company,,Cadena de Abastecimiento
Verónica Aguilar Villavicencio,vaguilarv@enseit.com,Member,TRUE,Hutchison Ports EIT,,Gerencia General
Veronica Avelino Guerra,avelino.veronica@timsamx.com,Member,TRUE,Hutchison Ports TIMSA,,Salud Ocupacional y Seguridad
Veronica Itzel Martinez Santos,martinez.veronica@icave.com.mx,Member,TRUE,Hutchison Ports ICAVE,,Centro Nacional de Nominas
Veronica Miller,miller.veronica@fhcbahamas.com,Member,TRUE,Freeport Harbour Company,,FHC Security Department
verosanchezbaldo,verosanchezbaldo_beclio.com.mx#EXT#@icavecommx0.onmicrosoft.com,Guest,,,Invitation,
vesselplanners,vesselplanners_puertoaguadulce.com#EXT#@icavecommx0.onmicrosoft.com,Guest,,,Invitation,
Vianca Itzel Lopez Ortiz,lopez.vianca@enseit.com,Member,TRUE,Facturación y Control de Ingresos,,Facturacion
Vianey Agame Malpica,vagame_conglobal.com#EXT#@icavecommx0.onmicrosoft.com,Guest,,,Invitation,
Vianey Monserrat Torres Pulido,torres.vianey@icave.com.mx,Member,TRUE,Hutchison Ports ICAVE,,Facturacion
Vibert Williams,vwilliams_bahamasstriping.com#EXT#@icavecommx0.onmicrosoft.com,Guest,,,Invitation,
Vicente  Arauz,varauz@ppc.com.pa,Member,TRUE,Panama Ports Company,,Operaciones
Vicente Carlos Alberto Guerrero Huerta,guerreroh.vicente@lctpc.com.mx,Member,TRUE,Hutchison Ports LCT,,Subgerencia de Ingeniería y Desarrollo
Vicente Pardo,vpardo@ppc.com.pa,Member,TRUE,Panama Ports Company,,Operaciones
Vicente Rodriguez,vorodriguez@ppc.com.pa,Member,TRUE,Panama Ports Company,,Operaciones
Victor Alfonso Quitano Huesca,quitano.victor@hutchisonports.com.mx,Member,TRUE,Hutchison Ports ICAVE,,Proyectos Corporativos de TI
Victor Andrade,vandrade_murillo.legal#EXT#@icavecommx0.onmicrosoft.com,Guest,,,Invitation,
Victor Arrieta Antonio,arrieta.victor@tnghph.com.mx,Member,TRUE,Hutchison Ports TNG,,Project Management
Victor Carrillo,vcarrillo@ppc.com.pa,Member,TRUE,Panama Ports Company,,Operaciones
Victor Diaz de los Santos,diaz.victor@lctpc.com.mx,Member,TRUE,Hutchison Ports LCT,,Subgerencia de Planeacion
Victor Dozal Ortiz,dozal.victor@tnghph.com.mx,Member,TRUE,Hutchison Ports TNG,,Integrated Management System
Victor H Baez Portilla,baez.victor@tnghph.com.mx,Member,TRUE,Hutchison Ports TNG,,Integrated Management System
Victor Herrera,vherrera@ppc.com.pa,Member,TRUE,Panama Ports Company,,Almacén
Victor Hugo Enriquez Calderón,enriquez.victor@tnghph.com.mx,Member,TRUE,Hutchison Ports TNG,,Tool Room
Victor Hugo Garcia Cortez,garcia.victor@icave.com.mx,Member,TRUE,Hutchison Ports ICAVE,,Gerencia de Operaciones
Victor Hugo Guerrero Diaz,guerrero.victor@timsamx.com,Member,TRUE,Hutchison Ports TIMSA,,Ingenieria y Desarrollo
Victor Hugo Rosas Corona,rosas.victor@lctpc.com.mx,Member,TRUE,Hutchison Ports LCT,,Jefatura de Proyectos e Innovacion
Victor Hugo Velez Garcia,velez.victor@tnghph.com.mx,Member,TRUE,Hutchison Ports TNG,,Information Technology
Victor Jimenez Ramirez,sup.tuberia@tnghph.com.mx,Member,TRUE,Hutchison Ports TNG,,Production & Maintenance
Victor Lezcano,vlezcano@ppc.com.pa,Member,TRUE,Panama Ports Company,,Operaciones
Víctor Manuel Lizárraga Millán,lizarraga.victor@enseit.com,Member,TRUE,Hutchison Ports ECV,,Operación Cruceros
Victor Manuel Martinez Lopez,martinez.victor@timsamx.com,Member,TRUE,Hutchison Ports TIMSA,,CONTROL TOWER
Victor Manuel Navarro Herrera,navarro.victor@lctpc.com.mx,Member,TRUE,Hutchison Ports LCT,,Jefatura de Vacios
Victor Manuel Rodriguez Lopez,rodriguez.victor@lctpc.com.mx,Member,TRUE,Hutchison Ports LCT,,Subgerencia  de Ingenieria y Desarrollo
Victor Manuel Vela Rodriguez,vela.victor@icave.com.mx,Member,TRUE,Hutchison Ports ICAVE,,Relaciones Laborales
Victor Manuel Vizcarra Duran,vvizcarra@enseit.com,Member,TRUE,Hutchison Ports EIT,,Mantenimiento
Victor Manuel Zamacona Rosales,zamacona.victor@lctpc.com.mx,Member,TRUE,Hutchison Ports LCT,,Jefatura de Proteccion Portuaria
Victor Manuel Zarate Garcia,zarate.victor@icave.com.mx,Member,TRUE,Hutchison Ports ICAVE,,Operaciones
Victor Molina Barreto,molina.victor@enseit.com,Member,TRUE,Hutchison Ports EIT,,Recursos Humanos
Victor Moreno Montes,vmoreno@enseit.com,Member,TRUE,Hutchison Ports EIT,,Administración de Riesgos
Víctor Olivos Baizabal,olivos.victor@tnghph.com.mx,Member,TRUE,Hutchison Ports TNG,,Information Technology
Victor Ortiz,vortiz@ppc.com.pa,Member,TRUE,Panama Ports Company,,Operaciones
Víctor Raul Infante Rizo,infante.victor@enseit.com,Member,TRUE,Hutchison Ports EIT,,Impuestos
Victor Zelaya,vzelaya@ppc.com.pa,Member,TRUE,Panama Ports Company,,Operaciones
Victoria Alvarez,valvarez@ppc.com.pa,Member,TRUE,Panama Ports Company,,Recursos Humanos
Victoria Lopez Ramirez,lopez.victoria@enseit.com,Member,TRUE,Hutchison Ports EIT,,Operaciones
Vidal Villalba,vivillalba@ppc.com.pa,Member,TRUE,Panama Ports Company,,Ingeniería
Vidalia Monserrat Ramos Guerra,ramos.vidalia@timsamx.com,Member,TRUE,Hutchison Ports TIMSA,,OPERACIONES PATIO
Violeta Rivera Colorado,rivera.violeta@icave.com.mx,Member,TRUE,Hutchison Ports ICAVE,,Proteccion Ambiental
Violeta Terron Fernandez,terron.violeta@tnghph.com.mx,Member,TRUE,Hutchison Ports TNG,,Engineering and Operational Development
Virgil Pinder,pinder.virgil@fcpbahamas.com,Member,TRUE,Freeport Container Port,,FCP Operations Department
Virgilio Garces Arango,garces.virgilio@timsamx.com,Member,TRUE,Hutchison Ports TIMSA,,Subgerencia de Ingenieria y Desarrollo
Virginia Diéguez Santiago,dieguez.virginia@lctpc.com.mx,Member,TRUE,Hutchison Ports LCT,,Jefatura de Vacios
Viridiana Prudencio Ruiz,prudencio.viridiana@timsamx.com,Member,TRUE,Hutchison Ports TIMSA,,Recursos Humanos
Viridiana Salazar Hernandez,salazar.viridiana@hutchisonlogistics.com.mx,Member,TRUE,Hutchison Ports Logistics México,,Comercial
VISITAS A LCT,VISITASALCT@icavecommx0.onmicrosoft.com,Member,,,,
Visitas a Terminal,VisitasaTerminal@icavecommx0.onmicrosoft.com,Member,,,,
Viviana Valencia Viveros,valencia.viviana@lctpc.com.mx,Member,TRUE,Hutchison Ports LCT,,Subgerencia de Servicios a la Carga
viviana.arreola@ferromex.mx,viviana.arreola_ferromex.mx#EXT#@icavecommx0.onmicrosoft.com,Guest,,,Invitation,
viviana.montiel,viviana.montiel_lpver.com#EXT#@icavecommx0.onmicrosoft.com,Guest,,,Invitation,
Vladimir Gonzalez,vgonzalez@ppc.com.pa,Member,TRUE,Panama Ports Company,,Operaciones
Volare Clarke,Clarke.Volare@FHCBAHAMAS.COM,Member,TRUE,Freeport Harbour Company,,FHC Marine Control Department
VSC ICAVE,vsc.icave@icavecommx0.onmicrosoft.com,Member,,,,
Walter  Aguilar,waguilar@ppc.com.pa,Member,TRUE,Panama Ports Company,,Almacén
Walter Delgado,wdelgado@ppc.com.pa,Member,TRUE,Panama Ports Company,,Seguridad Industrial
Walter Guevara,wguevara@ppc.com.pa,Member,TRUE,Panama Ports Company,,Operaciones
Warehouse Fueling,warehouse.fueling@fcpbahamas.com,Member,TRUE,,,FCP Finance Department
Warren Rolle,Rolle.Warren@fcpbahamas.com,Member,TRUE,Freeport Container Port,,FCP Security Department
WarRoom,warroom@icavecommx0.onmicrosoft.com,Member,,,,
Wayann Fox,fox.wayann@fhcbahamas.com,Member,TRUE,Freeport Harbour Company,,FHC Security Department
Wayne Thomas,thomas.wayne@fcpbahamas.com,Member,TRUE,Freeport Container Port,,FCP Operations Department
Wayne Thompson,thompson.wayne@fcpbahamas.com,Member,TRUE,Freeport Container Port,,Information Technology Department
webais,webais@FCPBS.COM,Member,TRUE,,,
Webmaster Tnghph,webmaster@tnghph.com.mx,Member,TRUE,Hutchison Ports TNG,,Customer Service and Customer Satisfaction
Wellington Kemp,kemp.wellington@fcpbahamas.com,Member,TRUE,Freeport Harbour Company,,Facilities Department
Wellington Kemp III,Kemp.Wellingtonm@fcpbahamas.com,Member,TRUE,Freeport Container Port,,FCP Operations Department
Wellington Longley,longley.wellington@fcpbahamas.com,Member,TRUE,Freeport Container Port,,FCP Operations Department
Wendi Sarai Cabrera Ceja,cabrera.wendi@timsamx.com,Member,TRUE,Hutchison Ports TIMSA,,Recursos Humanos
wendolyn.garcia,wendolyn.garcia_venturessoft.com#EXT#@icavecommx0.onmicrosoft.com,Guest,,,Invitation,
Wendy Adilene Arce Rangel,compras.servicios02@tilh.com.mx,Member,TRUE,Kelly Services,,Compras
Wendy Adriana Carmona Núñez,carmona.wendy@icave.com.mx,Member,TRUE,Hutchison Ports ICAVE,,Gerencia de Administración
Wendy Carolina Iñiguez  Garcia,winiguez@enseit.com,Member,TRUE,Hutchison Ports EIT,,Servicio al Cliente
Wendy Jazmin Munguia de la Cruz,munguia.wendy@enseit.com,Member,TRUE,Hutchison Ports EIT,,Facturación y Control de Ingresos
Whitney Smith,smith.whitney@fcpbahamas.com,Member,TRUE,Freeport Container Port,,FCP Finance Department
Wilfredo Barria,wbarria@ppc.com.pa,Member,TRUE,Panama Ports Company,,Ingeniería
Wilfrido de Jesús Osorio Paz,paz.jesus@hutchisonports.com.mx,Member,TRUE,Hutchison Ports México,,Gerencia de Operaciones
Williams Cabrera Arroyo,cabrera.williams@icave.com.mx,Member,TRUE,Hutchison Ports ICAVE,,Gerencia de Operaciones
Williams Cossio Guillen,cossio.williams@tnghph.com.mx,Member,TRUE,Hutchison Ports TNG,,Production & Maintenance
Wily Gómez Monraga,gomez.wily@icave.com.mx,Member,TRUE,Hutchison Ports ICAVE,,Gerencia de Operaciones
Withlene Alcime,alcime.whitlene@fcpbahamas.com,Member,TRUE,Freeport Container Port,,FCP Operations Department
Wixi Aramis Espinosa Perez,espinosa.wixi@timsamx.com,Member,TRUE,Hutchison Ports TIMSA,,Patio de Vacios
Wong.BoscoCH,Wong.BoscoCH_hutchisonports.com#EXT#@icavecommx0.onmicrosoft.com,Guest,,,Invitation,
wong.marcosf,wong.marcosf_hutchisonports.com#EXT#@icavecommx0.onmicrosoft.com,Guest,,,Invitation,
Wong.PeterHY,Wong.PeterHY_hutchisonports.com#EXT#@icavecommx0.onmicrosoft.com,Guest,,,Invitation,
wong.stephency,wong.stephency_hutchisonports.com#EXT#@icavecommx0.onmicrosoft.com,Guest,,,Invitation,
Workshop Data Security,datauser@icave.com.mx,Member,,,,
Xavier Young,xyoung@ppc.com.pa,Member,TRUE,Panama Ports Company,,Operaciones
"Xiao Peng Hou (Hutchison Ports, OPERATIONS)",Hou.XiaoPeng_hutchisonports.com#EXT#@icavecommx0.onmicrosoft.com,Guest,,,Invitation,
Ximena Serrano Carballo,serrano.ximena@tnghph.com.mx,Member,TRUE,Hutchison Ports TNG,,Integrated Management System
Xochilt Citlali Santana Cordova,santana.xochilt@timsamx.com,Member,TRUE,Hutchison Ports TIMSA,,Comercial
Xochitl Antonia Carbajal Inarrito,carbajal.xochitl@timsamx.com,Member,TRUE,Hutchison Ports TIMSA,,Mantenimiento
Yadira Montes De Oca Manzano,montesdeoca.yadira@timsamx.com,Member,TRUE,Hutchison Ports TIMSA,,Recursos Humanos
Yahel Humberto Antillon Zuñiga,yantillon@enseit.com,Member,TRUE,Hutchison Ports EIT,,Sistemas
Yahir Alexander Flores Huerta,flores.yahir@timsamx.com,Member,TRUE,Hutchison Ports TIMSA,,Vacios
Yahir Vasquez,yvasquez@ppc.com.pa,Member,TRUE,Panama Ports Company,,Operaciones
yahir.jimenez,yahir.jimenez_boskalis.com#EXT#@icavecommx0.onmicrosoft.com,Guest,,,Invitation,
Yair Padrón Acuña,padron.yair@tnghph.com.mx,Member,TRUE,Hutchison Ports TNG,,Tool Room
Yajaira Campos,ycampos@ppc.com.pa,Member,TRUE,Panama Ports Company,,Operaciones
Yamel Cardenas,ycardenas@ppc.com.pa,Member,TRUE,Panama Ports Company,,Ingeniería
Yamilecxi Ramos Carbajal,ramos.yamilecxi@lctpc.com.mx,Member,TRUE,Hutchison Ports LCT,,Subgerencia de Recursos Humanos
Yamitzel Moreno,ymoreno@ppc.com.pa,Member,TRUE,Panama Ports Company,,Proyectos e Infraestructura
"Yanelis Vergara (SEC, Contractor)",yvergara@ppc.com.pa,Member,TRUE,Panama Ports Company,,Protección y Seguridad
Yanett Cordova Mora,cordova.yanett@hutchisonports.com.mx,Member,TRUE,Hutchison Ports ICAVE,,Gerencia Senior de Recursos Humanos
Yaniza Jimenez,yjimenez@ppc.com.pa,Member,TRUE,Panama Ports Company,,Operaciones
Yara Sinai Gil López,gil.yara@timsamx.com,Member,TRUE,Hutchison Ports TIMSA,,Control Aduanero
Yard Supervisor FrontLine,yardsupervisor@ppc.com.pa,Member,TRUE,Panama Ports Company,,Operaciones
Yareli Monserrat Chacón Carbajal,chacon.yareli@timsamx.com,Member,TRUE,Hutchison Ports TIMSA,,Adquisiciones y Servicios
Yaremi Deyanira Palomo Solis,palomo.yaremi@timsamx.com,Member,TRUE,Hutchison Ports TIMSA,,Sistema Integrado de Gestion
Yaremis Frederick (SEC. Contractor),yfrederick@ppc.com.pa,Member,TRUE,Panama Ports Company,,Protección Portuaria
"Yarielkis Sosa (SEC, Contractor)",ysosa@ppc.com.pa,Member,TRUE,Panama Ports Company,,Protección Portuaria
Yaris Amar Ciprian Flores,ciprian.yaris@timsamx.com,Member,TRUE,Hutchison Ports TIMSA,,Puerta de Entrada
"Yaris Viggiano (SEC, Contractor)",yviggiano@ppc.com.pa,Member,TRUE,Panama Ports Company,,Protección Portuaria
Yaristel  Batista,ybatista@ppc.com.pa,Member,TRUE,Panama Ports Company,,Recursos Humanos
Yaritza Buitrago,ybuitrago@ppc.com.pa,Member,TRUE,Panama Ports Company,,Seguridad Industrial
Yaritza Isela Toral Rivera,tngreporte2@tnghph.com.mx,Member,TRUE,Hutchison Ports TNG,,Information Technology
Yasmin Reyes Solano,reyes.yasmin@hutchisonports.com.mx,Member,TRUE,Hutchison Ports México,,Dirección de Finanzas y Administración
"Yasmira Valencia (SEC, Contractor)",yvalencia@ppc.com.pa,Member,TRUE,Panama Ports Company,,Protección y Seguridad
Yassir Rojas,yrojas@ppc.com.pa,Member,TRUE,Panama Ports Company,,Operaciones
Yatzuri  Diaz,ydiaz@ppc.com.pa,Member,TRUE,Panama Ports Company,,Seguridad Industrial
Yazmin Valeria Barroso Martínez,barroso.yazmin@icave.com.mx,Member,TRUE,Hutchison Ports ICAVE,,Gerencia de Comercialización ICAVE
Yeimy Rodriguez Rodriguez,compras.servicios@tilh.com.mx,Member,TRUE,Kelly Services,,Jefatura de Administración Aduanal
"Yeison Gonzalez (OP, Contractor)",yegonzalez@ppc.com.pa,Member,TRUE,Panama Ports Company,,Operaciones
Yelal Sheibani Salas Aguilar,salas.yelal@icave.com.mx,Member,TRUE,Hutchison Ports ICAVE,,Gerencia de Operaciones
Yelenis Sucre,ysucre@ppc.com.pa,Member,TRUE,Panama Ports Company,,Recursos Humanos
Yelitza Magdalena Huerta Angelina,huerta.yelitza@timsamx.com,Member,TRUE,Hutchison Ports TIMSA,,Contabilidad
Yeraldine del Carmen Alvarez Rodriguez,alvarez.yeraldine@timsamx.com,Member,TRUE,Hutchison Ports TIMSA,,Comercializacion
Yeraldy Beatriz Solis Romero,auxiliar.rp@hutchisonports.com.mx,Member,TRUE,Asesoría - Manpower,,Dirección Ejecutiva HPH México
Yerel Gonzalez,ygonzalez@ppc.com.pa,Member,TRUE,Panama Ports Company,,Cadena de Abastecimiento
Yesenia Anahi Gonzalez Ahumada,gonzalez.yesenia@timsamx.com,Member,TRUE,Hutchison Ports TIMSA,,Torre de control
Yesenia María Aguilar Piedra,aguilar.yesenia@lctpc.com.mx,Member,TRUE,Hutchison Ports LCT,,Jefatura de Sosypa
Yesica Espinosa,yespinosa@ppc.com.pa,Member,TRUE,Panama Ports Company,,Finanzas
Yessica Huerta Álvarez,huerta.yessica@icave.com.mx,Member,TRUE,Hutchison Ports ICAVE,,Gerencia de Operaciones
yessica.ruvalcaba,yessica.ruvalcaba_brivesoluciones.com#EXT#@icavecommx0.onmicrosoft.com,Guest,,,Invitation,
Yeyka Prado,yprado@ppc.com.pa,Member,TRUE,Panama Ports Company,,Proteccion y Seguridad
ymadris,ymadris_evergreen-shipping.com.mx#EXT#@icavecommx0.onmicrosoft.com,Guest,,,Invitation,
Yohixa De Gracia,ydegracia@ppc.com.pa,Member,TRUE,Panama Ports Company,,Ingeniería
"Yoisibeth Moreno (SEC, Contractor)",yomoreno@ppc.com.pa,Member,TRUE,Panama Ports Company,,Protección Portuaria
Yolanda Avila Osorio,avila.yolanda@tilh.com.mx,Member,TRUE,Hutchison Ports TILH,,Contable Fiscal
Yolanda Flores Dominguez,flores.yolanda@timsamx.com,Member,TRUE,Hutchison Ports TIMSA,,Contabilidad
Yomar Bradiel,ybradiel@ppc.com.pa,Member,TRUE,Panama Ports Company,,Ingeniería
Yoric Lowe,Lowe.Yoric@fcpbahamas.com,Member,TRUE,Freeport Container Port,,FCP Operations Department
Yorick Butler,Butler.Yorick@fcpbahamas.com,Member,TRUE,Freeport Container Port,,FCP Finance Department
Yosbet Fernando Salva Aguilar,salva.yosbet@lctpc.com.mx,Member,TRUE,Hutchison Ports LCT,,Subgerencia de Planeacion
Yostin Martinez,ymartinez@ppc.com.pa,Member,TRUE,Panama Ports Company,,Operaciones
Yotcemari Monrroy,ymonrroy@ppc.com.pa,Member,TRUE,Panama Ports Company,,Proyectos e Infraestructura
Yoy Young,yoyoung@ppc.com.pa,Member,TRUE,Panama Ports Company,,Operaciones
Yozue Vejarano,yvejarano@ppc.com.pa,Member,TRUE,Panama Ports Company,,Operaciones
Yuleni Sarahi Hernandez Estrada,hernandez.yuleni@timsamx.com,Member,TRUE,Hutchison Ports TIMSA,,Ingresos
Yuridia Elvira Molina,elvira.yuridia@hutchisonlogistics.com.mx,Member,TRUE,Hutchison Ports Logistics México,,Finanzas
Yuritza Garibaldy,ygaribaldy@ppc.com.pa,Member,TRUE,Panama Ports Company,,Almacén
"Yuviana Cuestas (SEC, Contractor)",ycuesta@ppc.com.pa,Member,TRUE,Panama Ports Company,,Proteccion y Seguridad
Zacarias Rodriguez,zrodriguez@ppc.com.pa,Member,TRUE,Panama Ports Company,,Recursos Humanos
Zachico Hernández Sánchez,hernandez.zachico@lctpc.com.mx,Member,TRUE,Hutchison Ports LCT,,Jefatura de Control Aduanero
Zaida Alicia Gálvez Escamilla,galvez.zaida@hutchisonports.com.mx,Member,TRUE,Hutchison Ports México,,Dirección de Finanzas y Administración
Zaira Andrea Nava Chavez,nava.zaira@lctpc.com.mx,Member,TRUE,Hutchison Ports LCT,,Jefatura de Vacios
Zal Pob,zpob@ppc.com.pa,Member,TRUE,Panama Ports Company,,Direccion de Operaciones
Zayra Hernández Pulido,hernandez.zayra@hutchisonports.com.mx,Member,TRUE,Hutchison Ports ICAVE,,Gerencia de Operaciones
Zayra Ivette Vences Padilla,vences.zayra@timsamx.com,Member,TRUE,Hutchison Ports TIMSA,,Tim-Maniobras y Operaciones Portuarias
Zayuri Aikman,zaikman@ppc.com.pa,Member,TRUE,Panama Ports Company,,Recursos Humanos
Zenón Ramos Navarrete,ramos.zenon@icave.com.mx,Member,TRUE,Hutchison Ports ICAVE,,Gerencia General
Zita Orozco Medina,orozco.zita@hutchisonports.com.mx,Member,TRUE,Hutchison Ports México,,Dirección de Comercialización
ZoomAdmin,zoomadmin@ppc.com.pa,Member,,,,
Zulema Jazmin Morales Gaytan,morales.zulema@timsamx.com,Member,TRUE,Hutchison Ports TIMSA,,Calidad Seguridad y Protección Ambiental
Zuleyma Barrios,zbarrios@ppc.com.pa,Member,TRUE,Panama Ports Company,,Direccion de Operaciones
Zuleyma Hernandez Gonzalez,documentador.fact1@icave.com.mx,Member,TRUE,Smart Administración y Soporte S.A. de C,,Gerencia de Administración
"Zulibeth Franceschi (SEC, Contractor)",zfranceschi@ppc.com.pa,Member,TRUE,Panama Ports Company,,Protección y Seguridad
